id,title,crew,homepage,tags
862,Toy Story,JohnLasseter,http://toystory.disney.com/toy-story,"['Led', 'by', 'Woody,', ""Andy's"", 'toys', 'live', 'happily', 'in', 'his', 'room', 'until', ""Andy's"", 'birthday', 'brings', 'Buzz', 'Lightyear', 'onto', 'the', 'scene.', 'Afraid', 'of', 'losing', 'his', 'place', 'in', ""Andy's"", 'heart,', 'Woody', 'plots', 'against', 'Buzz.', 'But', 'when', 'circumstances', 'separate', 'Buzz', 'and', 'Woody', 'from', 'their', 'owner,', 'the', 'duo', 'eventually', 'learns', 'to', 'put', 'aside', 'their', 'differences.', 'Animation', 'Comedy', 'Family']"
710,GoldenEye,MartinCampbell,http://www.mgm.com/view/movie/757/Goldeneye/,"['James', 'Bond', 'must', 'unmask', 'the', 'mysterious', 'head', 'of', 'the', 'Janus', 'Syndicate', 'and', 'prevent', 'the', 'leader', 'from', 'utilizing', 'the', 'GoldenEye', 'weapons', 'system', 'to', 'inflict', 'devastating', 'revenge', 'on', 'Britain.', 'Adventure', 'Action', 'Thriller']"
10634,Friday,F.GaryGray,http://www.newline.com/properties/friday.html,"['Craig', 'and', 'Smokey', 'are', 'two', 'guys', 'in', 'Los', 'Angeles', 'hanging', 'out', 'on', 'their', 'porch', 'on', 'a', 'Friday', 'afternoon,', 'smoking', 'and', 'drinking,', 'looking', 'for', 'something', 'to', 'do.', 'Comedy']"
755,From Dusk Till Dawn,RobertRodriguez,http://www.miramax.com/movie/from-dusk-till-dawn/,"['Seth', 'Gecko', 'and', 'his', 'younger', 'brother', 'Richard', 'are', 'on', 'the', 'run', 'after', 'a', 'bloody', 'bank', 'robbery', 'in', 'Texas.', 'They', 'escape', 'across', 'the', 'border', 'into', 'Mexico', 'and', 'will', 'be', 'home-free', 'the', 'next', 'morning,', 'when', 'they', 'pay', 'off', 'the', 'local', 'kingpin.', 'They', 'just', 'have', 'to', 'survive', ""'from"", 'dusk', 'till', ""dawn'"", 'at', 'the', 'rendezvous', 'point,', 'which', 'turns', 'out', 'to', 'be', 'a', 'Hell', 'of', 'a', 'strip', 'joint.', 'Horror', 'Action', 'Thriller', 'Crime']"
5894,Blue in the Face,PaulAuster,http://miramax.com/movie/blue-in-the-face/,"['Auggie', 'runs', 'a', 'small', 'tobacco', 'shop', 'in', 'Brooklyn,', 'New', 'York.', 'The', 'whole', 'neighborhood', 'comes', 'to', 'visit', 'him', 'to', 'buy', 'cigarettes', 'and', 'have', 'some', 'small', 'talk.', 'During', 'the', 'movie', 'Lou', 'Reed', 'tries', 'to', 'explain', 'why', 'he', 'has', 'to', 'have', 'a', 'cut', 'on', 'his', 'health', 'insurance', 'bill', 'if', 'he', 'keeps', 'smoking', 'and', 'Madonna', 'acts', 'as', 'a', 'Singing', 'Telegram.', 'Comedy']"
9070,Mighty Morphin Power Rangers: The Movie,BryanSpicer,http://www.powerrangers.com/,"['Power', 'up', 'with', 'six', 'incredible', 'teens', 'who', 'out-maneuver', 'and', 'defeat', 'evil', 'everywhere', 'as', 'the', 'Mighty', 'Morphin', 'Power', 'Ranger,', 'But', 'this', 'time', 'the', 'Power', 'Rangers', 'may', 'have', 'met', 'their', 'match,', 'when', 'they', 'face', 'off', 'with', 'the', 'most', 'sinister', 'monster', 'the', 'galaxy', 'has', 'ever', 'seen.', 'Action', 'Adventure', 'ScienceFiction', 'Family', 'Fantasy']"
2292,Clerks,KevinSmith,http://www.miramax.com/movie/clerks/,"['Convenience', 'and', 'video', 'store', 'clerks', 'Dante', 'and', 'Randal', 'are', 'sharp-witted,', 'potty-mouthed', 'and', 'bored', 'out', 'of', 'their', 'minds.', 'So', 'in', 'between', 'needling', 'customers,', 'the', 'counter', 'jockeys', 'play', 'hockey', 'on', 'the', 'roof,', 'visit', 'a', 'funeral', 'home', 'and', 'deal', 'with', 'their', 'love', 'lives.', 'Comedy']"
11,Star Wars,GeorgeLucas,http://www.starwars.com/films/star-wars-episode-iv-a-new-hope,"['Princess', 'Leia', 'is', 'captured', 'and', 'held', 'hostage', 'by', 'the', 'evil', 'Imperial', 'forces', 'in', 'their', 'effort', 'to', 'take', 'over', 'the', 'galactic', 'Empire.', 'Venturesome', 'Luke', 'Skywalker', 'and', 'dashing', 'captain', 'Han', 'Solo', 'team', 'together', 'with', 'the', 'loveable', 'robot', 'duo', 'R2-D2', 'and', 'C-3PO', 'to', 'rescue', 'the', 'beautiful', 'princess', 'and', 'restore', 'peace', 'and', 'justice', 'in', 'the', 'Empire.', 'Adventure', 'Action', 'ScienceFiction']"
22586,The Swan Princess,RichardRich,http://www.sonypictures.com/movies/theswanprincess/,"['The', 'beautiful', 'princess', 'Odette', 'is', 'transformed', 'into', 'a', 'swan', 'by', 'an', 'evil', ""sorcerer's"", 'spell.', 'Held', 'captive', 'at', 'an', 'enchanted', 'lake,', 'she', 'befriends', 'Jean-Bob', 'the', 'frog,', 'Speed', 'the', 'turtle', 'and', 'Puffin', 'the', 'bird.', 'Despite', 'their', 'struggle', 'to', 'keep', 'the', 'princess', 'safe,', 'these', 'good-natured', 'creatures', 'can', 'do', 'nothing', 'about', 'the', ""sorcerer's"", 'spell,', 'which', 'can', 'only', 'be', 'broken', 'by', 'a', 'vow', 'of', 'everlasting', 'love.', 'Animation']"
8587,The Lion King,RogerAllers,http://movies.disney.com/the-lion-king,"['A', 'young', 'lion', 'cub', 'named', 'Simba', ""can't"", 'wait', 'to', 'be', 'king.', 'But', 'his', 'uncle', 'craves', 'the', 'title', 'for', 'himself', 'and', 'will', 'stop', 'at', 'nothing', 'to', 'get', 'it.', 'Family', 'Animation', 'Drama']"
329,Jurassic Park,StevenSpielberg,http://www.jurassicpark.com/,"['A', 'wealthy', 'entrepreneur', 'secretly', 'creates', 'a', 'theme', 'park', 'featuring', 'living', 'dinosaurs', 'drawn', 'from', 'prehistoric', 'DNA.', 'Before', 'opening', 'day,', 'he', 'invites', 'a', 'team', 'of', 'experts', 'and', 'his', 'two', 'eager', 'grandchildren', 'to', 'experience', 'the', 'park', 'and', 'help', 'calm', 'anxious', 'investors.', 'However,', 'the', 'park', 'is', 'anything', 'but', 'amusing', 'as', 'the', 'security', 'systems', 'go', 'off-line', 'and', 'the', 'dinosaurs', 'escape.', 'Adventure', 'ScienceFiction']"
78,Blade Runner,RidleyScott,http://www.warnerbros.com/blade-runner,"['In', 'the', 'smog-choked', 'dystopian', 'Los', 'Angeles', 'of', '2019,', 'blade', 'runner', 'Rick', 'Deckard', 'is', 'called', 'out', 'of', 'retirement', 'to', 'terminate', 'a', 'quartet', 'of', 'replicants', 'who', 'have', 'escaped', 'to', 'Earth', 'seeking', 'their', 'creator', 'for', 'a', 'way', 'to', 'extend', 'their', 'short', 'life', 'spans.', 'ScienceFiction', 'Drama', 'Thriller']"
771,Home Alone,ChrisColumbus,https://www.foxconnect.com/home-alone-4.html,"['Eight-year-old', 'Kevin', 'McCallister', 'makes', 'the', 'most', 'of', 'the', 'situation', 'after', 'his', 'family', 'unwittingly', 'leaves', 'him', 'behind', 'when', 'they', 'go', 'on', 'Christmas', 'vacation.', 'But', 'when', 'a', 'pair', 'of', 'bungling', 'burglars', 'set', 'their', 'sights', 'on', ""Kevin's"", 'house,', 'the', 'plucky', 'kid', 'stands', 'ready', 'to', 'defend', 'his', 'territory.', 'By', 'planting', 'booby', 'traps', 'galore,', 'adorably', 'mischievous', 'Kevin', 'stands', 'his', 'ground', 'as', 'his', 'frantic', 'mother', 'attempts', 'to', 'race', 'home', 'before.', 'Comedy', 'Family']"
812,Aladdin,RonClements,http://movies.disney.com/aladdin,"['Princess', 'Jasmine', 'grows', 'tired', 'of', 'being', 'forced', 'to', 'remain', 'in', 'the', 'palace', 'and', 'she', 'sneaks', 'out', 'into', 'the', 'marketplace', 'in', 'disguise', 'where', 'she', 'meets', 'street-urchin', 'Aladdin', 'and', 'the', 'two', 'fall', 'in', 'love,', 'although', 'she', 'may', 'only', 'marry', 'a', 'prince.', 'After', 'being', 'thrown', 'in', 'jail,', 'Aladdin', 'and', 'becomes', 'embroiled', 'in', 'a', 'plot', 'to', 'find', 'a', 'mysterious', 'lamp', 'with', 'which', 'the', 'evil', 'Jafar', 'hopes', 'to', 'rule', 'the', 'land.', 'Animation', 'Family', 'Comedy', 'Adventure', 'Fantasy', 'Romance']"
10020,Beauty and the Beast,GaryTrousdale,http://disney.go.com/disneyvideos/animatedfilms/beauty/?cmp=dcom_VAN_WDSHE_BEA_van_batb__Extl,"['Follow', 'the', 'adventures', 'of', 'Belle,', 'a', 'bright', 'young', 'woman', 'who', 'finds', 'herself', 'in', 'the', 'castle', 'of', 'a', 'prince', ""who's"", 'been', 'turned', 'into', 'a', 'mysterious', 'beast.', 'With', 'the', 'help', 'of', 'the', ""castle's"", 'enchanted', 'staff,', 'Belle', 'soon', 'learns', 'the', 'most', 'important', 'lesson', 'of', 'all', '--', 'that', 'true', 'beauty', 'comes', 'from', 'within.', 'Romance', 'Family', 'Animation', 'Fantasy', 'Music']"
954,Mission: Impossible,BrianDePalma,http://www.missionimpossible.com/,"['When', 'Ethan', 'Hunt,', 'the', 'leader', 'of', 'a', 'crack', 'espionage', 'team', 'whose', 'perilous', 'operation', 'has', 'gone', 'awry', 'with', 'no', 'explanation,', 'discovers', 'that', 'a', 'mole', 'has', 'penetrated', 'the', 'CIA,', ""he's"", 'surprised', 'to', 'learn', 'that', ""he's"", 'the', 'No.', '1', 'suspect.', 'To', 'clear', 'his', 'name,', 'Hunt', 'now', 'must', 'ferret', 'out', 'the', 'real', 'double', 'agent', 'and,', 'in', 'the', 'process,', 'even', 'the', 'score.', 'Adventure', 'Action', 'Thriller']"
532,A Close Shave,NickPark,http://www.wallaceandgromit.com/films/a-close-shave,"['Wallace', 'falls', 'in', 'love', 'with', 'wool-shop', 'owner', 'Wendolene,', 'not', 'suspecting', 'that', 'she', '(or', 'rather,', 'her', 'dog)', 'is', 'at', 'the', 'head', 'of', 'a', 'fiendish', 'sheep-rustling', 'plot.', 'Gromit', 'is', 'set', 'up', 'and', 'jailed,', 'but', 'his', 'new-found', 'sheepish', 'friend', 'is', 'determine', 'to', 'give', 'Wallace', 'a', 'helping', 'hand', 'in', 'finding', 'out', 'the', 'real', 'truth.', 'Family', 'Animation', 'Comedy']"
77771,Touki Bouki,DjibrilDiopMambéty,http://worldcinemafoundation.org/films/touki-bouki,"['A', 'cowherd', 'with', 'a', 'skull-mounted', 'motorcycle', 'and', 'a', 'university', 'student', 'meet', 'in', 'Dakar;', 'put', 'off', 'by', 'life', 'in', 'Senegal,', 'they', 'plan', 'to', 'make', 'money', 'in', 'Paris.', 'Drama', 'Romance']"
627,Trainspotting,DannyBoyle,http://www.miramax.com/movie/trainspotting/,"['Renton,', 'deeply', 'immersed', 'in', 'the', 'Edinburgh', 'drug', 'scene,', 'tries', 'to', 'clean', 'up', 'and', 'get', 'out,', 'despite', 'the', 'allure', 'of', 'the', 'drugs', 'and', 'influence', 'of', 'friends.', 'Drama', 'Crime']"
10061,Escape from L.A.,JohnCarpenter,http://www.theofficialjohncarpenter.com/escape-from-la/,"['This', 'time,', 'a', 'cataclysmic', 'temblor', 'hits', 'Los', 'Angeles,', 'turning', 'it', 'into', 'an', 'island.', 'The', 'president', 'views', 'the', 'quake', 'as', 'a', 'sign', 'from', 'above,', 'expels', 'Los', 'Angeles', 'from', 'the', 'country', 'and', 'makes', 'it', 'a', 'penal', 'colony', 'for', 'those', 'found', 'guilty', 'of', 'moral', 'crimes.', 'When', 'his', 'daughter,', 'part', 'of', 'a', 'resistance', 'movement,', 'steals', 'the', 'control', 'unit', 'for', 'a', 'doomsday', 'weapon,', 'Snake', 'again', 'gets', 'tapped', 'to', 'save', 'the', 'day.', 'Action', 'Adventure', 'ScienceFiction', 'Thriller']"
238,The Godfather,FrancisFordCoppola,http://www.thegodfather.com/,"['Spanning', 'the', 'years', '1945', 'to', '1955,', 'a', 'chronicle', 'of', 'the', 'fictional', 'Italian-American', 'Corleone', 'crime', 'family.', 'When', 'organized', 'crime', 'family', 'patriarch,', 'Vito', 'Corleone', 'barely', 'survives', 'an', 'attempt', 'on', 'his', 'life,', 'his', 'youngest', 'son,', 'Michael', 'steps', 'in', 'to', 'take', 'care', 'of', 'the', 'would-be', 'killers,', 'launching', 'a', 'campaign', 'of', 'bloody', 'revenge.', 'Drama', 'Crime']"
11224,Cinderella,ClydeGeronimi,http://movies.disney.com/cinderella-1950,"['Cinderella', 'has', 'faith', 'her', 'dreams', 'of', 'a', 'better', 'life', 'will', 'come', 'true.', 'With', 'help', 'from', 'her', 'loyal', 'mice', 'friends', 'and', 'a', 'wave', 'of', 'her', 'Fairy', ""Godmother's"", 'wand,', ""Cinderella's"", 'rags', 'are', 'magically', 'turned', 'into', 'a', 'glorious', 'gown', 'and', 'off', 'she', 'goes', 'to', 'the', 'Royal', 'Ball.', 'But', 'when', 'the', 'clock', 'strikes', 'midnight,', 'the', 'spell', 'is', 'broken,', 'leaving', 'a', 'single', 'glass', 'slipper...', 'the', 'only', 'key', 'to', 'the', 'ultimate', 'fairy-tale', 'ending!', 'Family', 'Fantasy', 'Animation', 'Romance']"
15947,The Three Caballeros,WilliamRoberts,http://movies.disney.com/the-three-caballeros,"['For', ""Donald's"", 'birthday', 'he', 'receives', 'a', 'box', 'with', 'three', 'gifts', 'inside.', 'The', 'gifts,', 'a', 'movie', 'projector,', 'a', 'pop-up', 'book,', 'and', 'a', 'pinata,', 'each', 'take', 'Donald', 'on', 'wild', 'adventures', 'through', 'Mexico', 'and', 'South', 'America.', 'Animation', 'Family', 'Music']"
10948,The Fox and the Hound,TedBerman,http://movies.disney.com/the-fox-and-the-hound,"['When', 'a', 'feisty', 'little', 'fox', 'named', 'Tod', 'is', 'adopted', 'into', 'a', 'farm', 'family,', 'he', 'quickly', 'becomes', 'friends', 'with', 'a', 'fun', 'and', 'adorable', 'hound', 'puppy', 'named', 'Copper.', 'Life', 'is', 'full', 'of', 'hilarious', 'adventures', 'until', 'Copper', 'is', 'expected', 'to', 'take', 'on', 'his', 'role', 'as', 'a', 'hunting', 'dog', '--', 'and', 'the', 'object', 'of', 'his', 'search', 'is', 'his', 'best', 'friend!', 'Adventure', 'Animation', 'Drama', 'Family']"
11238,Aladdin and the King of Thieves,TadStones,http://movies.disney.com/aladdin-and-the-king-of-thieves,"['Legendary', 'secrets', 'are', 'revealed', 'as', 'Aladdin', 'and', 'his', 'friends—Jasmine,', 'Abu,', 'Carpet', 'and,', 'of', 'course,', 'the', 'always', 'entertaining', 'Genie—face', 'all', 'sorts', 'of', 'terrifying', 'threats', 'and', 'make', 'some', 'exciting', 'last-minute', 'escapes', 'pursuing', 'the', 'King', 'Of', 'Thieves', 'and', 'his', 'villainous', 'crew.', 'Adventure', 'Animation', 'Family']"
88,Dirty Dancing,EmileArdolino,http://lionsgateathome.com/dirty-dancing,"['Expecting', 'the', 'usual', 'tedium', 'that', 'accompanies', 'a', 'summer', 'in', 'the', 'Catskills', 'with', 'her', 'family,', '17-year-old', 'Frances', ""'Baby'"", 'Houseman', 'is', 'surprised', 'to', 'find', 'herself', 'stepping', 'into', 'the', 'shoes', 'of', 'a', 'professional', 'hoofer', '–', 'and', 'unexpectedly', 'falling', 'in', 'love.', 'Drama', 'Music', 'Romance']"
402,Basic Instinct,PaulVerhoeven,https://www.sonymoviechannel.com/movies/basic-instinct,"['A', 'police', 'detective', 'is', 'in', 'charge', 'of', 'the', 'investigation', 'of', 'a', 'brutal', 'murder,', 'in', 'which', 'a', 'beautiful', 'and', 'seductive', 'woman', 'could', 'be', 'involved.', 'Thriller', 'Mystery']"
1103,Escape from New York,JohnCarpenter,http://www.theofficialjohncarpenter.com/escape-from-new-york/,"['In', '1997,', 'the', 'island', 'of', 'Manhattan', 'has', 'been', 'walled', 'off', 'and', 'turned', 'into', 'a', 'giant', 'maximum', 'security', 'prison', 'within', 'which', 'the', ""country's"", 'worst', 'criminals', 'are', 'left', 'to', 'form', 'their', 'own', 'anarchic', 'society.', 'However,', 'when', 'the', 'President', 'of', 'the', 'United', 'States', 'crash', 'lands', 'on', 'the', 'island,', 'the', 'authorities', 'turn', 'to', 'a', 'former', 'soldier', 'and', 'current', 'convict,', 'Snake', 'Plissken,', 'to', 'rescue', 'him.', 'ScienceFiction', 'Action']"
531,The Wrong Trousers,NickPark,http://www.wallaceandgromit.com/films/the-wrong-trousers,"['Gromit', 'finds', 'himself', 'being', 'pushed', 'out', 'of', 'his', 'room', 'and', 'home', 'by', 'a', 'new', 'lodger', 'who', 'is', 'actually', 'a', 'ruthless', 'criminal', '(and', 'a', 'small', 'penguin).', 'The', 'penguin', 'is', 'planning', 'a', 'robbery', 'and', 'needs', 'to', 'use', 'Wallace', 'and', 'his', 'mechanical', 'remote', 'controlled', 'trousers', 'to', 'pull', 'off', 'the', 'raid.', 'However,', 'Gromit', 'is', 'wise', 'to', 'the', 'penguin', 'and', 'comes', 'to', 'the', 'rescue.', 'Animation', 'Comedy', 'Family']"
1891,The Empire Strikes Back,IrvinKershner,http://www.starwars.com/films/star-wars-episode-v-the-empire-strikes-back,"['The', 'epic', 'saga', 'continues', 'as', 'Luke', 'Skywalker,', 'in', 'hopes', 'of', 'defeating', 'the', 'evil', 'Galactic', 'Empire,', 'learns', 'the', 'ways', 'of', 'the', 'Jedi', 'from', 'aging', 'master', 'Yoda.', 'But', 'Darth', 'Vader', 'is', 'more', 'determined', 'than', 'ever', 'to', 'capture', 'Luke.', 'Meanwhile,', 'rebel', 'leader', 'Princess', 'Leia,', 'cocky', 'Han', 'Solo,', 'Chewbacca,', 'and', 'droids', 'C-3PO', 'and', 'R2-D2', 'are', 'thrown', 'into', 'various', 'stages', 'of', 'capture,', 'betrayal', 'and', 'despair.', 'Adventure', 'Action', 'ScienceFiction']"
85,Raiders of the Lost Ark,StevenSpielberg,http://www.indianajones.com,"['When', 'Dr.', 'Indiana', 'Jones', '–', 'the', 'tweed-suited', 'professor', 'who', 'just', 'happens', 'to', 'be', 'a', 'celebrated', 'archaeologist', '–', 'is', 'hired', 'by', 'the', 'government', 'to', 'locate', 'the', 'legendary', 'Ark', 'of', 'the', 'Covenant,', 'he', 'finds', 'himself', 'up', 'against', 'the', 'entire', 'Nazi', 'regime.', 'Adventure', 'Action']"
429,"The Good, the Bad and the Ugly",SergioLeone,"http://www.mgm.com/#/our-titles/766/The-Good,-the-Bad-and-the-Ugly","['While', 'the', 'Civil', 'War', 'rages', 'between', 'the', 'Union', 'and', 'the', 'Confederacy,', 'three', 'men', '–', 'a', 'quiet', 'loner,', 'a', 'ruthless', 'hit', 'man', 'and', 'a', 'Mexican', 'bandit', '–', 'comb', 'the', 'American', 'Southwest', 'in', 'search', 'of', 'a', 'strongbox', 'containing', '$200,000', 'in', 'stolen', 'gold.', 'Western']"
1892,Return of the Jedi,RichardMarquand,http://www.starwars.com/films/star-wars-episode-vi-return-of-the-jedi,"['As', 'Rebel', 'leaders', 'map', 'their', 'strategy', 'for', 'an', 'all-out', 'attack', 'on', 'the', ""Emperor's"", 'newer,', 'bigger', 'Death', 'Star.', 'Han', 'Solo', 'remains', 'frozen', 'in', 'the', 'cavernous', 'desert', 'fortress', 'of', 'Jabba', 'the', 'Hutt,', 'the', 'most', 'loathsome', 'outlaw', 'in', 'the', 'universe,', 'who', 'is', 'also', 'keeping', 'Princess', 'Leia', 'as', 'a', 'slave', 'girl.', 'Now', 'a', 'master', 'of', 'the', 'Force,', 'Luke', 'Skywalker', 'rescues', 'his', 'friends,', 'but', 'he', 'cannot', 'become', 'a', 'true', 'Jedi', 'Knight', 'until', 'he', 'wages', 'his', 'own', 'crucial', 'battle', 'against', 'Darth', 'Vader,', 'who', 'has', 'sworn', 'to', 'win', 'Luke', 'over', 'to', 'the', 'dark', 'side', 'of', 'the', 'Force.', 'Adventure', 'Action', 'ScienceFiction']"
348,Alien,RidleyScott,https://www.facebook.com/alienanthology/,"['During', 'its', 'return', 'to', 'the', 'earth,', 'commercial', 'spaceship', 'Nostromo', 'intercepts', 'a', 'distress', 'signal', 'from', 'a', 'distant', 'planet.', 'When', 'a', 'three-member', 'team', 'of', 'the', 'crew', 'discovers', 'a', 'chamber', 'containing', 'thousands', 'of', 'eggs', 'on', 'the', 'planet,', 'a', 'creature', 'inside', 'one', 'of', 'the', 'eggs', 'attacks', 'an', 'explorer.', 'The', 'entire', 'crew', 'is', 'unaware', 'of', 'the', 'impending', 'nightmare', 'set', 'to', 'descend', 'upon', 'them', 'when', 'the', 'alien', 'parasite', 'planted', 'inside', 'its', 'unfortunate', 'host', 'is', 'birthed.', 'Horror', 'Action', 'Thriller', 'ScienceFiction']"
530,A Grand Day Out,NickPark,http://www.wallaceandgromit.com/films/a-grand-day-out,"['Wallace', 'and', 'Gromit', 'have', 'run', 'out', 'of', 'cheese', 'and', 'this', 'provides', 'an', 'excellent', 'excuse', 'for', 'the', 'animated', 'duo', 'to', 'take', 'their', 'holiday', 'on', 'the', 'moon,', 'where,', 'as', 'everyone', 'knows,', 'there', 'is', 'ample', 'cheese.', 'The', 'moon', 'is', 'inhabited', 'by', 'a', 'mechanical', 'caretaker,', 'who', 'is', 'not', 'too', 'happy', 'about', 'the', 'two', 'visitors', 'from', 'earth', 'that', 'nibble', 'on', 'the', 'moon.', 'Adventure', 'Animation', 'Comedy', 'ScienceFiction', 'Family']"
218,The Terminator,JamesCameron,http://www.mgm.com/#/our-titles/1970/The-Terminator/,"['In', 'the', 'post-apocalyptic', 'future,', 'reigning', 'tyrannical', 'supercomputers', 'teleport', 'a', 'cyborg', 'assassin', 'known', 'as', 'the', '""Terminator""', 'back', 'to', '1984', 'to', 'kill', 'Sarah', 'Connor,', 'whose', 'unborn', 'son', 'is', 'destined', 'to', 'lead', 'insurgents', 'against', '21st', 'century', 'mechanical', 'hegemony.', 'Meanwhile,', 'the', 'human-resistance', 'movement', 'dispatches', 'a', 'lone', 'warrior', 'to', 'safeguard', 'Sarah.', 'Can', 'he', 'stop', 'the', 'virtually', 'indestructible', 'killing', 'machine?', 'Action', 'Thriller', 'ScienceFiction']"
105,Back to the Future,RobertZemeckis,http://www.backtothefuture.com/movies/backtothefuture1,"['Eighties', 'teenager', 'Marty', 'McFly', 'is', 'accidentally', 'sent', 'back', 'in', 'time', 'to', '1955,', 'inadvertently', 'disrupting', 'his', ""parents'"", 'first', 'meeting', 'and', 'attracting', 'his', ""mother's"", 'romantic', 'interest.', 'Marty', 'must', 'repair', 'the', 'damage', 'to', 'history', 'by', 'rekindling', 'his', ""parents'"", 'romance', 'and', '-', 'with', 'the', 'help', 'of', 'his', 'eccentric', 'inventor', 'friend', 'Doc', 'Brown', '-', 'return', 'to', '1985.', 'Adventure', 'Comedy', 'ScienceFiction', 'Family']"
756,Fantasia,SamuelArmstrong,http://movies.disney.com/fantasia,"['Walt', ""Disney's"", 'timeless', 'masterpiece', 'is', 'an', 'extravaganza', 'of', 'sight', 'and', 'sound!', 'See', 'the', 'music', 'come', 'to', 'life,', 'hear', 'the', 'pictures', 'burst', 'into', 'song', 'and', 'experience', 'the', 'excitement', 'that', 'is', 'Fantasia', 'over', 'and', 'over', 'again.', 'Animation', 'Family', 'Music']"
89,Indiana Jones and the Last Crusade,StevenSpielberg,http://www.indianajones.com/crusade,"['When', 'Dr.', 'Henry', 'Jones', 'Sr.', 'suddenly', 'goes', 'missing', 'while', 'pursuing', 'the', 'Holy', 'Grail,', 'eminent', 'archaeologist', 'Indiana', 'must', 'team', 'up', 'with', 'Marcus', 'Brody,', 'Sallah', 'and', 'Elsa', 'Schneider', 'to', 'follow', 'in', 'his', ""father's"", 'footsteps', 'and', 'stop', 'the', 'Nazis', 'from', 'recovering', 'the', 'power', 'of', 'eternal', 'life.', 'Adventure', 'Action']"
199,Star Trek: First Contact,JonathanFrakes,http://www.startrek.com/startrek/view/series/MOV/008/index.html,"['The', 'Borg,', 'a', 'relentless', 'race', 'of', 'cyborgs,', 'are', 'on', 'a', 'direct', 'course', 'for', 'Earth.', 'Violating', 'orders', 'to', 'stay', 'away', 'from', 'the', 'battle,', 'Captain', 'Picard', 'and', 'the', 'crew', 'of', 'the', 'newly-commissioned', 'USS', 'Enterprise', 'E', 'pursue', 'the', 'Borg', 'back', 'in', 'time', 'to', 'prevent', 'the', 'invaders', 'from', 'changing', 'Federation', 'history', 'and', 'assimilating', 'the', 'galaxy.', 'ScienceFiction', 'Action', 'Adventure', 'Thriller']"
578,Jaws,StevenSpielberg,http://www.jaws25.com/,"['An', 'insatiable', 'great', 'white', 'shark', 'terrorizes', 'the', 'townspeople', 'of', 'Amity', 'Island,', 'The', 'police', 'chief,', 'an', 'oceanographer', 'and', 'a', 'grizzled', 'shark', 'hunter', 'seek', 'to', 'destroy', 'the', 'bloodthirsty', 'beast.', 'Horror', 'Thriller', 'Adventure']"
607,Men in Black,BarrySonnenfeld,http://www.sonypictures.com/homevideo/meninblack/,"['Men', 'in', 'Black', 'follows', 'the', 'exploits', 'of', 'agents', 'Kay', 'and', 'Jay,', 'members', 'of', 'a', 'top-secret', 'organization', 'established', 'to', 'monitor', 'and', 'police', 'alien', 'activity', 'on', 'Earth.', 'The', 'two', 'Men', 'in', 'Black', 'find', 'themselves', 'in', 'the', 'middle', 'of', 'the', 'deadly', 'plot', 'by', 'an', 'intergalactic', 'terrorist', 'who', 'has', 'arrived', 'on', 'Earth', 'to', 'assassinate', 'two', 'ambassadors', 'from', 'opposing', 'galaxies.', 'In', 'order', 'to', 'prevent', 'worlds', 'from', 'colliding,', 'the', 'MiB', 'must', 'track', 'down', 'the', 'terrorist', 'and', 'prevent', 'the', 'destruction', 'of', 'Earth.', ""It's"", 'just', 'another', 'typical', 'day', 'for', 'the', 'Men', 'in', 'Black.', 'Action', 'Adventure', 'Comedy', 'ScienceFiction']"
1669,The Hunt for Red October,JohnMcTiernan,http://www.paramount.com/movies/hunt-red-october,"['A', 'new', 'Soviet', 'nuclear', 'missile', 'sub', '(a', 'Boomer)', 'heading', 'out', 'on', 'her', 'maiden', 'voyage', 'that', 'is', 'being', 'tracked', 'by', 'a', 'Los', 'Angeles', 'class', 'American', 'submarine', 'suddenly', 'goes', 'silent', 'and', '""disappears"".', 'This', 'focuses', 'the', 'attention', 'of', 'both', 'U.S.', 'Intelligence', 'and', 'the', 'U.S.', 'Navy', 'on', 'the', 'Russian', 'Sub', 'Commander', '.', 'When', 'it', 'is', 'determined', 'that', 'the', 'silent', 'Soviet', 'Boomer', 'may', 'be', 'headed', 'for', 'American', 'coastal', 'waters', 'panic', 'ensues.', 'A', 'CIA', 'analyst,', 'Jack', 'Ryan,', 'convinces', 'the', 'brass', 'that', 'the', ""Boomer's"", 'commander', 'may', 'intend', 'something', 'other', 'than', 'a', 'nuclear', 'first', 'strike', 'in', 'mind.', 'A', 'perilous', 'and', 'tense', 'cat-and-mouse', 'game', 'ensues.', 'Action', 'Adventure', 'Thriller']"
9714,Home Alone 3,RajaGosnell,http://www.ha3.com/,"['9-year-old', 'Alex', 'Pruitt', 'is', 'home', 'alone', 'with', 'the', 'chicken', 'pox.', 'Turns', 'out,', 'due', 'to', 'a', 'mix-up', 'among', 'nefarious', 'spies,', 'Alex', 'was', 'given', 'a', 'toy', 'car', 'concealing', 'a', 'top-secret', 'microchip.', 'Now', 'Alex', 'must', 'fend', 'off', 'the', 'spies', 'as', 'they', 'try', 'break', 'into', 'his', 'house', 'to', 'get', 'it', 'back.', 'Comedy', 'Family']"
714,Tomorrow Never Dies,RogerSpottiswoode,http://www.mgm.com/view/movie/2029/Tomorrow-Never-Dies/,"['A', 'deranged', 'media', 'mogul', 'is', 'staging', 'international', 'incidents', 'to', 'pit', 'the', ""world's"", 'superpowers', 'against', 'each', 'other.', 'Now', '007', 'must', 'take', 'on', 'this', 'evil', 'mastermind', 'in', 'an', 'adrenaline-charged', 'battle', 'to', 'end', 'his', 'reign', 'of', 'terror', 'and', 'prevent', 'global', 'pandemonium.', 'Adventure', 'Action', 'Thriller']"
948,Halloween,JohnCarpenter,http://www.theofficialjohncarpenter.com/halloween/,"['In', 'John', ""Carpenter's"", 'horror', 'classic,', 'a', 'psychotic', 'murderer,', 'institutionalized', 'since', 'childhood', 'for', 'the', 'murder', 'of', 'his', 'sister,', 'escapes', 'and', 'stalks', 'a', 'bookish', 'teenage', 'girl', 'and', 'her', 'friends', 'while', 'his', 'doctor', 'chases', 'him', 'through', 'the', 'streets.', 'Horror', 'Thriller']"
11281,Halloween II,RickRosenthal,https://www.uphe.com/movies/halloween-ii,"['After', 'failing', 'to', 'kill', 'stubborn', 'survivor', 'Laurie', 'and', 'taking', 'a', 'bullet', 'or', 'six', 'from', 'former', 'psychiatrist', 'Dr.', 'Sam', 'Loomis,', 'Michael', 'Myers', 'has', 'followed', 'Laurie', 'to', 'the', 'Haddonfield', 'Memorial', 'Hospital,', 'where', ""she's"", 'been', 'admitted', 'for', ""Myers'"", 'attempt', 'on', 'her', 'life.', 'The', 'institution', 'proves', 'to', 'be', 'particularly', 'suited', 'to', 'serial', 'killers,', 'however,', 'as', 'Myers', 'cuts,', 'stabs', 'and', 'slashes', 'his', 'way', 'through', 'hospital', 'staff', 'to', 'reach', 'his', 'favorite', 'victim.', 'Horror', 'Thriller']"
9552,The Exorcist,WilliamFriedkin,http://theexorcist.warnerbros.com/,"['12-year-old', 'Regan', 'MacNeil', 'begins', 'to', 'adapt', 'an', 'explicit', 'new', 'personality', 'as', 'strange', 'events', 'befall', 'the', 'local', 'area', 'of', 'Georgetown.', 'Her', 'mother', 'becomes', 'torn', 'between', 'science', 'and', 'superstition', 'in', 'a', 'desperate', 'bid', 'to', 'save', 'her', 'daughter,', 'and', 'ultimately', 'turns', 'to', 'her', 'last', 'hope:', 'Father', 'Damien', 'Karras,', 'a', 'troubled', 'priest', 'who', 'is', 'struggling', 'with', 'his', 'own', 'faith.', 'Drama', 'Horror', 'Thriller']"
165,Back to the Future Part II,RobertZemeckis,http://www.backtothefuture.com/movies/backtothefuture2,"['Marty', 'and', 'Doc', 'are', 'at', 'it', 'again', 'in', 'this', 'wacky', 'sequel', 'to', 'the', '1985', 'blockbuster', 'as', 'the', 'time-traveling', 'duo', 'head', 'to', '2015', 'to', 'nip', 'some', 'McFly', 'family', 'woes', 'in', 'the', 'bud.', 'But', 'things', 'go', 'awry', 'thanks', 'to', 'bully', 'Biff', 'Tannen', 'and', 'a', 'pesky', 'sports', 'almanac.', 'In', 'a', 'last-ditch', 'attempt', 'to', 'set', 'things', 'straight,', 'Marty', 'finds', 'himself', 'bound', 'for', '1955', 'and', 'face', 'to', 'face', 'with', 'his', 'teenage', 'parents', '--', 'again.', 'Adventure', 'Comedy', 'Family', 'ScienceFiction']"
196,Back to the Future Part III,RobertZemeckis,http://www.backtothefuture.com/movies/backtothefuture3,"['The', 'final', 'installment', 'of', 'the', 'Back', 'to', 'the', 'Future', 'trilogy', 'finds', 'Marty', 'digging', 'the', 'trusty', 'DeLorean', 'out', 'of', 'a', 'mineshaft', 'and', 'looking', 'up', 'Doc', 'in', 'the', 'Wild', 'West', 'of', '1885.', 'But', 'when', 'their', 'time', 'machine', 'breaks', 'down,', 'the', 'travelers', 'are', 'stranded', 'in', 'a', 'land', 'of', 'spurs.', 'More', 'problems', 'arise', 'when', 'Doc', 'falls', 'for', 'pretty', 'schoolteacher', 'Clara', 'Clayton,', 'and', 'Marty', 'tangles', 'with', 'Buford', 'Tannen.', 'Adventure', 'Comedy', 'Family', 'ScienceFiction']"
3170,Bambi,DavidHand,http://movies.disney.com/bambi,"[""Bambi's"", 'tale', 'unfolds', 'from', 'season', 'to', 'season', 'as', 'the', 'young', 'prince', 'of', 'the', 'forest', 'learns', 'about', 'life,', 'love,', 'and', 'friends.', 'Animation', 'Drama', 'Family']"
242,The Godfather: Part III,FrancisFordCoppola,http://www.imdb.com/title/tt0099674/,"['In', 'the', 'midst', 'of', 'trying', 'to', 'legitimize', 'his', 'business', 'dealings', 'in', '1979', 'New', 'York', 'and', 'Italy,', 'aging', 'mafia', 'don,', 'Michael', 'Corleone', 'seeks', 'forgiveness', 'for', 'his', 'sins', 'while', 'taking', 'a', 'young', 'protege', 'under', 'his', 'wing.', 'Crime', 'Drama', 'Thriller']"
9325,The Jungle Book,WolfgangReitherman,http://movies.disney.com/the-jungle-book-1967,"['The', 'boy', 'Mowgli', 'makes', 'his', 'way', 'to', 'the', 'man-village', 'with', 'Bagheera,', 'the', 'wise', 'panther.', 'Along', 'the', 'way', 'he', 'meets', 'jazzy', 'King', 'Louie,', 'the', 'hypnotic', 'snake', 'Kaa', 'and', 'the', 'lovable,', 'happy-go-lucky', 'bear', 'Baloo,', 'who', 'teaches', 'Mowgli', '""The', 'Bare', 'Necessities""', 'of', 'life', 'and', 'the', 'true', 'meaning', 'of', 'friendship.', 'Family', 'Animation', 'Adventure']"
12230,One Hundred and One Dalmatians,HamiltonLuske,http://movies.disney.com/101-dalmatians-1961,"['When', 'a', 'litter', 'of', 'dalmatian', 'puppies', 'are', 'abducted', 'by', 'the', 'minions', 'of', 'Cruella', 'De', 'Vil,', 'the', 'parents', 'must', 'find', 'them', 'before', 'she', 'uses', 'them', 'for', 'a', 'diabolical', 'fashion', 'statement.', 'Adventure', 'Animation', 'Comedy', 'Family']"
15969,The Return of Jafar,AlanZaslove,http://movies.disney.com/aladdin-the-return-of-jafar,"['The', 'evil', 'Jafar', 'escapes', 'from', 'the', 'magic', 'lamp', 'as', 'an', 'all-powerful', 'genie,', 'ready', 'to', 'plot', 'his', 'revenge', 'against', 'Aladdin.', 'From', 'battling', 'elusive', 'villains', 'atop', 'winged', 'horses,', 'to', 'dodging', 'flames', 'inside', 'an', 'exploding', 'lava', 'pit,', ""it's"", 'up', 'to', 'Aladdin', '-', 'with', 'Princess', 'Jasmine', 'and', 'the', 'outrageously', 'funny', 'Genie', 'by', 'his', 'side', '-', 'to', 'save', 'the', 'kingdom', 'once', 'and', 'for', 'all.', 'Family', 'Adventure', 'Animation', 'Romance']"
87,Indiana Jones and the Temple of Doom,StevenSpielberg,http://www.indianajones.com,"['After', 'arriving', 'in', 'India,', 'Indiana', 'Jones', 'is', 'asked', 'by', 'a', 'desperate', 'village', 'to', 'find', 'a', 'mystical', 'stone.', 'He', 'agrees', '–', 'and', 'stumbles', 'upon', 'a', 'secret', 'cult', 'plotting', 'a', 'terrible', 'plan', 'in', 'the', 'catacombs', 'of', 'an', 'ancient', 'palace.', 'Adventure', 'Action']"
36647,Blade,StephenNorrington,http://www.warnerbros.com/blade,"['When', ""Blade's"", 'mother', 'was', 'bitten', 'by', 'a', 'vampire', 'during', 'pregnancy,', 'she', 'did', 'not', 'know', 'that', 'she', 'gave', 'her', 'son', 'a', 'special', 'gift', 'while', 'dying:', 'All', 'the', 'good', 'vampire', 'attributes', 'in', 'combination', 'with', 'the', 'best', 'human', 'skills.', 'Blade', 'and', 'his', 'mentor', 'Whistler', 'battle', 'an', 'evil', 'vampire', 'rebel', '(Deacon', 'Frost)', 'who', 'plans', 'to', 'take', 'over', 'the', 'outdated', 'vampire', 'council,', 'capture', 'Blade', 'and', 'resurrect', 'voracious', 'blood', 'god', 'La', 'Magra.', 'Horror', 'Action']"
1091,The Thing,JohnCarpenter,http://www.theofficialjohncarpenter.com/the-thing/,"['Scientists', 'in', 'the', 'Antarctic', 'are', 'confronted', 'by', 'a', 'shape-shifting', 'alien', 'that', 'assumes', 'the', 'appearance', 'of', 'the', 'people', 'that', 'it', 'kills.', 'Horror', 'Mystery', 'ScienceFiction']"
9945,Vampires,JohnCarpenter,http://www.theofficialjohncarpenter.com/vampires/,"['The', 'church', 'enlists', 'a', 'team', 'of', 'vampire-hunters', 'to', 'hunt', 'down', 'and', 'destroy', 'a', 'group', 'of', 'vampires', 'searching', 'for', 'an', 'ancient', 'relic', 'that', 'will', 'allow', 'them', 'to', 'exist', 'in', 'sunlight.', 'Action', 'Drama', 'Fantasy', 'Horror', 'Thriller']"
707,A View to a Kill,JohnGlen,http://www.mgm.com/view/movie/2101/A-View-to-a-Kill/,"['A', 'newly', 'developed', 'microchip', 'designed', 'by', 'Zorin', 'Industries', 'for', 'the', 'British', 'Government', 'that', 'can', 'survive', 'the', 'electromagnetic', 'radiation', 'caused', 'by', 'a', 'nuclear', 'explosion', 'has', 'landed', 'in', 'the', 'hands', 'of', 'the', 'KGB.', 'James', 'Bond', 'must', 'find', 'out', 'how', 'and', 'why.', 'His', 'suspicions', 'soon', 'lead', 'him', 'to', 'big', 'industry', 'leader', 'Max', 'Zorin.', 'Adventure', 'Action', 'Thriller']"
871,Planet of the Apes,FranklinJ.Schaffner,http://www.foxmovies.com/movies/planet-of-the-apes,"['An', 'U.S.', 'Spaceship', 'lands', 'on', 'a', 'desolate', 'planet,', 'stranding', 'astronaut', 'Taylor', 'in', 'a', 'world', 'dominated', 'by', 'apes,', '2000', 'years', 'into', 'the', 'future,', 'who', 'use', 'a', 'primitive', 'race', 'of', 'humans', 'for', 'experimentation', 'and', 'sport.', 'Soon', 'Taylor', 'finds', 'himself', 'among', 'the', 'hunted,', 'his', 'life', 'in', 'the', 'hands', 'of', 'a', 'benevolent', 'chimpanzee', 'scientist.', 'ScienceFiction', 'Adventure', 'Drama', 'Action']"
603,The Matrix,LanaWachowski,http://www.warnerbros.com/matrix,"['Set', 'in', 'the', '22nd', 'century,', 'The', 'Matrix', 'tells', 'the', 'story', 'of', 'a', 'computer', 'hacker', 'who', 'joins', 'a', 'group', 'of', 'underground', 'insurgents', 'fighting', 'the', 'vast', 'and', 'powerful', 'computers', 'who', 'now', 'rule', 'the', 'earth.', 'Action', 'ScienceFiction']"
564,The Mummy,StephenSommers,http://www.mummyvideo.com/,"['Dashing', 'legionnaire', 'Rick', ""O'Connell"", 'and', 'his', 'companion,', 'Beni', 'stumble', 'upon', 'the', 'hidden', 'ruins', 'of', 'Hamunaptra', 'while', 'in', 'the', 'midst', 'of', 'a', 'battle', 'in', '1923,', '3,000', 'years', 'after', 'Imhotep', 'has', 'suffered', 'a', 'fate', 'worse', 'than', 'death', '–', 'his', 'body', 'will', 'remain', 'undead', 'for', 'all', 'eternity', 'as', 'a', 'punishment', 'for', 'a', 'forbidden', 'love.', 'Adventure', 'Action', 'Fantasy']"
1893,Star Wars: Episode I - The Phantom Menace,GeorgeLucas,http://www.starwars.com/films/star-wars-episode-i-the-phantom-menace,"['Anakin', 'Skywalker,', 'a', 'young', 'slave', 'strong', 'with', 'the', 'Force,', 'is', 'discovered', 'on', 'Tatooine.', 'Meanwhile,', 'the', 'evil', 'Sith', 'have', 'returned,', 'enacting', 'their', 'plot', 'for', 'revenge', 'against', 'the', 'Jedi.', 'Adventure', 'Action', 'ScienceFiction']"
36685,The Rocky Horror Picture Show,JimSharman,http://www.rockyhorror.com/,"['Sweethearts', 'Brad', 'and', 'Janet,', 'stuck', 'with', 'a', 'flat', 'tire', 'during', 'a', 'storm,', 'discover', 'the', 'eerie', 'mansion', 'of', 'Dr.', 'Frank-N-Furter,', 'a', 'transvestite', 'scientist.', 'As', 'their', 'innocence', 'is', 'lost,', 'Brad', 'and', 'Janet', 'meet', 'a', 'houseful', 'of', 'wild', 'characters,', 'including', 'a', 'rocking', 'biker', 'and', 'a', 'creepy', 'butler.', 'Through', 'elaborate', 'dances', 'and', 'rock', 'songs,', 'Frank-N-Furter', 'unveils', 'his', 'latest', 'creation:', 'a', 'muscular', 'man', 'named', ""'Rocky'."", 'Comedy', 'Horror', 'Music', 'ScienceFiction']"
37135,Tarzan,KevinLima,http://disneydvd.disney.go.com/tarzanr-special-edition.html,"['Tarzan', 'was', 'a', 'small', 'orphan', 'who', 'was', 'raised', 'by', 'an', 'ape', 'named', 'Kala', 'since', 'he', 'was', 'a', 'child.', 'He', 'believed', 'that', 'this', 'was', 'his', 'family,', 'but', 'on', 'an', 'expedition', 'Jane', 'Porter', 'is', 'rescued', 'by', 'Tarzan.', 'He', 'then', 'finds', 'out', 'that', ""he's"", 'human.', 'Now', 'Tarzan', 'must', 'make', 'the', 'decision', 'as', 'to', 'which', 'family', 'he', 'should', 'belong', 'to...', 'Adventure', 'Animation', 'Drama', 'Family']"
2667,The Blair Witch Project,DanielMyrick,http://www.blairwitch.com/,"['In', 'October', 'of', '1994', 'three', 'student', 'filmmakers', 'disappeared', 'in', 'the', 'woods', 'near', 'Burkittsville,', 'Maryland,', 'while', 'shooting', 'a', 'documentary.', 'A', 'year', 'later', 'their', 'footage', 'was', 'found.', 'Horror', 'Mystery']"
620,Ghostbusters,IvanReitman,http://www.ghostbusters.com/,"['After', 'losing', 'their', 'academic', 'posts', 'at', 'a', 'prestigious', 'university,', 'a', 'team', 'of', 'parapsychologists', 'goes', 'into', 'business', 'as', 'proton-pack-toting', '""ghostbusters""', 'who', 'exterminate', 'ghouls,', 'hobgoblins', 'and', 'supernatural', 'pests', 'of', 'all', 'stripes.', 'An', 'ad', 'campaign', 'pays', 'off', 'when', 'a', 'knockout', 'cellist', 'hires', 'the', 'squad', 'to', 'purge', 'her', 'swanky', 'digs', 'of', 'demons', 'that', 'appear', 'to', 'be', 'living', 'in', 'her', 'refrigerator.', 'Comedy', 'Fantasy']"
9638,Phantasm,DonCoscarelli,http://phantasm.com,"['A', 'young', 'boy', 'and', 'his', 'friends', 'face', 'off', 'against', 'a', 'mysterious', 'grave', 'robber', 'known', 'only', 'as', 'the', 'Tall', 'Man,', 'who', 'keeps', 'a', 'mysterious', 'arsenal', 'of', 'terrible', 'weapons', 'with', 'him.', 'Horror', 'ScienceFiction']"
658,Goldfinger,GuyHamilton,http://www.mgm.com/view/movie/760/Goldfinger/,"['Special', 'agent', '007', '(Sean', 'Connery)', 'comes', 'face', 'to', 'face', 'with', 'one', 'of', 'the', 'most', 'notorious', 'villains', 'of', 'all', 'time,', 'and', 'now', 'he', 'must', 'outwit', 'and', 'outgun', 'the', 'powerful', 'tycoon', 'to', 'prevent', 'him', 'from', 'cashing', 'in', 'on', 'a', 'devious', 'scheme', 'to', 'raid', 'Fort', 'Knox', '--', 'and', 'obliterate', 'the', ""world's"", 'economy.', 'Adventure', 'Action', 'Thriller']"
657,From Russia with Love,TerenceYoung,http://www.mgm.com/view/movie/717/From-Russia-With-Love/,"['Agent', '007', 'is', 'back', 'in', 'the', 'second', 'installment', 'of', 'the', 'James', 'Bond', 'series,', 'this', 'time', 'battling', 'a', 'secret', 'crime', 'organization', 'known', 'as', 'SPECTRE.', 'Russians', 'Rosa', 'Klebb', 'and', 'Kronsteen', 'are', 'out', 'to', 'snatch', 'a', 'decoding', 'device', 'known', 'as', 'the', 'Lektor,', 'using', 'the', 'ravishing', 'Tatiana', 'to', 'lure', 'Bond', 'into', 'helping', 'them.', 'Bond', 'willingly', 'travels', 'to', 'meet', 'Tatiana', 'in', 'Istanbul,', 'where', 'he', 'must', 'rely', 'on', 'his', 'wits', 'to', 'escape', 'with', 'his', 'life', 'in', 'a', 'series', 'of', 'deadly', 'encounters', 'with', 'the', 'enemy', 'Action', 'Thriller', 'Adventure']"
646,Dr. No,TerenceYoung,http://www.mgm.com/#/our-titles/566/Dr.-No,"['In', 'the', 'film', 'that', 'launched', 'the', 'James', 'Bond', 'saga,', 'Agent', '007', 'battles', 'mysterious', 'Dr.', 'No,', 'a', 'scientific', 'genius', 'bent', 'on', 'destroying', 'the', 'U.S.', 'space', 'program.', 'As', 'the', 'countdown', 'to', 'disaster', 'begins,', 'Bond', 'must', 'go', 'to', 'Jamaica,', 'where', 'he', 'encounters', 'beautiful', 'Honey', 'Ryder,', 'to', 'confront', 'a', 'megalomaniacal', 'villain', 'in', 'his', 'massive', 'island', 'headquarters.', 'Adventure', 'Action', 'Thriller']"
16162,The Best Man,MalcolmD.Lee,http://www.universalpictures.com/bestman/,"['Harper,', 'a', 'writer', ""who's"", 'about', 'to', 'explode', 'into', 'the', 'mainstream', 'leaves', 'behind', 'his', 'girlfriend', 'Robin', 'and', 'heads', 'to', 'New', 'York', 'City', 'to', 'serve', 'as', 'best', 'man', 'for', 'his', 'friend', ""Lance's"", 'wedding.', 'Once', 'there,', 'he', 'reunites', 'with', 'the', 'rest', 'of', 'his', 'college', 'circle.', 'Drama', 'Comedy']"
699,For Your Eyes Only,JohnGlen,http://www.mgm.com/view/movie/695/For-Your-Eyes-Only/,"['A', 'British', 'spy', 'ship', 'has', 'sunk', 'and', 'on', 'board', 'was', 'a', 'hi-tech', 'encryption', 'device.', 'James', 'Bond', 'is', 'sent', 'to', 'find', 'the', 'device', 'that', 'holds', 'British', 'launching', 'instructions', 'before', 'the', 'enemy', 'Soviets', 'get', 'to', 'it', 'first.', 'Adventure', 'Action', 'Thriller']"
709,Licence to Kill,JohnGlen,http://www.mgm.com/view/movie/1111/License-to-Kill/,"['James', 'Bond', 'and', 'his', 'American', 'colleague', 'Felix', 'Leiter', 'arrest', 'the', 'drug', 'lord', 'Sanchez', 'who', 'succeeds', 'in', 'escaping', 'and', 'takes', 'revenge', 'on', 'Felix', 'and', 'his', 'wife.', 'Bond', 'knows', 'but', 'just', 'one', 'thing:', 'revenge.', 'Adventure', 'Action', 'Thriller']"
253,Live and Let Die,GuyHamilton,http://www.mgm.com/view/movie/1130/Live-and-Let-Die/,"['James', 'Bond', 'must', 'investigate', 'a', 'mysterious', 'murder', 'case', 'of', 'a', 'British', 'agent', 'in', 'New', 'Orleans.', 'Soon', 'he', 'finds', 'himself', 'up', 'against', 'a', 'gangster', 'boss', 'named', 'Mr.', 'Big.', 'Adventure', 'Action', 'Thriller']"
660,Thunderball,TerenceYoung,http://www.mgm.com/view/movie/2009/Thunderball/,"['A', 'criminal', 'organization', 'has', 'obtained', 'two', 'nuclear', 'bombs', 'and', 'are', 'asking', 'for', 'a', '100', 'million', 'pound', 'ransom', 'in', 'the', 'form', 'of', 'diamonds', 'in', 'seven', 'days', 'or', 'they', 'will', 'use', 'the', 'weapons.', 'The', 'secret', 'service', 'sends', 'James', 'Bond', 'to', 'the', 'Bahamas', 'to', 'once', 'again', 'save', 'the', 'world.', 'Adventure', 'Action', 'Thriller']"
18111,Bride of Re-Animator,BrianYuzna,http://www.re-animatorfilms.com/BrideRe-Animator.html,"['Herbert', 'West', 'once', 'again', 'revives', 'the', 'dead.', 'This', 'time,', 'he', 'brings', ""Dan's"", ""ex-girlfriend's"", 'heart', 'back', 'inside', 'a', ""'perfect'"", 'body.', 'Dr.', 'Hill', 'returns', 'as', 'the', 'evil', 'nemesis', 'who', 'lost', 'his', 'head.', 'Comedy', 'Horror', 'ScienceFiction']"
36643,The World Is Not Enough,MichaelApted,http://www.mgm.com/view/movie/231/The-World-Is-Not-Enough/,"['Greed,', 'revenge,', 'world', 'dominance', 'and', 'high-tech', 'terrorism', '–', ""it's"", 'all', 'in', 'a', ""day's"", 'work', 'for', 'Bond,', ""who's"", 'on', 'a', 'mission', 'to', 'a', 'protect', 'beautiful', 'oil', 'heiress', 'from', 'a', 'notorious', 'terrorist.', 'In', 'a', 'race', 'against', 'time', 'that', 'culminates', 'in', 'a', 'dramatic', 'submarine', 'showdown,', 'Bond', 'works', 'to', 'defuse', 'the', 'international', 'power', 'struggle', 'that', 'has', 'the', ""world's"", 'oil', 'supply', 'hanging', 'in', 'the', 'balance.', 'Adventure', 'Action', 'Thriller']"
863,Toy Story 2,JohnLasseter,http://toystory.disney.com/toy-story-2,"['Andy', 'heads', 'off', 'to', 'Cowboy', 'Camp,', 'leaving', 'his', 'toys', 'to', 'their', 'own', 'devices.', 'Things', 'shift', 'into', 'high', 'gear', 'when', 'an', 'obsessive', 'toy', 'collector', 'named', 'Al', 'McWhiggen,', 'owner', 'of', ""Al's"", 'Toy', 'Barn', 'kidnaps', 'Woody.', ""Andy's"", 'toys', 'mount', 'a', 'daring', 'rescue', 'mission,', 'Buzz', 'Lightyear', 'meets', 'his', 'match', 'and', 'Woody', 'has', 'to', 'decide', 'where', 'he', 'and', 'his', 'heart', 'truly', 'belong.', 'Animation', 'Comedy', 'Family']"
25188,The Last Picture Show,PeterBogdanovich,http://www.filmsite.org/lastp.html,"['The', 'coming', 'of', 'age', 'of', 'a', 'youth', 'named', 'Sonny', 'in', 'a', 'small', 'Texas', 'town', 'in', 'the', '1950s.', 'Drama']"
49948,Fantasia 2000,JamesAlgar,http://movies.disney.com/fantasia-2000,"['Blending', 'lively', 'music', 'and', 'brilliant', 'animation,', 'this', 'sequel', 'to', 'the', 'original', ""'Fantasia'"", 'restores', ""'The"", ""Sorcerer's"", ""Apprentice'"", 'and', 'adds', 'seven', 'new', 'shorts.', 'Animation', 'Family', 'Music']"
8374,The Boondock Saints,TroyDuffy,http://www.theboondocksaints.com,"['With', 'a', 'God-inspired', 'moral', 'obligation', 'to', 'act', 'against', 'evil,', 'twin', 'brothers', 'Conner', 'and', 'Murphy', 'set', 'out', 'to', 'rid', 'Boston', 'of', 'criminals.', 'However,', 'rather', 'than', 'working', 'within', 'the', 'system,', 'these', 'Irish', 'Americans', 'decide', 'to', 'take', 'swift', 'retribution', 'into', 'their', 'own', 'hands.', 'Action', 'Thriller', 'Crime']"
2787,Pitch Black,DavidTwohy,http://www.pitchblack.com/,"['When', 'their', 'ship', 'crash-lands', 'on', 'a', 'remote', 'planet,', 'the', 'marooned', 'passengers', 'soon', 'learn', 'that', 'escaped', 'convict', 'Riddick', ""isn't"", 'the', 'only', 'thing', 'they', 'have', 'to', 'fear.', 'Deadly', 'creatures', 'lurk', 'in', 'the', 'shadows,', 'waiting', 'to', 'attack', 'in', 'the', 'dark,', 'and', 'the', 'planet', 'is', 'rapidly', 'plunging', 'into', 'the', 'utter', 'blackness', 'of', 'a', 'total', 'eclipse.', 'With', 'the', 'body', 'count', 'rising,', 'the', 'doomed', 'survivors', 'are', 'forced', 'to', 'turn', 'to', 'Riddick', 'with', 'his', 'eerie', 'eyes', 'to', 'guide', 'them', 'through', 'the', 'darkness', 'to', 'safety.', 'With', 'time', 'running', 'out,', ""there's"", 'only', 'one', 'rule:', 'Stay', 'in', 'the', 'light.', 'Thriller', 'ScienceFiction', 'Action']"
889,The Flintstones in Viva Rock Vegas,BrianLevant,http://www.vivarockvegas.com/,"['The', 'Flintstones', 'are', 'at', 'it', 'again.', 'The', 'Flintstones', 'and', 'the', 'Rubbles', 'head', 'for', 'Rock', 'Vegas', 'with', 'Fred', 'hoping', 'to', 'court', 'the', 'lovely', 'Wilma.', 'Nothing', 'will', 'stand', 'in', 'the', 'way', 'of', 'love,', 'except', 'for', 'the', 'conniving', 'Chip', 'Rockefeller', 'who', 'is', 'the', 'playboy', 'born', 'in', 'Baysville', 'but', 'who', 'has', 'made', 'it', 'in', 'the', 'cutthroat', 'town', 'of', 'Rock', 'Vegas.', 'Will', 'Fred', 'win', ""Wilma's"", 'love?', 'ScienceFiction', 'Comedy', 'Family', 'Romance']"
452,The Idiots,LarsvonTrier,http://www.dogme95.dk/the_idiots/content/index.htm,"['With', 'his', 'first', 'Dogma-95', 'film', 'director', 'Lars', 'von', 'Trier', 'opens', 'up', 'a', 'completely', 'new', 'film', 'platform.', 'With', 'a', 'mix', 'of', 'home-video', 'and', 'documentary', 'styles', 'the', 'film', 'tells', 'the', 'story', 'of', 'a', 'group', 'of', 'young', 'people', 'who', 'have', 'decided', 'to', 'get', 'to', 'know', 'their', '“inner-idiots”', 'and', 'thus', 'not', 'only', 'facing', 'and', 'breaking', 'their', 'outer', 'appearance', 'but', 'also', 'their', 'inner.', 'Drama', 'Comedy']"
12476,The Hidden,JackSholder,http://www.imdb.com/title/tt0093185/,"['An', 'alien', 'is', 'on', 'the', 'run', 'in', 'America.', 'To', 'get', 'his', 'kicks,', 'it', 'kills', 'anything', 'that', 'gets', 'in', 'its', 'way,', 'and', 'uses', 'the', 'body', 'as', 'a', 'new', 'hiding', 'place.', 'This', 'alien', 'has', 'a', 'goal', 'in', 'life;', 'power.', 'Hotly', 'pursued', 'by', 'another', 'alien', ""(who's"", 'borrowed', 'the', 'body', 'of', 'a', 'dead', 'FBI', 'agent),', 'lots', 'of', 'innocent', 'people', 'die', 'in', 'the', 'chase.', 'Action', 'Horror', 'ScienceFiction', 'Thriller']"
955,Mission: Impossible II,JohnWoo,http://www.missionimpossible.com/,"['With', 'computer', 'genius', 'Luther', 'Stickell', 'at', 'his', 'side', 'and', 'a', 'beautiful', 'thief', 'on', 'his', 'mind,', 'agent', 'Ethan', 'Hunt', 'races', 'across', 'Australia', 'and', 'Spain', 'to', 'stop', 'a', 'former', 'IMF', 'agent', 'from', 'unleashing', 'a', 'genetically', 'engineered', 'biological', 'weapon', 'called', 'Chimera.', 'This', 'mission,', 'should', 'Hunt', 'choose', 'to', 'accept', 'it,', 'plunges', 'him', 'into', 'the', 'center', 'of', 'an', 'international', 'crisis', 'of', 'terrifying', 'magnitude.', 'Adventure', 'Action', 'Thriller']"
668,On Her Majesty's Secret Service,PeterR.Hunt,http://www.mgm.com/view/movie/1411/On-Her-Majesty%E2%80%99s-Secret-Service/,"['James', 'Bond', 'tracks', 'archnemesis', 'Ernst', 'Blofeld', 'to', 'a', 'mountaintop', 'retreat', 'where', ""he's"", 'training', 'an', 'army', 'of', 'beautiful', 'but', 'lethal', 'women.', 'Along', 'the', 'way,', 'Bond', 'falls', 'for', 'Italian', 'contessa', 'Tracy', 'Draco', '--', 'and', 'marries', 'her', 'in', 'order', 'to', 'get', 'closer', 'to', 'Blofeld.', 'Meanwhile,', 'he', 'locates', 'Blofeld', 'in', 'the', 'Alps', 'and', 'embarks', 'on', 'a', 'classic', 'ski', 'chase.', 'Adventure', 'Action', 'Thriller']"
691,The Spy Who Loved Me,LewisGilbert,http://www.mgm.com/view/movie/1891/The-Spy-Who-Loved-Me/,"['Russian', 'and', 'British', 'submarines', 'with', 'nuclear', 'missiles', 'on', 'board', 'both', 'vanish', 'from', 'sight', 'without', 'a', 'trace.', 'England', 'and', 'Russia', 'both', 'blame', 'each', 'other', 'as', 'James', 'Bond', 'tries', 'to', 'solve', 'the', 'riddle', 'of', 'the', 'disappearing', 'ships.', 'But', 'the', 'KGB', 'also', 'has', 'an', 'agent', 'on', 'the', 'case.', 'Adventure', 'Action', 'Thriller']"
698,Moonraker,LewisGilbert,http://www.mgm.com/view/movie/1292/Moonraker/,"['During', 'the', 'transportation', 'of', 'a', 'Space', 'Shuttle', 'a', 'Boeing', '747', 'crashes', 'in', 'the', 'Atlantic', 'Ocean', 'yet', 'when', 'they', 'go', 'to', 'look', 'for', 'the', 'destroyed', 'shuttle', 'it', 'is', 'not', 'there.', 'James', 'Bond', 'investigates', 'the', 'missing', 'mission', 'space', 'shuttle', 'and', 'soon', 'learns', 'that', 'the', 'shuttles', 'owner', 'Hugo', 'Drax', 'wants', 'to', 'kill', 'all', 'of', 'mankind.', 'Action', 'Adventure', 'Thriller', 'ScienceFiction']"
682,The Man with the Golden Gun,GuyHamilton,http://www.mgm.com/view/movie/1213/The-Man-with-the-Golden-Gun/,"['A', 'golden', 'bullet', 'has', '007', 'engraved', 'on', 'it', 'as', 'it', 'smashes', 'into', 'the', 'secret', 'service', 'headquarters.', 'The', 'bullet', 'came', 'from', 'the', 'professional', 'killer', 'Scaramanga', 'who', 'has', 'yet', 'to', 'miss', 'a', 'target', 'and', 'James', 'Bond', 'begins', 'a', 'mission', 'to', 'try', 'and', 'stop', 'him.', 'Adventure', 'Action', 'Thriller']"
23069,Benji,JoeCamp,http://www.benji.com/MeetBenji.htm,"['A', 'stray', 'dog', 'saves', 'two', 'kidnapped', 'children.', 'Adventure', 'Family', 'Romance']"
12599,Pokémon: The Movie 2000,MichaelHaigney,http://p2kmovie.warnerbros.com/index2.html,"['Ash', 'Ketchum', 'must', 'put', 'his', 'skill', 'to', 'the', 'test', 'when', 'he', 'attempts', 'to', 'save', 'the', 'world', 'from', 'destruction.', 'The', 'Greedy', 'Pokemon', 'collector', 'Lawrence', 'III', 'throws', 'the', 'universe', 'into', 'chaos', 'after', 'disrupting', 'the', 'balance', 'of', 'nature', 'by', 'capturing', 'one', 'of', 'the', 'Pokemon', 'birds', 'that', 'rule', 'the', 'elements', 'of', 'fire,', 'lightning', 'and', 'ice.', 'Will', 'Ash', 'have', 'what', 'it', 'takes', 'to', 'save', 'the', 'world?', 'Adventure', 'Fantasy', 'Animation', 'ScienceFiction', 'Family']"
15158,Phantasm II,DonCoscarelli,http://phantasm.com,"['Mike,', 'after', 'his', 'release', 'from', 'a', 'psychiatric', 'hospital,', 'teams', 'up', 'with', 'his', 'old', 'pal', 'Reggie', 'to', 'hunt', 'down', 'the', 'Tall', 'Man,', 'who', 'is', 'at', 'it', 'again.', 'A', 'mysterious,', 'beautiful', 'girl', 'has', 'also', 'become', 'part', 'of', ""Mike's"", 'dreams,', 'and', 'they', 'must', 'find', 'her', 'before', 'the', 'Tall', 'Man', 'does.', 'Action', 'Horror', 'ScienceFiction', 'Thriller']"
16139,Phantasm III: Lord of the Dead,DonCoscarelli,http://phantasm.com,"['The', 'Tall', 'Man,', 'that', 'imposing', 'menace', 'from', 'Morningside', 'Mortuary,', 'is', 'back', 'and', 'once', 'again', 'haunting', 'the', 'thoughts', 'of', 'the', 'now-adult', 'Mike', 'and', 'his', 'friend,', 'ex-Ice', 'Cream', 'vendor', 'Reggie.', 'The', 'two', 'continue', 'their', 'hunt', 'for', 'the', 'mysterious', 'figure', 'and', 'in', 'his', 'path', 'of', 'destruction', 'encounter', 'a', 'variety', 'of', 'dangerous', 'situations,', 'friends', 'and', 'enemies.', 'Horror', 'Action', 'ScienceFiction']"
16146,Phantasm IV: Oblivion,DonCoscarelli,http://phantasm.com,"['Taking', 'off', 'immediately', 'where', 'the', 'last', 'one', 'ended,', 'in', 'this', 'episode', 'Mike', 'travels', 'across', 'dimensions', 'and', 'time', 'fleeing', 'from', 'the', 'Tall', 'Man,', 'at', 'the', 'same', 'time', 'he', 'tries', 'to', 'find', 'the', 'origins', 'of', 'his', 'enemy,', 'and', 'what', 'really', 'happened', 'the', 'night', 'that', 'his', 'brother', 'died.', 'Meanwhile,', 'Reggie', 'battles', 'the', 'spheres', 'and', 'the', 'undead', 'in', 'a', 'quest', 'to', 'find', 'Mike', 'before', 'the', 'Tall', 'Man', 'can', 'complete', 'his', 'transformation.', 'Horror', 'ScienceFiction']"
1588,Bring It On,PeytonReed,https://www.uphe.com/movies/bring-it-on,"['The', 'Toro', 'cheerleading', 'squad', 'from', 'Rancho', 'Carne', 'High', 'School', 'in', 'San', 'Diego', 'has', 'got', 'spirit,', 'spunk,', 'sass', 'and', 'a', 'killer', 'routine', ""that's"", 'sure', 'to', 'land', 'them', 'the', 'national', 'championship', 'trophy', 'for', 'the', 'sixth', 'year', 'in', 'a', 'row.', 'But', 'for', 'newly-elected', 'team', 'captain,', 'the', ""Toros'"", 'road', 'to', 'total', 'cheer', 'glory', 'takes', 'a', 'shady', 'turn', 'when', 'she', 'discovers', 'that', 'their', 'perfectly-choreographed', 'routines', 'were', 'in', 'fact', 'stolen.', 'Comedy']"
681,Diamonds Are Forever,GuyHamilton,http://www.mgm.com/view/movie/529/Diamonds-Are-Forever/,"['Diamonds', 'are', 'stolen', 'only', 'to', 'be', 'sold', 'again', 'in', 'the', 'international', 'market.', 'James', 'Bond', 'infiltrates', 'a', 'smuggling', 'mission', 'to', 'find', 'out', 'who’s', 'guilty.', 'The', 'mission', 'takes', 'him', 'to', 'Las', 'Vegas', 'where', 'Bond', 'meets', 'his', 'archenemy', 'Blofeld.', 'Adventure', 'Action', 'Thriller']"
708,The Living Daylights,JohnGlen,http://www.mgm.com/view/movie/1132/The-Living-Daylights/,"['James', 'Bond', 'helps', 'a', 'Russian', 'General', 'escape', 'into', 'the', 'west.', 'He', 'soon', 'finds', 'out', 'that', 'the', 'KGB', 'wants', 'to', 'kill', 'him', 'for', 'helping', 'the', 'General.', 'A', 'little', 'while', 'later', 'the', 'General', 'is', 'kidnapped', 'from', 'the', 'Secret', 'Service', 'leading', '007', 'to', 'be', 'suspicious.', 'Action', 'Adventure', 'Thriller']"
843,In the Mood for Love,WongKar-wai,http://www.wkw-inthemoodforlove.com/,"['A', 'melancholy', 'story', 'about', 'the', 'love', 'between', 'a', 'woman', 'and', 'a', 'man', 'who', 'live', 'in', 'the', 'same', 'building', 'and', 'one', 'day', 'find', 'out', 'that', 'their', 'husband', 'and', 'wife', 'had', 'an', 'affair', 'with', 'each', 'other.', 'More', 'and', 'more', 'the', 'two', 'meet', 'during', 'their', 'daily', 'lives', 'as', 'they', 'determine', 'that', 'they', 'both', 'don’t', 'want', 'to', 'be', 'lonely', 'in', 'their', 'marriage.', 'Drama', 'Romance']"
10991,Pokémon: Spell of the Unknown,MichaelHaigney,http://movies.warnerbros.com/pk3/,"['When', 'Molly', ""Hale's"", 'sadness', 'of', 'her', ""father's"", 'disappearance', 'get', 'to', 'her,', 'she', 'unknowingly', 'uses', 'the', 'Unown', 'to', 'create', 'her', 'own', 'dream', 'world', 'along', 'with', 'Entei,', 'who', 'she', 'believes', 'to', 'be', 'her', 'father.', 'When', 'Entei', 'kidnaps', ""Ash's"", 'mom,', 'Ash', 'along', 'with', 'Misty', '&', 'Brock', 'invade', 'the', 'mansion', 'looking', 'for', 'his', 'mom', 'and', 'trying', 'to', 'stop', 'the', 'mysteries', 'of', ""Molly's"", 'Dream', 'World', 'and', 'Entei!', 'Adventure', 'Fantasy', 'Animation', 'Action', 'Family']"
808,Shrek,AndrewAdamson,http://www.shrek.com/,"['It', ""ain't"", 'easy', ""bein'"", 'green', '--', 'especially', 'if', ""you're"", 'a', 'likable', '(albeit', 'smelly)', 'ogre', 'named', 'Shrek.', 'On', 'a', 'mission', 'to', 'retrieve', 'a', 'gorgeous', 'princess', 'from', 'the', 'clutches', 'of', 'a', 'fire-breathing', 'dragon,', 'Shrek', 'teams', 'up', 'with', 'an', 'unlikely', 'compatriot', '--', 'a', 'wisecracking', 'donkey.', 'Adventure', 'Animation', 'Comedy', 'Family', 'Fantasy']"
41050,La Notte,MichelangeloAntonioni,http://www.imdb.com/title/tt0054130/,"['A', 'married', 'couple', 'attend', 'a', 'bourgeois', 'party', 'and', 'wade', 'through', 'the', 'stifling', 'strain', 'that', 'long-term', 'marriage', 'has', 'imposed', 'upon', 'them.', 'Drama']"
10865,Atlantis: The Lost Empire,GaryTrousdale,http://www.disney.com/atlantis,"['The', ""world's"", 'most', 'highly', 'qualified', 'crew', 'of', 'archaeologists', 'and', 'explorers', 'is', 'led', 'by', 'historian', 'Milo', 'Thatch', 'as', 'they', 'board', 'the', 'incredible', '1,000-foot', 'submarine', 'Ulysses', 'and', 'head', 'deep', 'into', 'the', 'mysteries', 'of', 'the', 'sea.', 'Animation', 'Family', 'Adventure', 'ScienceFiction']"
10992,Cats & Dogs,LawrenceGuterman,http://catsanddogsmovie.warnerbros.com/cmp/main.html,"['When', 'a', 'professor', 'develops', 'a', 'vaccine', 'that', 'eliminates', 'human', 'allergies', 'to', 'dogs,', 'he', 'unwittingly', 'upsets', 'the', 'fragile', 'balance', 'of', 'power', 'between', 'cats', 'and', 'dogs', 'and', 'touches', 'off', 'an', 'epic', 'battle', 'for', 'pet', 'supremacy.', 'The', 'fur', 'flies', 'as', 'the', 'feline', 'faction,', 'led', 'by', 'Mr.', 'Tinkles,', 'squares', 'off', 'against', 'wide-eyed', 'puppy', 'Lou', 'and', 'his', 'canine', 'cohorts.', 'Comedy', 'Family']"
1648,Bill & Ted's Excellent Adventure,StephenHerek,http://www.billandted.org/,"['In', 'the', 'small', 'town', 'of', 'San', 'Dimas,', 'a', 'few', 'miles', 'away', 'from', 'Los', 'Angeles,', 'there', 'are', 'two', 'nearly', 'brain', 'dead', 'teenage', 'boys', 'going', 'by', 'the', 'names', 'of', 'Bill', 'S,', 'Preston', 'ESQ.', 'and', 'Ted', 'Theodore', 'Logan,', 'they', 'have', 'a', 'dream', 'together', 'of', 'starting', 'their', 'own', 'rock', 'and', 'roll', 'band', 'called', 'the', '""Wyld', 'Stallyns"".', 'Unfortunately,', 'they', 'are', 'still', 'in', 'high', 'school', 'and', 'on', 'the', 'verge', 'of', 'failing', 'out', 'of', 'their', 'school', 'as', 'well,', 'and', 'if', 'they', 'do', 'not', 'pass', 'their', 'upcoming', 'history', 'report,', 'they', 'will', 'be', 'separated', 'as', 'a', 'result', 'of', ""Ted's"", 'father', 'sending', 'him', 'to', 'military', 'school.', 'But,', 'what', 'Bill', 'and', 'Ted', 'do', 'not', 'know', 'is', 'that', 'they', 'must', 'stay', 'together', 'to', 'save', 'the', 'future.', 'So,', 'a', 'man', 'from', 'the', 'future', 'named', 'Rufus', 'came', 'to', 'help', 'them', 'pass', 'their', 'report.', 'So,', 'both', 'Bill', 'and', 'Ted', 'decided', 'to', 'gather', 'up', 'historical', 'figures', 'which', 'they', 'need', 'for', 'their', 'report.', 'They', 'are', 'hoping', 'that', 'this', 'will', 'help', 'them', 'pass', 'their', 'report', 'so', 'they', 'can', 'stay', 'together.', 'Adventure', 'Comedy', 'ScienceFiction']"
984,Dirty Harry,DonSiegel,http://www.warnerbros.com/dirty-harry/,"['When', 'a', 'madman', 'dubbed', ""'Scorpio'"", 'terrorizes', 'San', 'Francisco,', 'hard-nosed', 'cop,', 'Harry', 'Callahan', '–', 'famous', 'for', 'his', 'take-no-prisoners', 'approach', 'to', 'law', 'enforcement', '–', 'is', 'tasked', 'with', 'hunting', 'down', 'the', 'psychopath.', 'Harry', 'eventually', 'collars', 'Scorpio', 'in', 'the', 'process', 'of', 'rescuing', 'a', 'kidnap', 'victim,', 'only', 'to', 'see', 'him', 'walk', 'on', 'technicalities.', 'Now,', 'the', 'maverick', 'detective', 'is', 'determined', 'to', 'nail', 'the', 'maniac', 'himself.', 'Action', 'Crime', 'Thriller']"
585,"Monsters, Inc.",PeteDocter,http://movies.disney.com/monsters-inc,"['James', 'Sullivan', 'and', 'Mike', 'Wazowski', 'are', 'monsters,', 'they', 'earn', 'their', 'living', 'scaring', 'children', 'and', 'are', 'the', 'best', 'in', 'the', 'business...', 'even', 'though', ""they're"", 'more', 'afraid', 'of', 'the', 'children', 'than', 'they', 'are', 'of', 'them.', 'When', 'a', 'child', 'accidentally', 'enters', 'their', 'world,', 'James', 'and', 'Mike', 'suddenly', 'find', 'that', 'kids', 'are', 'not', 'to', 'be', 'afraid', 'of', 'and', 'they', 'uncover', 'a', 'conspiracy', 'that', 'could', 'threaten', 'all', 'children', 'across', 'the', 'world.', 'Animation', 'Comedy', 'Family']"
671,Harry Potter and the Philosopher's Stone,ChrisColumbus,http://harrypotter.warnerbros.com/harrypotterandthedeathlyhallows/mainsite/index.html,"['Harry', 'Potter', 'has', 'lived', 'under', 'the', 'stairs', 'at', 'his', 'aunt', 'and', ""uncle's"", 'house', 'his', 'whole', 'life.', 'But', 'on', 'his', '11th', 'birthday,', 'he', 'learns', ""he's"", 'a', 'powerful', 'wizard', '--', 'with', 'a', 'place', 'waiting', 'for', 'him', 'at', 'the', 'Hogwarts', 'School', 'of', 'Witchcraft', 'and', 'Wizardry.', 'As', 'he', 'learns', 'to', 'harness', 'his', 'newfound', 'powers', 'with', 'the', 'help', 'of', 'the', ""school's"", 'kindly', 'headmaster,', 'Harry', 'uncovers', 'the', 'truth', 'about', 'his', ""parents'"", 'deaths', '--', 'and', 'about', 'the', 'villain', ""who's"", 'to', 'blame.', 'Adventure', 'Fantasy', 'Family']"
161,Ocean's Eleven,StevenSoderbergh,http://www.warnerbros.co.uk/movies/oceans-eleven,"['Less', 'than', '24', 'hours', 'into', 'his', 'parole,', 'charismatic', 'thief', 'Danny', 'Ocean', 'is', 'already', 'rolling', 'out', 'his', 'next', 'plan:', 'In', 'one', 'night,', ""Danny's"", 'hand-picked', 'crew', 'of', 'specialists', 'will', 'attempt', 'to', 'steal', 'more', 'than', '$150', 'million', 'from', 'three', 'Las', 'Vegas', 'casinos.', 'But', 'to', 'score', 'the', 'cash,', 'Danny', 'risks', 'his', 'chances', 'of', 'reconciling', 'with', 'ex-wife,', 'Tess.', 'Thriller', 'Crime']"
120,The Lord of the Rings: The Fellowship of the Ring,PeterJackson,http://www.lordoftherings.net/,"['Young', 'hobbit', 'Frodo', 'Baggins,', 'after', 'inheriting', 'a', 'mysterious', 'ring', 'from', 'his', 'uncle', 'Bilbo,', 'must', 'leave', 'his', 'home', 'in', 'order', 'to', 'keep', 'it', 'from', 'falling', 'into', 'the', 'hands', 'of', 'its', 'evil', 'creator.', 'Along', 'the', 'way,', 'a', 'fellowship', 'is', 'formed', 'to', 'protect', 'the', 'ringbearer', 'and', 'make', 'sure', 'that', 'the', 'ring', 'arrives', 'at', 'its', 'final', 'destination:', 'Mt.', 'Doom,', 'the', 'only', 'place', 'where', 'it', 'can', 'be', 'destroyed.', 'Adventure', 'Fantasy', 'Action']"
39939,Super Troopers,JayChandrasekhar,http://www.brokenlizard.com/,"['Five', 'bored,', 'occasionally', 'high', 'and', 'always', 'ineffective', 'Vermont', 'state', 'troopers', 'must', 'prove', 'their', 'worth', 'to', 'the', 'governor', 'or', 'lose', 'their', 'jobs.', 'After', 'stumbling', 'on', 'a', 'drug', 'ring,', 'they', 'plan', 'to', 'make', 'a', 'bust,', 'but', 'a', 'rival', 'police', 'force', 'is', 'out', 'to', 'steal', 'the', 'glory.', 'Comedy', 'Crime', 'Mystery']"
66946,The Bad News Bears Go to Japan,JohnBerry,http://www.imdb.com/title/tt0077199/,"['In', 'this', 'third', 'film', 'version', 'of', 'the', 'Bad', 'News', 'Bears', 'series,', 'Tony', 'Curtis', 'plays', 'a', 'small', 'time', 'promotor/hustler', 'who', 'takes', 'the', 'pint-sized', 'baseball', 'team', 'to', 'Japan', 'for', 'a', 'match', 'against', 'the', ""country's"", 'best', 'little', 'league', 'baseball', 'team', 'which', 'sparks', 'off', 'a', 'series', 'of', 'adventures', 'and', 'mishaps', 'the', 'boys', 'come', 'into.', 'Comedy', 'Family']"
425,Ice Age,ChrisWedge,http://www.iceagemovies.com/films/ice-age,"['With', 'the', 'impending', 'ice', 'age', 'almost', 'upon', 'them,', 'a', 'mismatched', 'trio', 'of', 'prehistoric', 'critters', '–', 'Manny', 'the', 'woolly', 'mammoth,', 'Diego', 'the', 'saber-toothed', 'tiger', 'and', 'Sid', 'the', 'giant', 'sloth', '–', 'find', 'an', 'orphaned', 'infant', 'and', 'decide', 'to', 'return', 'it', 'to', 'its', 'human', 'parents.', 'Along', 'the', 'way,', 'the', 'unlikely', 'allies', 'become', 'friends', 'but,', 'when', 'enemies', 'attack,', 'their', 'quest', 'takes', 'on', 'far', 'nobler', 'aims.', 'Animation', 'Comedy', 'Family', 'Adventure']"
1576,Resident Evil,PaulW.S.Anderson,http://www.sonypictures.com/movies/residentevil/index.html,"['When', 'a', 'virus', 'leaks', 'from', 'a', 'top-secret', 'facility,', 'turning', 'all', 'resident', 'researchers', 'into', 'ravenous', 'zombies', 'and', 'their', 'lab', 'animals', 'into', 'mutated', 'hounds', 'from', 'hell,', 'the', 'government', 'sends', 'in', 'an', 'elite', 'military', 'task', 'force', 'to', 'contain', 'the', 'outbreak.', 'Alice', 'and', 'Rain', 'are', 'charged', 'with', 'leading', 'the', 'mission.', 'But', 'they', 'only', 'have', 'three', 'hours', 'before', 'the', 'pathogen', 'becomes', 'airborne', 'and', 'infects', 'the', 'world.', 'Horror', 'Action', 'ScienceFiction']"
36586,Blade II,GuillermodelToro,http://www.warnerbros.com/blade-ii,"['A', 'rare', 'mutation', 'has', 'occurred', 'within', 'the', 'vampire', 'community', '-', 'The', 'Reaper.', 'A', 'vampire', 'so', 'consumed', 'with', 'an', 'insatiable', 'bloodlust', 'that', 'they', 'prey', 'on', 'vampires', 'as', 'well', 'as', 'humans,', 'transforming', 'victims', 'who', 'are', 'unlucky', 'enough', 'to', 'survive', 'into', 'Reapers', 'themselves.', 'Blade', 'is', 'asked', 'by', 'the', 'Vampire', 'Nation', 'for', 'his', 'help', 'in', 'preventing', 'a', 'nightmare', 'plague', 'that', 'would', 'wipe', 'out', 'both', 'humans', 'and', 'vampires.', 'Fantasy', 'Horror', 'Action', 'Thriller']"
9334,The Scorpion King,ChuckRussell,http://www.the-scorpion-king.com/,"['In', 'ancient', 'Egypt,', 'peasant', 'Mathayus', 'is', 'hired', 'to', 'exact', 'revenge', 'on', 'the', 'powerful', 'Memnon', 'and', 'the', 'sorceress', 'Cassandra,', 'who', 'are', 'ready', 'to', 'overtake', ""Balthazar's"", 'village.', 'Amid', 'betrayals,', 'thieves,', 'abductions', 'and', 'more,', 'Mathayus', 'strives', 'to', 'bring', 'justice', 'to', 'his', 'complicated', 'world.', 'Action', 'Fantasy', 'Adventure']"
557,Spider-Man,SamRaimi,http://www.sonypictures.com/movies/spider-man/,"['After', 'being', 'bitten', 'by', 'a', 'genetically', 'altered', 'spider,', 'nerdy', 'high', 'school', 'student', 'Peter', 'Parker', 'is', 'endowed', 'with', 'amazing', 'powers.', 'Fantasy', 'Action']"
1894,Star Wars: Episode II - Attack of the Clones,GeorgeLucas,http://www.starwars.com/films/star-wars-episode-ii-attack-of-the-clones,"['Ten', 'years', 'after', 'the', 'invasion', 'of', 'Naboo,', 'the', 'galaxy', 'is', 'on', 'the', 'brink', 'of', 'civil', 'war.', 'Under', 'the', 'leadership', 'of', 'a', 'renegade', 'Jedi', 'named', 'Count', 'Dooku,', 'thousands', 'of', 'solar', 'systems', 'threaten', 'to', 'break', 'away', 'from', 'the', 'Galactic', 'Republic.', 'When', 'an', 'assassination', 'attempt', 'is', 'made', 'on', 'Senator', 'Padmé', 'Amidala,', 'the', 'former', 'Queen', 'of', 'Naboo,', 'twenty-year-old', 'Jedi', 'apprentice', 'Anakin', 'Skywalker', 'is', 'assigned', 'to', 'protect', 'her.', 'In', 'the', 'course', 'of', 'his', 'mission,', 'Anakin', 'discovers', 'his', 'love', 'for', 'Padmé', 'as', 'well', 'as', 'his', 'own', 'darker', 'side.', 'Soon,', 'Anakin,', 'Padmé,', 'and', 'Obi-Wan', 'Kenobi', 'are', 'drawn', 'into', 'the', 'heart', 'of', 'the', 'Separatist', 'movement', 'and', 'the', 'beginning', 'of', 'the', 'Clone', 'Wars.', 'Adventure', 'Action', 'ScienceFiction']"
4614,The Sum of All Fears,PhilAldenRobinson,http://www.paramount.com/movies/sum-all-fears,"['When', 'the', 'president', 'of', 'Russia', 'suddenly', 'dies,', 'a', 'man', 'whose', 'politics', 'are', 'virtually', 'unknown', 'succeeds', 'him.', 'The', 'change', 'in', 'political', 'leaders', 'sparks', 'paranoia', 'among', 'American', 'CIA', 'officials,', 'so', 'CIA', 'director', 'Bill', 'Cabot', 'recruits', 'a', 'young', 'analyst', 'to', 'supply', 'insight', 'and', 'advice', 'on', 'the', 'situation.', 'Then', 'the', 'unthinkable', 'happens:', 'a', 'nuclear', 'bomb', 'explodes', 'in', 'a', 'U.S.', 'city,', 'and', 'America', 'is', 'quick', 'to', 'blame', 'the', 'Russians.', 'Thriller', 'Action', 'Drama']"
2501,The Bourne Identity,DougLiman,http://www.universalstudiosentertainment.com/the-bourne-identity/,"['Wounded', 'to', 'the', 'brink', 'of', 'death', 'and', 'suffering', 'from', 'amnesia,', 'Jason', 'Bourne', 'is', 'rescued', 'at', 'sea', 'by', 'a', 'fisherman.', 'With', 'nothing', 'to', 'go', 'on', 'but', 'a', 'Swiss', 'bank', 'account', 'number,', 'he', 'starts', 'to', 'reconstruct', 'his', 'life,', 'but', 'finds', 'that', 'many', 'people', 'he', 'encounters', 'want', 'him', 'dead.', 'However,', 'Bourne', 'realizes', 'that', 'he', 'has', 'the', 'combat', 'and', 'mental', 'skills', 'of', 'a', 'world-class', 'spy', '–', 'but', 'who', 'does', 'he', 'work', 'for?', 'Action', 'Drama', 'Mystery', 'Thriller']"
608,Men in Black II,BarrySonnenfeld,http://www.sonypictures.com/homevideo/meninblackii/,"['Kay', 'and', 'Jay', 'reunite', 'to', 'provide', 'our', 'best,', 'last', 'and', 'only', 'line', 'of', 'defense', 'against', 'a', 'sinister', 'seductress', 'who', 'levels', 'the', 'toughest', 'challenge', 'yet', 'to', 'the', ""MIB's"", 'untarnished', 'mission', 'statement', '–', 'protecting', 'Earth', 'from', 'the', 'scum', 'of', 'the', 'universe.', ""It's"", 'been', 'four', 'years', 'since', 'the', 'alien-seeking', 'agents', 'averted', 'an', 'intergalactic', 'disaster', 'of', 'epic', 'proportions.', 'Now', ""it's"", 'a', 'race', 'against', 'the', 'clock', 'as', 'Jay', 'must', 'convince', 'Kay', '–', 'who', 'not', 'only', 'has', 'absolutely', 'no', 'memory', 'of', 'his', 'time', 'spent', 'with', 'the', 'MIB,', 'but', 'is', 'also', 'the', 'only', 'living', 'person', 'left', 'with', 'the', 'expertise', 'to', 'save', 'the', 'galaxy', '–', 'to', 'reunite', 'with', 'the', 'MIB', 'before', 'the', 'earth', 'submits', 'to', 'ultimate', 'destruction.', 'Action', 'Adventure', 'Comedy', 'ScienceFiction']"
818,Austin Powers in Goldmember,JayRoach,http://www.austinpowers.com/,"['The', ""world's"", 'most', 'shagadelic', 'spy', 'continues', 'his', 'fight', 'against', 'Dr.', 'Evil.', 'This', 'time,', 'the', 'diabolical', 'doctor', 'and', 'his', 'clone,', 'Mini-Me,', 'team', 'up', 'with', 'a', 'new', 'foe', '--', ""'70s"", 'kingpin', 'Goldmember.', 'While', 'pursuing', 'the', 'team', 'of', 'villains', 'to', 'stop', 'them', 'from', 'world', 'domination,', 'Austin', 'gets', 'help', 'from', 'his', 'dad', 'and', 'an', 'old', 'girlfriend.', 'Comedy', 'Crime', 'ScienceFiction']"
7451,xXx,RobCohen,http://www.sonypictures.com/movies/xxx/,"['Xander', 'Cage', 'is', 'your', 'standard', 'adrenaline', 'junkie', 'with', 'no', 'fear', 'and', 'a', 'lousy', 'attitude.', 'When', 'the', 'US', 'Government', '""recruits""', 'him', 'to', 'go', 'on', 'a', 'mission,', ""he's"", 'not', 'exactly', 'thrilled.', 'His', 'mission:', 'to', 'gather', 'information', 'on', 'an', 'organization', 'that', 'may', 'just', 'be', 'planning', 'the', 'destruction', 'of', 'the', 'world,', 'led', 'by', 'the', 'nihilistic', 'Yorgi.', 'Action', 'Adventure', 'Thriller']"
10575,Heaven,TomTykwer,http://www.miramax.com/movie/heaven,"['A', 'woman', 'takes', 'the', 'law', 'into', 'her', 'own', 'hands', 'after', 'police', 'ignore', 'her', 'pleas', 'to', 'arrest', 'the', 'man', 'responsible', 'for', 'her', ""husband's"", 'death,', 'and', 'finds', 'herself', 'not', 'only', 'under', 'arrest', 'for', 'murder', 'but', 'falling', 'in', 'love', 'with', 'an', 'officer.', 'Drama', 'Thriller', 'Romance', 'Crime']"
12600,Pokémon 4Ever: Celebi - Voice of the Forest,KunihikoYuyama,http://www.pokemon.com/us/movies/movie-pokemon-4ever-2002/,"['All', 'your', 'favorite', 'Pokémon', 'characters', 'are', 'back,', 'and', 'are', 'joined', 'for', 'the', 'first', 'time', 'by', 'the', 'legendary', 'Pokémon', 'Celebi', 'and', 'Suicune,', 'in', 'this', 'latest', 'exciting', 'Pokémon', 'adventure!', 'In', 'order', 'to', 'escape', 'a', 'greedy', 'Pokémon', 'hunter,', 'Celebi', 'must', 'use', 'the', 'last', 'of', 'its', 'energy', 'to', 'travel', 'through', 'time', 'to', 'the', 'present', 'day.', 'Celebi', 'brings', 'along', 'Sammy,', 'a', 'boy', 'who', 'had', 'been', 'trying', 'to', 'protect', 'it.', 'Along', 'with', 'Ash,', 'Pikachu,', 'and', 'the', 'rest', 'of', 'the', 'gang,', 'Sammy', 'and', 'Celebi', 'encounter', 'an', 'enemy', 'far', 'more', 'advanced', 'than', 'the', 'hunter', 'left', 'behind', 'in', 'the', 'past.', 'This', 'new', 'enemy', 'possesses', 'a', 'Pokéball', 'called', 'a', '“Dark', 'Ball,”', 'which', 'transforms', 'the', 'Pokémon', 'it', 'captures', 'into', 'evil', 'and', 'far', 'stronger', 'creatures.', 'When', 'Celebi', 'is', 'captured,', 'the', 'fate', 'of', 'the', 'entire', 'forest', 'is', 'threatened.', 'Let', 'POKÉMON', '4EVER', 'transport', 'you', 'to', 'a', 'world', 'of', 'adventure', 'as', 'Ash,', 'Suicune', 'and', 'the', 'rest', 'take', 'action', 'to', 'save', 'the', 'day!', 'Adventure', 'Fantasy', 'Animation', 'ScienceFiction', 'Family']"
27997,Shock Treatment,JimSharman,http://www.rockyhorror.com/shocktreatment/,"['Janet', 'and', 'Brad', 'become', 'contestants', 'on', 'a', 'game', 'show...', 'but', 'wind', 'up', 'as', 'captives', 'instead.', 'Comedy', 'Music']"
36669,Die Another Day,LeeTamahori,http://www.mgm.com/view/movie/232/Die-Another-Day/,"['Bond', 'takes', 'on', 'a', 'North', 'Korean', 'leader', 'who', 'undergoes', 'DNA', 'replacement', 'procedures', 'that', 'allow', 'him', 'to', 'assume', 'different', 'identities.', 'American', 'agent,', 'Jinx', 'Johnson', 'assists', 'Bond', 'in', 'his', 'attempt', 'to', 'thwart', 'the', ""villain's"", 'plans', 'to', 'exploit', 'a', 'satellite', 'that', 'is', 'powered', 'by', 'solar', 'energy.', 'Adventure', 'Action', 'Thriller']"
20992,Brother,AlekseyBalabanov,http://brat2.film.ru/brat1.asp,"['Danila', 'goes', 'to', 'his', 'older', 'brother', 'to', 'start', 'a', 'new', 'life', 'in', 'Petersburg.', 'His', 'brother', 'is', 'a', 'gangster', 'and', 'a', 'killer,', 'and', 'he', 'puts', 'Danila', 'into', 'this', 'criminal', 'world', 'asking', 'him', 'to', 'kill', 'someone.', 'Action', 'Crime', 'Thriller']"
121,The Lord of the Rings: The Two Towers,PeterJackson,http://www.lordoftherings.net/,"['Frodo', 'and', 'Sam', 'are', 'trekking', 'to', 'Mordor', 'to', 'destroy', 'the', 'One', 'Ring', 'of', 'Power', 'while', 'Gimli,', 'Legolas', 'and', 'Aragorn', 'search', 'for', 'the', 'orc-captured', 'Merry', 'and', 'Pippin.', 'All', 'along,', 'nefarious', 'wizard', 'Saruman', 'awaits', 'the', 'Fellowship', 'members', 'at', 'the', 'Orthanc', 'Tower', 'in', 'Isengard.', 'Adventure', 'Fantasy', 'Action']"
2662,House of 1000 Corpses,RobZombie,http://robzombie.com/movies/house-of-1000-corpses/,"['Two', 'teenage', 'couples', 'traveling', 'across', 'the', 'backwoods', 'of', 'Texas', 'searching', 'for', 'urban', 'legends', 'of', 'serial', 'killers', 'end', 'up', 'as', 'prisoners', 'of', 'a', 'bizarre', 'and', 'sadistic', 'backwater', 'family', 'of', 'serial', 'killers.', 'Horror']"
33875,Pokémon Heroes: Latios and Latias,JimMalone,http://www.pokemon.com/us/movies/movie-pokemon-heroes-2003/,"['Ash,', 'Pikachu', 'and', 'his', 'friends', 'try', 'and', 'stop', 'a', 'pair', 'of', 'thieves', 'hiding', 'out', 'in', 'the', 'canals', 'and', 'alleyways', 'of', 'Alto', 'Mare,', 'the', 'age-old', 'water', 'capital.', 'Joining', 'the', 'adventure', 'are', 'two', 'new', 'legendary', 'Pokémon,', 'a', 'pair', 'of', 'siblings', 'named', 'Latias', 'and', 'Latios,', 'who', 'serve', 'as', 'peacekeepers', 'and', 'protectors', 'of', 'the', 'Soul', 'Dew', '-', 'a', 'priceless', 'treasure', 'with', 'a', 'mysterious', 'power.', 'Action', 'Adventure', 'Animation', 'Fantasy']"
310,Bruce Almighty,TomShadyac,http://www.brucealmighty.com/,"['Bruce', 'Nolan', 'toils', 'as', 'a', '""human', 'interest""', 'television', 'reporter', 'in', 'Buffalo,', 'N.Y.', 'Despite', 'his', 'high', 'ratings', 'and', 'the', 'love', 'of', 'his', 'beautiful', 'girlfriend,', 'Grace,', 'Bruce', 'remains', 'unfulfilled.', 'At', 'the', 'end', 'of', 'the', 'worst', 'day', 'in', 'his', 'life,', 'he', 'angrily', 'ridicules', 'God', '--', 'and', 'the', 'Almighty', 'responds,', 'endowing', 'Bruce', 'with', 'all', 'of', 'His', 'divine', 'powers.', 'Fantasy', 'Comedy']"
12,Finding Nemo,AndrewStanton,http://movies.disney.com/finding-nemo,"['Nemo,', 'an', 'adventurous', 'young', 'clownfish,', 'is', 'unexpectedly', 'taken', 'from', 'his', 'Great', 'Barrier', 'Reef', 'home', 'to', 'a', ""dentist's"", 'office', 'aquarium.', ""It's"", 'up', 'to', 'his', 'worrisome', 'father', 'Marlin', 'and', 'a', 'friendly', 'but', 'forgetful', 'fish', 'Dory', 'to', 'bring', 'Nemo', 'home', '--', 'meeting', 'vegetarian', 'sharks,', 'surfer', 'dude', 'turtles,', 'hypnotic', 'jellyfish,', 'hungry', 'seagulls,', 'and', 'more', 'along', 'the', 'way.', 'Animation', 'Family']"
22,Pirates of the Caribbean: The Curse of the Black Pearl,GoreVerbinski,http://disney.go.com/disneyvideos/liveaction/pirates/main_site/main.html,"['Jack', 'Sparrow,', 'a', 'freewheeling', '17th-century', 'pirate', 'who', 'roams', 'the', 'Caribbean', 'Sea,', 'butts', 'heads', 'with', 'a', 'rival', 'pirate', 'bent', 'on', 'pillaging', 'the', 'village', 'of', 'Port', 'Royal.', 'When', 'the', ""governor's"", 'daughter', 'is', 'kidnapped,', 'Sparrow', 'decides', 'to', 'help', 'the', ""girl's"", 'love', 'save', 'her.', 'But', 'their', 'seafaring', 'mission', 'is', 'hardly', 'simple.', 'Adventure', 'Fantasy', 'Action']"
9257,S.W.A.T.,ClarkJohnson,http://www.sonypictures.com/homevideo/swat/,"['Hondo', 'Harrelson', 'recruits', 'Jim', 'Street', 'to', 'join', 'an', 'elite', 'unit', 'of', 'the', 'Los', 'Angeles', 'Police', 'Department.', 'Together', 'they', 'seek', 'out', 'more', 'members,', 'including', 'tough', 'Deke', 'Kay', 'and', 'single', 'mom', 'Chris', 'Sanchez.', 'The', ""team's"", 'first', 'big', 'assignment', 'is', 'to', 'escort', 'crime', 'boss', 'Alex', 'Montel', 'to', 'prison.', 'It', 'seems', 'routine,', 'but', 'when', 'Montel', 'offers', 'a', 'huge', 'reward', 'to', 'anyone', 'who', 'can', 'break', 'him', 'free,', 'criminals', 'of', 'various', 'stripes', 'step', 'up', 'for', 'the', 'prize.', 'Action', 'Thriller', 'Crime']"
277,Underworld,LenWiseman,http://www.sonypictures.com/movies/underworld/site/main.html,"['Vampires', 'and', 'werewolves', 'have', 'waged', 'a', 'nocturnal', 'war', 'against', 'each', 'other', 'for', 'centuries.', 'But', 'all', 'bets', 'are', 'off', 'when', 'a', 'female', 'vampire', 'warrior', 'named', 'Selene,', ""who's"", 'famous', 'for', 'her', 'strength', 'and', 'werewolf-hunting', 'prowess,', 'becomes', 'smitten', 'with', 'a', 'peace-loving', 'male', 'werewolf,', 'Michael,', 'who', 'wants', 'to', 'end', 'the', 'war.', 'Fantasy', 'Action', 'Thriller']"
11059,House of the Dead,UweBoll,http://www.house-of-the-dead.com/,"['Set', 'on', 'an', 'island', 'off', 'the', 'coast,', 'a', 'techno', 'rave', 'party', 'attracts', 'a', 'diverse', 'group', 'of', 'college', 'coeds', 'and', 'a', 'Coast', 'Guard', 'officer.', 'Soon,', 'they', 'discover', 'that', 'their', 'X-laced', 'escapades', 'are', 'to', 'be', 'interrupted', 'by', 'zombies', 'and', 'monsters', 'that', 'attack', 'them', 'on', 'the', 'ground,', 'from', 'the', 'air,', 'and', 'in', 'the', 'sea,', 'ruled', 'by', 'an', 'evil', 'entity', 'in', 'the', 'House', 'of', 'the', 'Dead...', 'Prequel', 'to', 'the', 'House', 'of', 'the', 'Dead', 'video', 'games.', 'Horror', 'Action', 'Thriller']"
24,Kill Bill: Vol. 1,QuentinTarantino,http://www.miramax.com/movie/kill-bill-volume-1/,"['An', 'assassin', 'is', 'shot', 'at', 'the', 'altar', 'by', 'her', 'ruthless', 'employer,', 'Bill', 'and', 'other', 'members', 'of', 'their', 'assassination', 'circle', '–', 'but', ""'The"", ""Bride'"", 'lives', 'to', 'plot', 'her', 'vengeance.', 'Setting', 'out', 'for', 'some', 'payback,', 'she', 'makes', 'a', 'death', 'list', 'and', 'hunts', 'down', 'those', 'who', 'wronged', 'her,', 'saving', 'Bill', 'for', 'last.', 'Action', 'Crime']"
10009,Brother Bear,AaronBlaise,http://movies.disney.com/brother-bear,"['When', 'an', 'impulsive', 'boy', 'named', 'Kenai', 'is', 'magically', 'transformed', 'into', 'a', 'bear,', 'he', 'must', 'literally', 'walk', 'in', ""another's"", 'footsteps', 'until', 'he', 'learns', 'some', 'valuable', 'life', 'lessons.', 'His', 'courageous', 'and', 'often', 'zany', 'journey', 'introduces', 'him', 'to', 'a', 'forest', 'full', 'of', 'wildlife,', 'including', 'the', 'lovable', 'bear', 'cub', 'Koda,', 'hilarious', 'moose', 'Rutt', 'and', 'Tuke,', 'woolly', 'mammoths', 'and', 'rambunctious', 'rams.', 'Adventure', 'Animation', 'Family']"
10389,The Eye,DannyPang,http://theeye.kingnet.com.tw/en-main.html,"['A', 'blind', 'girl', 'gets', 'a', 'cornea', 'transplant', 'so', 'that', 'she', 'would', 'be', 'able', 'to', 'see', 'again.', 'However,', 'she', 'got', 'more', 'than', 'what', 'she', 'bargained', 'for', 'when', 'she', 'realised', 'she', 'could', 'even', 'see', 'ghosts.', 'And', 'some', 'of', 'these', 'ghosts', 'are', 'down', 'right', 'unfriendly.', 'So', 'she', 'embarks', 'on', 'a', 'journey', 'to', 'find', 'the', 'origins', 'of', 'her', 'cornea', 'and', 'to', 'reveal', 'the', 'history', 'of', 'the', 'previous', 'dead', 'owner', '...', 'Horror']"
10147,Bad Santa,TerryZwigoff,http://www.miramax.com/movie/bad-santa,"['A', 'miserable', 'conman', 'and', 'his', 'partner', 'pose', 'as', 'Santa', 'and', 'his', 'Little', 'Helper', 'to', 'rob', 'department', 'stores', 'on', 'Christmas', 'Eve.', 'But', 'they', 'run', 'into', 'problems', 'when', 'the', 'conman', 'befriends', 'a', 'troubled', 'kid,', 'and', 'the', 'security', 'boss', 'discovers', 'the', 'plot.', 'Drama', 'Comedy', 'Crime']"
860,WarGames,JohnBadham,http://www.mgm.com/title_title.do?title_star=WARGAMES,"['High', 'School', 'student', 'David', 'Lightman', '(Matthew', 'Broderick)', 'has', 'a', 'talent', 'for', 'hacking.', 'But', 'while', 'trying', 'to', 'hack', 'into', 'a', 'computer', 'system', 'to', 'play', 'unreleased', 'video', 'games,', 'he', 'unwittingly', 'taps', 'into', 'the', 'Defense', ""Department's"", 'war', 'computer', 'and', 'initiates', 'a', 'confrontation', 'of', 'global', 'proportions!', 'Together', 'with', 'his', 'girlfriend', '(Ally', 'Sheedy)', 'and', 'a', 'wizardly', 'computer', 'genius', '(John', 'Wood),', 'David', 'must', 'race', 'against', 'time', 'to', 'outwit', 'his', 'opponent...and', 'prevent', 'a', 'nuclear', 'Armageddon.', 'Thriller', 'ScienceFiction']"
122,The Lord of the Rings: The Return of the King,PeterJackson,http://www.lordoftherings.net,"['Aragorn', 'is', 'revealed', 'as', 'the', 'heir', 'to', 'the', 'ancient', 'kings', 'as', 'he,', 'Gandalf', 'and', 'the', 'other', 'members', 'of', 'the', 'broken', 'fellowship', 'struggle', 'to', 'save', 'Gondor', 'from', ""Sauron's"", 'forces.', 'Meanwhile,', 'Frodo', 'and', 'Sam', 'bring', 'the', 'ring', 'closer', 'to', 'the', 'heart', 'of', 'Mordor,', 'the', 'dark', ""lord's"", 'realm.', 'Adventure', 'Fantasy', 'Action']"
17047,Agent Cody Banks 2: Destination London,KevinAllen,http://www.mgm.com/view/Movie/33/,"['With', 'all-new', 'gadgets,', 'high-flying', 'action,', 'exciting', 'chases', 'and', 'a', 'wisecracking', 'new', 'handler,', 'Derek', '(Anthony', 'Anderson),', 'Cody', 'has', 'to', 'retrieve', 'the', 'device', 'before', 'the', ""world's"", 'leaders', 'fall', 'under', 'the', 'evil', 'control', 'of', 'a', 'diabolical', 'villain.', 'Comedy']"
1487,Hellboy,GuillermodelToro,http://www.sonypictures.com/homevideo/hellboy/,"['In', 'the', 'final', 'days', 'of', 'World', 'War', 'II,', 'the', 'Nazis', 'attempt', 'to', 'use', 'black', 'magic', 'to', 'aid', 'their', 'dying', 'cause.', 'The', 'Allies', 'raid', 'the', 'camp', 'where', 'the', 'ceremony', 'is', 'taking', 'place,', 'but', 'not', 'before', 'a', 'demon', '-', 'Hellboy', '-', 'has', 'already', 'been', 'conjured.', 'Joining', 'the', 'Allied', 'forces,', 'Hellboy', 'eventually', 'grows', 'to', 'adulthood,', 'serving', 'the', 'cause', 'of', 'good', 'rather', 'than', 'evil.', 'Fantasy', 'Action', 'ScienceFiction']"
10625,Mean Girls,MarkWaters,http://www.meangirls.com/,"['Cady', 'Heron', 'is', 'a', 'hit', 'with', 'The', 'Plastics,', 'the', 'A-list', 'girl', 'clique', 'at', 'her', 'new', 'school,', 'until', 'she', 'makes', 'the', 'mistake', 'of', 'falling', 'for', 'Aaron', 'Samuels,', 'the', 'ex-boyfriend', 'of', 'alpha', 'Plastic', 'Regina', 'George.', 'Comedy']"
7131,Van Helsing,StephenSommers,https://www.uphe.com/movies/van-helsing,"['Famed', 'monster', 'slayer', 'Gabriel', 'Van', 'Helsing', 'is', 'dispatched', 'to', 'Transylvania', 'to', 'assist', 'the', 'last', 'of', 'the', 'Valerious', 'bloodline', 'in', 'defeating', 'Count', 'Dracula.', 'Anna', 'Valerious', 'reveals', 'that', 'Dracula', 'has', 'formed', 'an', 'unholy', 'alliance', 'with', 'Dr.', ""Frankenstein's"", 'monster', 'and', 'is', 'hell-bent', 'on', 'exacting', 'a', 'centuries-old', 'curse', 'on', 'her', 'family.', 'Horror', 'Adventure', 'Action']"
667,You Only Live Twice,LewisGilbert,http://www.mgm.com/view/movie/2347/You-Only-Live-Twice/,"['A', 'mysterious', 'space', 'craft', 'kidnaps', 'a', 'Russian', 'and', 'American', 'space', 'capsule', 'and', 'brings', 'the', 'world', 'on', 'the', 'verge', 'of', 'another', 'World', 'War.', 'James', 'Bond', 'investigates', 'the', 'case', 'in', 'Japan', 'and', 'meets', 'with', 'his', 'archenemy', 'Blofeld.', 'The', 'fifth', 'film', 'from', 'the', 'legendary', 'James', 'Bond', 'series', 'starring', 'Sean', 'Connery', 'as', 'the', 'British', 'super', 'agent.', 'Action', 'Thriller', 'Adventure']"
700,Octopussy,JohnGlen,http://www.mgm.com/view/movie/1394/Octopussy/,"['James', 'Bond', 'is', 'sent', 'to', 'investigate', 'after', 'a', 'fellow', '“00”', 'agent', 'is', 'found', 'dead', 'with', 'a', 'priceless', 'Farberge', 'egg.', 'James', 'bond', 'follows', 'the', 'mystery', 'and', 'uncovers', 'a', 'smuggling', 'scandal', 'and', 'a', 'Russian', 'General', 'who', 'wants', 'to', 'provoke', 'a', 'new', 'World', 'War.', 'Adventure', 'Action', 'Thriller']"
36670,Never Say Never Again,IrvinKershner,http://www.mgm.com/view/movie/1345/Never-Say-Never-Again/,"['James', 'Bond', 'returns', 'as', 'the', 'secret', 'agent', '007', 'one', 'more', 'time', 'to', 'battle', 'the', 'evil', 'organization', 'SPECTRE.', 'Bond', 'must', 'defeat', 'Largo,', 'who', 'has', 'stolen', 'two', 'atomic', 'warheads', 'for', 'nuclear', 'blackmail.', 'But', 'Bond', 'has', 'an', 'ally', 'in', ""Largo's"", 'girlfriend,', 'the', 'willowy', 'Domino,', 'who', 'falls', 'for', 'Bond', 'and', 'seeks', 'revenge.', 'This', 'is', 'the', 'last', 'time', 'for', 'Sean', 'Connery', 'as', 'Her', ""Majesty's"", 'Secret', 'Agent', '007.', 'Adventure', 'Action', 'Thriller']"
1583,Lammbock,ChristianZübert,http://www.lammbock-derfilm.de/,"['Stefan', 'and', 'Kai', 'have', 'good', 'going', 'business,', 'self-grown', 'cannabis', 'screened', 'as', 'pizza', 'delivering', 'service.', 'For', 'now', 'they', 'only', 'have', 'to', 'deal', 'with', 'plant-louses.', 'Comedy']"
809,Shrek 2,AndrewAdamson,http://www.shrek2.com/,"['Shrek,', 'Fiona', 'and', 'Donkey', 'set', 'off', 'to', 'Far,', 'Far', 'Away', 'to', 'meet', ""Fiona's"", 'mother', 'and', 'father.', 'But', 'not', 'everyone', 'is', 'happy.', 'Shrek', 'and', 'the', 'King', 'find', 'it', 'hard', 'to', 'get', 'along,', 'and', ""there's"", 'tension', 'in', 'the', 'marriage.', 'The', 'fairy', 'godmother', 'discovers', 'that', 'Shrek', 'has', 'married', 'Fiona', 'instead', 'of', 'her', 'Son', 'Prince', 'Charming', 'and', 'sets', 'about', 'destroying', 'their', 'marriage.', 'Adventure', 'Animation', 'Comedy', 'Family', 'Fantasy']"
558,Spider-Man 2,SamRaimi,http://www.sonypictures.com/movies/spider-man2/,"['Peter', 'Parker', 'is', 'going', 'through', 'a', 'major', 'identity', 'crisis.', 'Burned', 'out', 'from', 'being', 'Spider-Man,', 'he', 'decides', 'to', 'shelve', 'his', 'superhero', 'alter', 'ego,', 'which', 'leaves', 'the', 'city', 'suffering', 'in', 'the', 'wake', 'of', 'carnage', 'left', 'by', 'the', 'evil', 'Doc', 'Ock.', 'In', 'the', 'meantime,', 'Parker', 'still', ""can't"", 'act', 'on', 'his', 'feelings', 'for', 'Mary', 'Jane', 'Watson,', 'a', 'girl', ""he's"", 'loved', 'since', 'childhood.', 'Action', 'Adventure', 'Fantasy']"
80,Before Sunset,RichardLinklater,http://www.warnerbros.com/?site=beforesunset#/page=movies&pid=f-57b53b9e/BEFORE_SUNSET&asset=059437/Before_Sunset_-_Trailer_1A&type=video/,"['Nine', 'years', 'ago', 'two', 'strangers', 'met', 'by', 'chance', 'and', 'spent', 'a', 'night', 'in', 'Vienna', 'that', 'ended', 'before', 'sunrise.', 'They', 'are', 'about', 'to', 'meet', 'for', 'the', 'first', 'time', 'since.', 'Now', 'they', 'have', 'one', 'afternoon', 'to', 'find', 'out', 'if', 'they', 'belong', 'together.', 'Drama', 'Romance']"
11247,A Cinderella Story,MarkRosman,http://www2.warnerbros.com/acinderellastory/index.html,"['Sam', 'Montgomery', 'is', 'a', 'tomboyish,', 'unpopular', 'girl', 'at', 'school.', 'She', 'has', 'been', 'text', 'messaging', 'a', 'somebody', 'named', 'Nomad', 'for', 'a', 'few', 'months', 'and', 'he', 'asks', 'her', 'to', 'meet', 'him', 'at', 'the', 'Halloween', 'dance', 'at', '11:00', 'in', 'the', 'middle', 'of', 'the', 'dance', 'floor.', 'The', 'only', 'problem', 'is,', 'she', 'must', 'get', 'back', 'to', 'the', 'diner,', 'ran', 'by', 'her', 'wicked', 'Stepmom', 'Fiona', 'by', '12', 'sharp', 'because', 'she', 'is', 'not', 'supposed', 'to', 'be', 'there.', 'Before', 'Nomad', 'can', 'found', 'out', 'who', 'she', 'is,', 'she', 'must', 'leave', 'with', 'her', 'best', 'friend,', 'Carter', 'driving', 'her', 'back', 'to', 'the', 'diner.', 'After', 'that', 'night,', 'everything', 'in', ""Sam's"", 'life', 'goes', 'wacko!', 'Comedy']"
2502,The Bourne Supremacy,PaulGreengrass,https://www.uphe.com/movies/the-bourne-supremacy,"['When', 'a', 'CIA', 'operation', 'to', 'purchase', 'classified', 'Russian', 'documents', 'is', 'blown', 'by', 'a', 'rival', 'agent,', 'who', 'then', 'shows', 'up', 'in', 'the', 'sleepy', 'seaside', 'village', 'where', 'Bourne', 'and', 'Marie', 'have', 'been', 'living.', 'The', 'pair', 'run', 'for', 'their', 'lives', 'and', 'Bourne,', 'who', 'promised', 'retaliation', 'should', 'anyone', 'from', 'his', 'former', 'life', 'attempt', 'contact,', 'is', 'forced', 'to', 'once', 'again', 'take', 'up', 'his', 'life', 'as', 'a', 'trained', 'assassin', 'to', 'survive.', 'Action', 'Drama', 'Thriller']"
395,AVP: Alien vs. Predator,PaulW.S.Anderson,http://www.avp-movie.com/,"['When', 'scientists', 'discover', 'something', 'in', 'the', 'Arctic', 'that', 'appears', 'to', 'be', 'a', 'buried', 'Pyramid,', 'they', 'send', 'a', 'research', 'team', 'out', 'to', 'investigate.', 'Little', 'do', 'they', 'know', 'that', 'they', 'are', 'about', 'to', 'step', 'into', 'a', 'hunting', 'ground', 'where', 'Aliens', 'are', 'grown', 'as', 'sport', 'for', 'the', 'Predator', 'race.', 'Adventure', 'ScienceFiction', 'Action']"
9806,The Incredibles,BradBird,http://disney.go.com/disneyvideos/animatedfilms/incredibles/main.html,"['Bob', 'Parr', 'has', 'given', 'up', 'his', 'superhero', 'days', 'to', 'log', 'in', 'time', 'as', 'an', 'insurance', 'adjuster', 'and', 'raise', 'his', 'three', 'children', 'with', 'his', 'formerly', 'heroic', 'wife', 'in', 'suburbia.', 'But', 'when', 'he', 'receives', 'a', 'mysterious', 'assignment,', ""it's"", 'time', 'to', 'get', 'back', 'into', 'costume.', 'Action', 'Adventure', 'Animation', 'Family']"
163,Ocean's Twelve,StevenSoderbergh,http://oceans12.warnerbros.com/,"['Danny', 'Ocean', 'reunites', 'with', 'his', 'old', 'flame', 'and', 'the', 'rest', 'of', 'his', 'merry', 'band', 'of', 'thieves', 'in', 'carrying', 'out', 'three', 'huge', 'heists', 'in', 'Rome,', 'Paris', 'and', 'Amsterdam', '–', 'but', 'a', 'Europol', 'agent', 'is', 'hot', 'on', 'their', 'heels.', 'Thriller', 'Crime']"
36648,Blade: Trinity,DavidS.Goyer,http://www.warnerbros.com/blade-trinity,"['For', 'years,', 'Blade', 'has', 'fought', 'against', 'the', 'vampires', 'in', 'the', 'cover', 'of', 'the', 'night.', 'But', 'now,', 'after', 'falling', 'into', 'the', 'crosshairs', 'of', 'the', 'FBI,', 'he', 'is', 'forced', 'out', 'into', 'the', 'daylight,', 'where', 'he', 'is', 'driven', 'to', 'join', 'forces', 'with', 'a', 'clan', 'of', 'human', 'vampire', 'hunters', 'he', 'never', 'knew', 'existed', '-', 'The', 'Nightstalkers.', 'Together', 'with', 'Abigail', 'and', 'Hannibal,', 'two', 'deftly', 'trained', 'Nightstalkers,', 'Blade', 'follows', 'a', 'trail', 'of', 'blood', 'to', 'the', 'ancient', 'creature', 'that', 'is', 'also', 'hunting', 'him,', 'the', 'original', 'vampire,', 'Dracula.', 'ScienceFiction', 'Action', 'Horror', 'Thriller', 'Adventure', 'Fantasy']"
23336,Why We Fight: Prelude to War,FrankCapra,http://www.archive.org/details/PreludeToWar,"['Prelude', 'to', 'War', 'was', 'the', 'first', 'film', 'of', 'Frank', ""Capra's"", 'Why', 'We', 'Fight', 'propaganda', 'film', 'series,', 'commissioned', 'by', 'the', 'Pentagon', 'and', 'George', 'C.', 'Marshall.', 'It', 'was', 'made', 'to', 'convince', 'American', 'troops', 'of', 'the', 'necessity', 'of', 'combating', 'the', 'Axis', 'Powers', 'during', 'World', 'War', 'II.', 'This', 'film', 'examines', 'the', 'differences', 'between', 'democratic', 'and', 'fascist', 'states.', 'Documentary', 'History', 'War']"
17663,Anne of Green Gables,KevinSullivan,http://www.anneofgreengables.com/,"['At', 'the', 'turn', 'of', 'the', 'century', 'on', 'Prince', 'Edward', 'Island,', 'Matthew', 'Cuthbert', 'and', 'his', 'sister', 'Marilla', 'decide', 'to', 'take', 'on', 'an', 'orphan', 'boy', 'as', 'help', 'for', 'their', 'farm.', 'But', 'they', 'get', 'an', 'unexpected', 'jolt', 'when', ""they're"", 'mistakenly', 'sent', 'a', 'girl', 'instead:', 'Anne', 'Shirley.', ""Anne's"", 'a', 'dreamer', 'with', 'an', 'unusual', 'point', 'of', 'view,', 'far', 'removed', 'from', ""Marilla's"", 'pragmatic', 'ways,', 'and', ""it's"", 'only', 'on', 'trial', 'that', 'Marilla', 'agrees', 'to', 'keep', 'Anne.', 'Drama', 'Family']"
18311,Days of Being Wild,WongKar-wai,http://www.kino.com/daysofbeingwild/,"['The', 'movie', 'is', 'set', 'in', 'Hong', 'Kong', 'and', 'the', 'Philippines', 'in', '1960.', 'Yuddy,', 'or', ""'York'"", 'in', 'English,', 'is', 'a', 'playboy', 'in', 'Hong', 'Kong', 'and', 'is', 'well-known', 'for', 'stealing', ""girls'"", 'hearts', 'and', 'breaking', 'them.', 'His', 'first', 'victim', 'is', 'Li', 'Zhen', 'who', 'suffered', 'emotional', 'and', 'mental', 'depression', 'as', 'a', 'result', 'of', ""Yuddy's"", 'wayward', 'attitude.', 'Li', 'Zhen', 'eventually', 'seeks', 'much-needed', 'solace', 'from', 'a', 'sympathetic', 'policeman', 'named', 'Tide.', 'Crime', 'Drama', 'Romance']"
2061,Pusher,NicolasWindingRefn,http://www.pusher.nu/,"['A', 'drug', 'pusher', 'grows', 'increasingly', 'desperate', 'after', 'a', 'botched', 'deal', 'leaves', 'him', 'with', 'a', 'large', 'debt', 'to', 'a', 'ruthless', 'drug', 'lord.', 'Action', 'Crime', 'Drama', 'Thriller']"
36702,Cremaster 5,MatthewBarney,http://www.cremaster.net/,"['Cremaster', '5', '(55', 'min,', '1997)', 'is', 'a', 'five-act', 'opera', '(sung', 'in', 'Hungarian)', 'set', 'in', 'late-ninteenth', 'century', 'Budapest.', 'The', 'last', 'film', 'in', 'the', 'series,', 'Cremaster', '5', 'represents', 'the', 'moment', 'when', 'the', 'testicles', 'are', 'finally', 'released', 'and', 'sexual', 'differentiation', 'is', 'fully', 'attained.', 'The', 'lamenting', 'tone', 'of', 'the', 'opera', 'suggests', 'that', 'Barney', 'invisions', 'this', 'as', 'a', 'moment', 'of', 'tragedy', 'and', 'loss.', 'The', 'primary', 'character', 'is', 'the', 'Queen', 'of', 'Chain', '(played', 'by', 'Ursula', 'Andress).', 'Barney,', 'himself,', 'plays', 'three', 'characters', 'who', 'appear', 'in', 'the', 'mind', 'of', 'the', 'Queen:', 'her', 'Diva,', 'Magician,', 'and', 'Giant.', 'The', 'Magician', 'is', 'a', 'stand-in', 'for', 'Harry', 'Houdini,', 'who', 'was', 'born', 'in', 'Budapest', 'in', '1874', 'and', 'appears', 'as', 'a', 'recurring', 'character', 'in', 'the', 'Cremaster', 'cycle.', 'Drama']"
344,"Bang, Boom, Bang",PeterThorwarth,http://www.bangboombang.de/,"['Bank', 'robber', 'Kelle', 'Grabowski', 'escapes', 'from', 'prison', 'while', 'his', 'unemployed', 'smalltime', 'crook', 'buddy', 'is', 'sitting', 'around', 'doing', 'nothing', 'after', 'he', 'just', 'lost', 'all', 'their', 'money.', 'A', 'fast', 'paced', 'comedy', 'from', 'German', 'director', 'Peter', 'Thorwarth.', 'Crime', 'Action', 'Comedy']"
15653,An Extremely Goofy Movie,DouglasMcCarthy,http://movies.disney.com/an-extremely-goofy-movie,"[""It's"", 'all', 'extreme', 'sports', 'and', 'a', 'life', 'of', 'freedom', 'as', 'Max', 'sets', 'off', 'for', 'college', '--', 'but', 'Goofy', 'misses', 'Max', 'so', 'much', 'he', 'loses', 'his', 'job', 'and', 'goes', 'to', 'finish', 'college', 'alongside', 'Max', 'and', 'his', 'friends.', 'But', 'as', 'Goofy', 'tries', 'to', 'get', 'closer', 'to', 'Max,', 'both', 'must', 'go', 'to', 'the', 'extreme', 'to', 'learn', 'how', 'to', 'live', 'their', 'own', 'lives', 'together.', 'Animation', 'Family', 'Comedy']"
844,2046,WongKar-wai,http://www.wkw2046.com/,"['2046', 'is', 'the', 'sequel', 'to', 'Wong', 'Kar-Wais’', 'successful', 'box-office', 'hit', 'In', 'The', 'Mood', 'For', 'Love.', 'A', 'film', 'about', 'affairs,', 'ending', 'relationships,', 'and', 'a', 'shared', 'love', 'for', 'Kung-Fu', 'novels', 'as', 'the', 'main', 'character,', 'Chow,', 'writes', 'his', 'own', 'novel', 'and', 'reflects', 'back', 'on', 'his', 'favorite', 'love', 'Su.', 'Fantasy', 'Drama', 'ScienceFiction', 'Romance']"
12540,Bring It On Again,DamonSantostefano,https://www.uphe.com/movies/bring-it-on-again,"['When', 'new', 'students', ""can't"", 'get', 'onto', 'their', 'college', 'cheerleading', 'team,', 'they', 'form', 'their', 'own', 'squad', 'and', 'prepare', 'for', 'a', 'cheer', 'off.', 'Comedy']"
3396,The Yes Men,DanOllman,http://www.theyesmen.org/,"['A', 'comic,', 'biting', 'and', 'revelatory', 'documentary', 'following', 'a', 'small', 'group', 'of', 'prankster', 'activists', 'as', 'they', 'gain', 'worldwide', 'notoriety', 'for', 'impersonating', 'the', 'World', 'Trade', 'Organization', '(WTO)', 'on', 'television', 'and', 'at', 'business', 'conferences', 'around', 'the', 'world.', 'Comedy', 'Documentary']"
693,Meet the Fockers,JayRoach,http://www.meetthefockers.com/index.php,"['Hard-to-crack', 'ex-CIA', 'man,', 'Jack', 'Byrnes', 'and', 'his', 'wife,', 'Dina', 'head', 'for', 'the', 'warmer', 'climes', 'of', 'Florida', 'to', 'meet', 'son-in-law-to-be,', 'Greg', ""Focker's"", 'parents.', 'Unlike', 'their', 'happily', 'matched', 'offspring,', 'the', 'future', 'in-laws', 'find', 'themselves', 'in', 'a', 'situation', 'of', 'opposites', 'that', 'definitely', 'do', 'not', 'attract.', 'Comedy', 'Romance']"
8968,Boogeyman,StephenT.Kay,http://www.uip.de/lo/goodies/posters/pl_boogeyman.html,"['Every', 'culture', 'has', 'one', '–', 'the', 'horrible', 'monster', 'fueling', 'young', ""children's"", 'nightmares.', 'But', 'for', 'Tim,', 'the', 'Boogeyman', 'still', 'lives', 'in', 'his', 'memories', 'as', 'a', 'creature', 'that', 'devoured', 'his', 'father', '16', 'years', 'earlier.', 'Is', 'the', 'Boogeyman', 'real?', 'Or', 'did', 'Tim', 'make', 'him', 'up', 'to', 'explain', 'why', 'his', 'father', 'abandoned', 'his', 'family?', 'Thriller', 'Horror', 'Drama', 'Mystery']"
561,Constantine,FrancisLawrence,http://constantinemovie.warnerbros.com/,"['John', 'Constantine', 'has', 'literally', 'been', 'to', 'Hell', 'and', 'back.', 'When', 'he', 'teams', 'up', 'with', 'a', 'policewoman', 'to', 'solve', 'the', 'mysterious', 'suicide', 'of', 'her', 'twin', 'sister,', 'their', 'investigation', 'takes', 'them', 'through', 'the', 'world', 'of', 'demons', 'and', 'angels', 'that', 'exists', 'beneath', 'the', 'landscape', 'of', 'contemporary', 'Los', 'Angeles.', 'Drama', 'Fantasy', 'Horror']"
27042,The ChubbChubbs!,EricArmstrong,http://www.sonypictures.com/movies/chubbchubbs/,"['A', 'janitor', 'at', 'an', 'alien', 'night-club', 'gets', 'his', 'wish', 'to', 'be', 'a', 'singer.', 'Animation', 'Comedy', 'ScienceFiction']"
187,Sin City,RobertRodriguez,http://www.miramax.com/movie/sin-city/,"['Welcome', 'to', 'Sin', 'City.', 'This', 'town', 'beckons', 'to', 'the', 'tough,', 'the', 'corrupt,', 'the', 'brokenhearted.', 'Some', 'call', 'it', 'dark…', 'Hard-boiled.', 'Then', 'there', 'are', 'those', 'who', 'call', 'it', 'home', '—', 'Crooked', 'cops,', 'sexy', 'dames,', 'desperate', 'vigilantes.', 'Some', 'are', 'seeking', 'revenge,', 'others', 'lust', 'after', 'redemption,', 'and', 'then', 'there', 'are', 'those', 'hoping', 'for', 'a', 'little', 'of', 'both.', 'A', 'universe', 'of', 'unlikely', 'and', 'reluctant', 'heroes', 'still', 'trying', 'to', 'do', 'the', 'right', 'thing', 'in', 'a', 'city', 'that', 'refuses', 'to', 'care.', 'Action', 'Thriller', 'Crime']"
11679,xXx: State of the Union,LeeTamahori,http://www.sonypictures.com/movies/xxxstateoftheunion/,"['Ice', 'Cube', 'stars', 'as', 'Darius', 'Stone,', 'a', 'thrill-seeking', 'troublemaker', 'whose', 'criminal', 'record', 'and', 'extreme', 'sports', 'obsession', 'make', 'him', 'the', 'perfect', 'candidate', 'to', 'be', 'the', 'newest', 'XXX', 'agent.', 'He', 'must', 'save', 'the', 'U.S.', 'government', 'from', 'a', 'deadly', 'conspiracy', 'led', 'by', 'five-star', 'general', 'and', 'Secretary', 'of', 'Defense', 'George', 'Deckert', '(played', 'by', 'Willem', 'Dafoe).', 'Action', 'Adventure', 'Crime', 'Drama', 'Mystery', 'Thriller']"
1895,Star Wars: Episode III - Revenge of the Sith,GeorgeLucas,http://www.starwars.com/films/star-wars-episode-iii-revenge-of-the-sith,"['Years', 'after', 'the', 'onset', 'of', 'the', 'Clone', 'Wars,', 'the', 'noble', 'Jedi', 'Knights', 'lead', 'a', 'massive', 'clone', 'army', 'into', 'a', 'galaxy-wide', 'battle', 'against', 'the', 'Separatists.', 'When', 'the', 'sinister', 'Sith', 'unveil', 'a', 'thousand-year-old', 'plot', 'to', 'rule', 'the', 'galaxy,', 'the', 'Republic', 'crumbles', 'and', 'from', 'its', 'ashes', 'rises', 'the', 'evil', 'Galactic', 'Empire.', 'Jedi', 'hero', 'Anakin', 'Skywalker', 'is', 'seduced', 'by', 'the', 'dark', 'side', 'of', 'the', 'Force', 'to', 'become', 'the', ""Emperor's"", 'new', 'apprentice', '–', 'Darth', 'Vader.', 'The', 'Jedi', 'are', 'decimated,', 'as', 'Obi-Wan', 'Kenobi', 'and', 'Jedi', 'Master', 'Yoda', 'are', 'forced', 'into', 'hiding.', 'The', 'only', 'hope', 'for', 'the', 'galaxy', 'are', ""Anakin's"", 'own', 'offspring', '–', 'the', 'twin', 'children', 'born', 'in', 'secrecy', 'who', 'will', 'grow', 'up', 'to', 'become', 'heroes.', 'ScienceFiction', 'Adventure', 'Action']"
272,Batman Begins,ChristopherNolan,http://www2.warnerbros.com/batmanbegins/index.html,"['Driven', 'by', 'tragedy,', 'billionaire', 'Bruce', 'Wayne', 'dedicates', 'his', 'life', 'to', 'uncovering', 'and', 'defeating', 'the', 'corruption', 'that', 'plagues', 'his', 'home,', 'Gotham', 'City.', 'Unable', 'to', 'work', 'within', 'the', 'system,', 'he', 'instead', 'creates', 'a', 'new', 'identity,', 'a', 'symbol', 'of', 'fear', 'for', 'the', 'criminal', 'underworld', '-', 'The', 'Batman.', 'Action', 'Crime', 'Drama']"
1696,The Devil's Rejects,RobZombie,http://robzombie.com/movies/the-devils-rejects/,"['The', 'sequel', 'to', 'House', 'of', '1000', 'Corpses', '–', 'the', 'Firefly', 'family', 'are', 'ambushed', 'at', 'their', 'isolated', 'home', 'by', 'Sheriff', 'Wydell', 'and', 'a', 'squad', 'of', 'armed', 'men', 'guns', 'blazing', '–', 'yet', 'only', 'Otis', 'and', 'his', 'sister,', 'Baby,', 'manage', 'to', 'escape', 'the', 'barrage', 'of', 'bullets', 'unharmed.', 'Hiding', 'out', 'in', 'a', 'backwater', 'motel,', 'the', 'wanted', 'siblings', 'wait', 'to', 'rendezvous', 'with', 'their', 'errant', 'father,', 'Captain', 'Spaulding,', 'killing', 'whoever', 'happens', 'to', 'stand', 'in', 'their', 'way.', 'Drama', 'Horror', 'Crime']"
6519,The Dukes of Hazzard,JayChandrasekhar,http://www.warnerbros.com/dukes-hazzard/index_splash,"['Cousins,', 'Bo', 'and', 'Luke', 'Duke,', 'with', 'the', 'help', 'of', 'their', 'eye-catching', 'cousin,', 'Daisy', 'and', 'moonshine-running', 'Uncle', 'Jesse,', 'try', 'and', 'save', 'the', 'family', 'farm', 'from', 'being', 'destroyed', 'by', 'Hazzard', ""County's"", 'corrupt', 'commissioner,', 'Boss', 'Hogg.', 'Their', 'efforts', 'constantly', 'find', 'the', ""'Duke"", ""Boys'"", 'eluding', 'authorities', 'in', ""'The"", 'General', ""Lee',"", 'their', '1969', 'orange', 'Dodge', 'Charger', 'that', 'keeps', 'them', 'one', 'step', 'ahead', 'of', 'the', 'dimwitted', 'antics', 'of', 'the', 'small', 'southern', ""town's"", 'Sheriff,', 'Roscoe', 'P.', 'Coltrane.', 'Action', 'Adventure', 'Comedy']"
8923,Green Street Hooligans,LexiAlexander,http://www.warnervideo.com/greenstreethooligans/,"['After', 'being', 'wrongfully', 'expelled', 'from', 'Harvard', 'University,', 'American', 'Matt', 'Buckner', 'flees', 'to', 'his', ""sister's"", 'home', 'in', 'England.', 'Once', 'there,', 'he', 'is', 'befriended', 'by', 'her', 'charming', 'and', 'dangerous', 'brother-in-law,', 'Pete', 'Dunham,', 'and', 'introduced', 'to', 'the', 'underworld', 'of', 'British', 'football', 'hooliganism.', 'Matt', 'learns', 'to', 'stand', 'his', 'ground', 'through', 'a', 'friendship', 'that', 'develops', 'against', 'the', 'backdrop', 'of', 'this', 'secret', 'and', 'often', 'violent', 'world.', ""'Green"", 'Street', ""Hooligans'"", 'is', 'a', 'story', 'of', 'loyalty,', 'trust', 'and', 'the', 'sometimes', 'brutal', 'consequences', 'of', 'living', 'close', 'to', 'the', 'edge.', 'Crime', 'Drama']"
647,Final Fantasy VII: Advent Children,TetsuyaNomura,http://na.square-enix.com/ff7acc/,"['Two', 'years', 'have', 'passed', 'since', 'the', 'final', 'battle', 'with', 'Sephiroth.', 'Though', 'Midgar,', 'city', 'of', 'mako,', 'city', 'of', 'prosperity,', 'has', 'been', 'reduced', 'to', 'ruins,', 'its', 'people', 'slowly', 'but', 'steadily', 'walk', 'the', 'road', 'to', 'reconstruction.', 'However,', 'a', 'mysterious', 'illness', 'called', 'Geostigma', 'torments', 'them.', 'With', 'no', 'cure', 'in', 'sight,', 'it', 'brings', 'death', 'to', 'the', 'afflicted,', 'one', 'after', 'another,', 'robbing', 'the', 'people', 'of', 'their', 'fledgling', 'hope.', 'Action', 'Adventure', 'Animation', 'Fantasy']"
533,The Curse of the Were-Rabbit,NickPark,http://www.wallaceandgromit.com/films/the-curse-of-the-wererabbit,"['Cheese-loving', 'eccentric', 'Wallace', 'and', 'his', 'cunning', 'canine', 'pal,', 'Gromit,', 'investigate', 'a', 'mystery', 'in', 'Nick', ""Park's"", 'animated', 'adventure,', 'in', 'which', 'the', 'lovable', 'inventor', 'and', 'his', 'intrepid', 'pup', 'run', 'a', 'business', 'ridding', 'the', 'town', 'of', 'garden', 'pests.', 'Using', 'only', 'humane', 'methods', 'that', 'turn', 'their', 'home', 'into', 'a', 'halfway', 'house', 'for', 'evicted', 'vermin,', 'the', 'pair', 'stumble', 'upon', 'a', 'mystery', 'involving', 'a', 'voracious', 'vegetarian', 'monster', 'that', 'threatens', 'to', 'ruin', 'the', 'annual', 'veggie-growing', 'contest.', 'Adventure', 'Animation', 'Comedy', 'Family']"
15493,Star Wreck: In the Pirkinning,TimoVuorensola,http://www.starwreck.com/,"['Star', 'Wreck:', 'In', 'the', 'Pirkinning', 'begins', 'with', 'Captain', 'James', 'B.', 'Pirk', 'of', 'the', 'starship', 'Kickstart', 'shipwrecked', 'on', 'the', '21st', 'century', 'Earth', 'with', 'his', 'crew.', 'Originally', 'from', 'the', 'distant', 'future,', 'Pirk', 'and', 'his', 'crew', 'traveled', 'back', 'in', 'time', 'to', 'save', 'the', 'Earth', 'from', 'hostile', 'aliens,', 'but', 'lost', 'their', 'ship', 'and', 'became', 'stranded.', ""Pirk's"", 'daily', 'routine', 'consists', 'mainly', 'of', 'stuffing', 'his', 'face', 'at', 'the', 'local', 'fast', 'food', 'restaurant,', 'and', 'he', 'is', 'finding', 'it', 'difficult', 'to', 'convince', 'the', 'ladies', 'he', 'is,', 'in', 'fact,', 'an', 'intergalactic', 'space', 'hero', 'from', 'the', 'future.', 'As', 'the', 'prospects', 'for', ""humanity's"", 'conquest', 'of', 'space', 'look', 'increasingly', 'bleaker,', 'Pirk', 'comes', 'up', 'with', 'a', 'questionable', 'plan', 'to', 'save', ""mankind's"", 'future...', 'ScienceFiction', 'Action', 'Comedy']"
1656,The Legend of Zorro,MartinCampbell,http://www.sonypictures.com/homevideo/thelegendofzorro/index.html,"['Having', 'spent', 'the', 'last', '10', 'years', 'fighting', 'injustice', 'and', 'cruelty,', 'Alejandro', 'de', 'la', 'Vega', 'is', 'now', 'facing', 'his', 'greatest', 'challenge:', 'his', 'loving', 'wife', 'Elena', 'has', 'thrown', 'him', 'out', 'of', 'the', 'house!', 'Elena', 'has', 'filed', 'for', 'divorce', 'and', 'found', 'comfort', 'in', 'the', 'arms', 'of', 'Count', 'Armand,', 'a', 'dashing', 'French', 'aristocrat.', 'But', 'Alejandro', 'knows', 'something', 'she', ""doesn't:"", 'Armand', 'is', 'the', 'evil', 'mastermind', 'behind', 'a', 'terrorist', 'plot', 'to', 'destroy', 'the', 'United', 'States.', 'And', 'so,', 'with', 'his', 'marriage', 'and', 'the', ""county's"", 'future', 'at', 'stake,', ""it's"", 'up', 'to', 'Zorro', 'to', 'save', 'two', 'unions', 'before', ""it's"", 'too', 'late.', 'Action', 'Adventure']"
8274,American Pie Presents: Band Camp,SteveRash,http://www.americanreunionmovie.com/,"['The', 'original', 'American', 'Pie', 'characters', 'have', 'moved', 'on,', 'except', 'for', 'Sherman', 'and', 'Jim', ""Levenstein's"", 'still', 'understanding', 'dad.', 'Steve', ""Stifler's"", 'little', 'brother', 'Matt', 'wants', 'to', 'join', 'his', ""brother's"", 'business', '(the', 'hit', 'it', 'big', 'Girls', 'Gone', 'Wild)', 'and', 'after', 'everything', 'Matt', 'has', 'heard', 'from', ""Jim's"", 'band-geek', 'wife', 'Michelle,', 'he', 'plans', 'to', 'go', 'back', 'to', 'band', 'camp', 'and', 'make', 'a', 'video', 'of', 'his', 'own:', 'Bandies', 'Gone', 'Wild!', 'Comedy']"
674,Harry Potter and the Goblet of Fire,MikeNewell,http://harrypotter.warnerbros.com/,"['Harry', 'starts', 'his', 'fourth', 'year', 'at', 'Hogwarts,', 'competes', 'in', 'the', 'treacherous', 'Triwizard', 'Tournament', 'and', 'faces', 'the', 'evil', 'Lord', 'Voldemort.', 'Ron', 'and', 'Hermione', 'help', 'Harry', 'manage', 'the', 'pressure', '–', 'but', 'Voldemort', 'lurks,', 'awaiting', 'his', 'chance', 'to', 'destroy', 'Harry', 'and', 'all', 'that', 'he', 'stands', 'for.', 'Adventure', 'Fantasy', 'Family']"
4550,Sympathy for Lady Vengeance,ParkChan-wook,http://www.lady-vengeance.de/,"['After', 'a', '13-year', 'imprisonment', 'for', 'the', 'kidnap', 'and', 'murder', 'of', 'a', '6', 'year', 'old', 'boy,', 'beautiful', 'Lee', 'Guem-ja', 'starts', 'seeking', 'revenge', 'on', 'the', 'man', 'that', 'was', 'really', 'responsible', 'for', 'the', ""boy's"", 'death.', 'With', 'the', 'help', 'of', 'fellow', 'inmates', 'and', 'reunited', 'with', 'her', 'daughter,', 'she', 'gets', 'closer', 'and', 'closer', 'to', 'her', 'goal.', 'But', 'will', 'her', 'actions', 'lead', 'to', 'the', 'relief', 'she', 'seeks?', 'Drama', 'Thriller']"
10045,District B13,PierreMorel,http://www.banlieue13-lefilm.com/,"['Set', 'in', 'the', 'ghettos', 'of', 'Paris', 'in', '2010,', 'an', 'undercover', 'cop', 'and', 'ex-thug', 'try', 'to', 'infiltrate', 'a', 'gang', 'in', 'order', 'to', 'defuse', 'a', 'neutron', 'bomb.', 'Action', 'Thriller', 'ScienceFiction']"
168705,BloodRayne,UweBoll,http://www.bloodrayne-themovie.com/main/index.html,"['In', 'eighteenth', 'century', 'Romania,', 'Rayne,', 'a', 'dhampir', '(half-human,', 'half-vampire),', 'prone', 'to', 'fits', 'of', 'blind', 'blood', 'rage', 'but', 'saddled', 'with', 'a', 'compunction', 'for', 'humans,', 'strives', 'to', 'avenge', 'her', ""mother's"", 'rape', 'by', 'her', 'father,', 'Kagan,', 'King', 'of', 'Vampires.', 'Two', 'vampire', 'hunters,', 'Sebastian', 'and', 'Vladimir,', 'from', 'the', 'Brimstone', 'Society', 'persuade', 'her', 'to', 'join', 'their', 'cause.', 'Action', 'Adventure', 'Fantasy', 'Horror']"
1690,Hostel,EliRoth,http://www.hostelfilm.com/,"['Three', 'backpackers', 'head', 'to', 'a', 'Slovakian', 'city', 'that', 'promises', 'to', 'meet', 'their', 'hedonistic', 'expectations,', 'with', 'no', 'idea', 'of', 'the', 'hell', 'that', 'awaits', 'them.', 'Horror']"
10982,Hoodwinked!,CoryEdwards,http://www.hoodwinkedthemovie.com,"['The', 'recipes', 'of', 'candies', 'of', 'the', 'goody', 'shops', 'have', 'been', 'stolen', 'by', 'the', 'Goody', 'Bandit,', 'and', 'many', 'animals', 'are', 'out', 'of', 'business.', 'While', 'the', 'police', 'are', 'chasing', 'the', 'criminal,', 'there', 'is', 'a', 'mess', 'at', ""Granny's"", 'house', 'evolving', 'Little', 'Red', 'Hiding', 'Hood,', 'The', 'Wolf,', 'The', 'Woodsman', 'and', 'Granny,', 'disturbing', 'the', 'peace', 'in', 'the', 'forest', 'and', 'they', 'are', 'all', 'arrested', 'by', 'the', 'impatient', 'Chief', 'Grizzly.', 'Animation', 'Comedy', 'Family']"
834,Underworld: Evolution,LenWiseman,http://www.sonypictures.com/movies/underworldawakening/,"['As', 'the', 'war', 'between', 'the', 'vampires', 'and', 'the', 'Lycans', 'rages', 'on,', 'Selene,', 'a', 'former', 'member', 'of', 'the', 'Death', 'Dealers', '(an', 'elite', 'vampire', 'special', 'forces', 'unit', 'that', 'hunts', 'werewolves),', 'and', 'Michael,', 'the', 'werewolf', 'hybrid,', 'work', 'together', 'in', 'an', 'effort', 'to', 'unlock', 'the', 'secrets', 'of', 'their', 'respective', 'bloodlines.', 'Fantasy', 'Action', 'ScienceFiction', 'Thriller']"
10053,When a Stranger Calls,SimonWest,http://www.sonypictures.com/movies/whenastrangercalls/site/,"['Far', 'away', 'from', 'the', 'site', 'of', 'a', 'gruesome', 'murder,', 'a', 'teenager', 'named', 'Jill', 'Johnson', 'arrives', 'at', 'a', 'luxurious', 'home', 'for', 'a', 'baby-sitting', 'job.', 'With', 'the', 'children', 'fast', 'asleep,', 'she', 'settles', 'in', 'for', 'what', 'she', 'expects', 'to', 'be', 'an', 'ordinary', 'evening.', 'Soon,', 'the', 'ringing', 'of', 'a', 'phone', 'and', 'the', 'frightening', 'words', 'of', 'a', 'sadistic', 'caller', 'turn', ""Jill's"", 'routine', 'experience', 'into', 'a', 'night', 'of', 'terror.', 'Horror', 'Thriller']"
9682,Pulse,JimSonzero,http://www.pulsethemovie.net/,"['When', 'their', 'computer', 'hacker', 'friend', 'accidentally', 'channels', 'a', 'mysterious', 'wireless', 'signal,', 'a', 'group', 'of', 'co-eds', 'rally', 'to', 'stop', 'a', 'terrifying', 'evil', 'from', 'taking', 'over', 'the', 'world.', 'Horror', 'Thriller']"
950,Ice Age: The Meltdown,CarlosSaldanha,http://www.iceagemovies.com/films/ice-age-the-meltdown,"['Diego,', 'Manny', 'and', 'Sid', 'return', 'in', 'this', 'sequel', 'to', 'the', 'hit', 'animated', 'movie', 'Ice', 'Age.', 'This', 'time', 'around,', 'the', 'deep', 'freeze', 'is', 'over,', 'and', 'the', 'ice-covered', 'earth', 'is', 'starting', 'to', 'melt,', 'which', 'will', 'destroy', 'the', ""trio's"", 'cherished', 'valley.', 'The', 'impending', 'disaster', 'prompts', 'them', 'to', 'reunite', 'and', 'warn', 'all', 'the', 'other', 'beasts', 'about', 'the', 'desperate', 'situation.', 'Animation', 'Family', 'Comedy', 'Adventure']"
1379,Lights in the Dusk,AkiKaurismäki,http://lichter-der-vorstadt.pandorafilmverleih.de/,"['Koistenin', 'is', 'a', 'sad', 'sack,', 'a', 'man', 'without', 'affect', 'or', 'friends.', ""He's"", 'a', 'night-watchman', 'in', 'Helsinki', 'with', 'ideas', 'of', 'starting', 'his', 'own', 'business,', 'but', 'nothing', 'to', 'go', 'with', 'those', 'intentions.', 'He', 'sometimes', 'talks', 'a', 'bit', 'with', 'a', 'woman', 'who', 'runs', 'a', 'snack', 'trailer', 'near', 'his', 'work.', 'Out', 'of', 'the', 'blue,', 'a', 'young', 'sophisticated', 'blonde', 'woman', 'attaches', 'herself', 'to', 'Koistenin.', 'He', 'thinks', 'of', 'her', 'as', 'his', 'girlfriend,', 'he', 'takes', 'her', 'on', 'her', 'rounds.', 'Crime', 'Drama']"
9792,The Hills Have Eyes,AlexandreAja,http://www.foxsearchlight.com/thehillshaveeyes/,"['Based', 'on', 'Wes', ""Craven's"", '1977', 'suspenseful', 'cult', 'classic,', 'The', 'Hills', 'Have', 'Eyes', 'is', 'the', 'story', 'of', 'a', 'family', 'road', 'trip', 'that', 'goes', 'terrifyingly', 'awry', 'when', 'the', 'travelers', 'become', 'stranded', 'in', 'a', 'government', 'atomic', 'zone.', 'Miles', 'from', 'nowhere,', 'the', 'Carter', 'family', 'soon', 'realizes', 'the', 'seemingly', 'uninhabited', 'wasteland', 'is', 'actually', 'the', 'breeding', 'ground', 'of', 'a', 'blood-thirsty', 'mutant', 'family...and', 'they', 'are', 'the', 'prey.', 'Horror', 'Thriller']"
588,Silent Hill,ChristopheGans,http://www.sonypictures.com/homevideo/silenthill/,"['The', 'eerie', 'and', 'deserted', 'ghost', 'town', 'of', 'Silent', 'Hill', 'draws', 'a', 'young', 'mother', 'desperate', 'to', 'find', 'a', 'cure', 'for', 'her', 'only', ""child's"", 'illness.', 'Unable', 'to', 'accept', 'the', ""doctor's"", 'diagnosis', 'that', 'her', 'daughter', 'should', 'be', 'permanently', 'institutionalized', 'for', 'psychiatric', 'care,', 'Rose', 'flees', 'with', 'her', 'child,', 'heading', 'for', 'the', 'abandoned', 'town', 'in', 'search', 'of', 'answers', '–', 'and', 'ignoring', 'the', 'protests', 'of', 'her', 'husband.', ""It's"", 'soon', 'clear', 'this', 'place', 'is', 'unlike', 'anywhere', ""she's"", 'ever', 'been.', ""It's"", 'smothered', 'by', 'fog,', 'inhabited', 'by', 'a', 'variety', 'of', 'strange', 'beings', 'and', 'periodically', 'overcome', 'by', 'a', 'living', ""'darkness'"", 'that', 'literally', 'transforms', 'everything', 'it', 'touches.', 'As', 'Rose', 'searches', 'for', 'her', 'little', 'girl,', 'she', 'begins', 'to', 'learn', 'the', 'history', 'of', 'the', 'strange', 'town', 'and', 'realizes', 'that', 'her', 'daughter', 'is', 'just', 'a', 'pawn', 'in', 'a', 'larger', 'game.', 'Horror', 'Mystery']"
956,Mission: Impossible III,J.J.Abrams,http://www.missionimpossible.com/,"['Retired', 'from', 'active', 'duty', 'to', 'train', 'new', 'IMF', 'agents,', 'Ethan', 'Hunt', 'is', 'called', 'back', 'into', 'action', 'to', 'confront', 'sadistic', 'arms', 'dealer,', 'Owen', 'Davian.', 'Hunt', 'must', 'try', 'to', 'protect', 'his', 'girlfriend', 'while', 'working', 'with', 'his', 'new', 'team', 'to', 'complete', 'the', 'mission.', 'Adventure', 'Action', 'Thriller']"
591,The Da Vinci Code,RonHoward,http://www.sonypictures.com/homevideo/thedavincicode/index.html,"['When', 'the', 'curator', 'of', 'the', 'Louvre', 'is', 'found', 'murdered', 'in', 'the', 'famed', ""museum's"", 'hallowed', 'halls,', 'Harvard', 'professor,', 'Robert', 'Langdon', 'and', 'cryptographer,', 'Sophie', 'Neve', 'must', 'untangle', 'a', 'deadly', 'web', 'of', 'deceit', 'involving', 'the', 'works', 'of', 'Leonardo', 'da', 'Vinci.', 'Thriller', 'Mystery']"
920,Cars,JohnLasseter,http://disney.go.com/disneyvideos/animatedfilms/cars/,"['Lightning', 'McQueen,', 'a', 'hotshot', 'rookie', 'race', 'car', 'driven', 'to', 'succeed,', 'discovers', 'that', 'life', 'is', 'about', 'the', 'journey,', 'not', 'the', 'finish', 'line,', 'when', 'he', 'finds', 'himself', 'unexpectedly', 'detoured', 'in', 'the', 'sleepy', 'Route', '66', 'town', 'of', 'Radiator', 'Springs.', 'On', 'route', 'across', 'the', 'country', 'to', 'the', 'big', 'Piston', 'Cup', 'Championship', 'in', 'California', 'to', 'compete', 'against', 'two', 'seasoned', 'pros,', 'McQueen', 'gets', 'to', 'know', 'the', ""town's"", 'offbeat', 'characters.', 'Animation', 'Adventure', 'Comedy', 'Family']"
58,Pirates of the Caribbean: Dead Man's Chest,GoreVerbinski,http://disney.go.com/disneypictures/pirates/,"['Captain', 'Jack', 'Sparrow', 'works', 'his', 'way', 'out', 'of', 'a', 'blood', 'debt', 'with', 'the', 'ghostly', 'Davey', 'Jones,', 'he', 'also', 'attempts', 'to', 'avoid', 'eternal', 'damnation.', 'Adventure', 'Fantasy', 'Action']"
10947,High School Musical,KennyOrtega,http://tv.disney.go.com/disneychannel/originalmovies/highschoolmusical/index.html,"['Troy', '(Zac', 'Efron),', 'the', 'popular', 'captain', 'of', 'the', 'basketball', 'team,', 'and', 'Gabriella', '(Vanessa', 'Anne', 'Hudgens),', 'the', 'brainy', 'and', 'beautiful', 'member', 'of', 'the', 'academic', 'club,', 'break', 'all', 'the', 'rules', 'of', 'East', 'High', 'society', 'when', 'they', 'secretly', 'audition', 'for', 'the', 'leads', 'in', 'the', ""school's"", 'musical.', 'As', 'they', 'reach', 'for', 'the', 'stars', 'and', 'follow', 'their', 'dreams,', 'everyone', 'learns', 'about', 'acceptance,', 'teamwork,', 'and', 'being', 'yourself.', 'And', ""it's"", 'all', 'set', 'to', 'fun', 'tunes', 'and', 'very', 'cool', 'dance', 'moves!', 'Comedy', 'Drama', 'Family', 'Music', 'TVMovie']"
9615,The Fast and the Furious: Tokyo Drift,JustinLin,http://www.thefastandthefurious3.com/,"['In', 'order', 'to', 'avoid', 'a', 'jail', 'sentence,', 'Sean', 'Boswell', 'heads', 'to', 'Tokyo', 'to', 'live', 'with', 'his', 'military', 'father.', 'In', 'a', 'low-rent', 'section', 'of', 'the', 'city,', 'Shaun', 'gets', 'caught', 'up', 'in', 'the', 'underground', 'world', 'of', 'drift', 'racing', 'Action', 'Crime', 'Drama', 'Thriller']"
1452,Superman Returns,BryanSinger,http://www.superman.com,"['Superman', 'returns', 'to', 'discover', 'his', '5-year', 'absence', 'has', 'allowed', 'Lex', 'Luthor', 'to', 'walk', 'free,', 'and', 'that', 'those', 'he', 'was', 'closest', 'too', 'felt', 'abandoned', 'and', 'have', 'moved', 'on.', 'Luthor', 'plots', 'his', 'ultimate', 'revenge', 'that', 'could', 'see', 'millions', 'killed', 'and', 'change', 'the', 'face', 'of', 'the', 'planet', 'forever,', 'as', 'well', 'as', 'ridding', 'himself', 'of', 'the', 'Man', 'of', 'Steel.', 'Adventure', 'Fantasy', 'Action', 'ScienceFiction']"
7484,Open Season,JillCulton,http://www.sonypictures.com/movies/openseason/,"['Boog,', 'a', 'domesticated', '900lb.', 'Grizzly', 'bear', 'finds', 'himself', 'stranded', 'in', 'the', 'woods', '3', 'days', 'before', 'Open', 'Season.', 'Forced', 'to', 'rely', 'on', 'Elliot,', 'a', 'fast-talking', 'mule', 'deer,', 'the', 'two', 'form', 'an', 'unlikely', 'friendship', 'and', 'must', 'quickly', 'rally', 'other', 'forest', 'animals', 'if', 'they', 'are', 'to', 'form', 'a', 'rag-tag', 'army', 'against', 'the', 'hunters.', 'Adventure', 'Animation', 'Family']"
1975,The Grudge 2,TakashiShimizu,http://www.sonypictures.com/homevideo/thegrudge2/,"['In', 'Tokyo,', 'a', 'young', 'woman', 'is', 'exposed', 'to', 'the', 'same', 'mysterious', 'curse', 'that', 'afflicted', 'her', 'sister.', 'The', 'supernatural', 'force,', 'which', 'fills', 'a', 'person', 'with', 'rage', 'before', 'spreading', 'to', 'its', 'next', 'victim,', 'brings', 'together', 'a', 'group', 'of', 'previously', 'unrelated', 'people', 'who', 'attempt', 'to', 'unlock', 'its', 'secret', 'to', 'save', 'their', 'lives.', 'Horror', 'Thriller']"
10070,Feast,JohnGulager,http://www.feast-movie.com/,"['Patrons', 'locked', 'inside', 'of', 'a', 'bar', 'are', 'forced', 'to', 'fight', 'monsters.', 'Action', 'Comedy', 'Horror']"
5890,Azumi 2: Death or Love,ShusukeKaneko,http://web.archive.org/web/20080210100832/http://www.azumi2.jp/index.html,"['Young', 'assassins', 'Azumi', 'and', 'Nagara', 'continue', 'their', 'mission', 'to', 'prevent', 'a', 'civil', 'war.', 'In', 'their', 'hunt', 'for', 'Masayuki', 'Sanada,', 'who', 'is', 'protected', 'by', 'both', 'an', 'army', 'and', 'a', 'dangerous', 'clan,', 'they', 'meet', 'Ginkaku,', 'a', 'person', 'who', 'shows', 'a', 'remarking', 'resemblance', 'with', 'former', 'friend', 'Nachi.', 'Action']"
14620,The Butterfly Effect 2,JohnR.Leonetti,http://www.newline.com/properties/butterflyeffect2the.html,"['After', 'his', 'girlfriend,', 'Julie', 'and', 'two', 'best', 'friends', 'are', 'killed', 'in', 'a', 'tragic', 'auto', 'accident,', 'Nick', 'struggles', 'to', 'cope', 'with', 'his', 'loss', 'and', 'grief.', 'Suffering', 'from', 'migraine-like', 'seizures,', 'Nick', 'soon', 'discovers', 'that', 'he', 'has', 'the', 'power', 'to', 'change', 'the', 'past', 'via', 'his', 'memories.', 'However,', 'his', 'time-traveling', 'attempts', 'to', 'alter', 'the', 'past', 'and', 'save', 'his', 'one', 'true', 'love', 'have', 'unexpected', 'and', 'dire', 'consequences.', 'Drama', 'ScienceFiction', 'Thriller']"
36557,Casino Royale,MartinCampbell,http://www.mgm.com/#/our-titles/233/Casino-Royale-(2006),"['Le', 'Chiffre,', 'a', 'banker', 'to', 'the', ""world's"", 'terrorists,', 'is', 'scheduled', 'to', 'participate', 'in', 'a', 'high-stakes', 'poker', 'game', 'in', 'Montenegro,', 'where', 'he', 'intends', 'to', 'use', 'his', 'winnings', 'to', 'establish', 'his', 'financial', 'grip', 'on', 'the', 'terrorist', 'market.', 'M', 'sends', 'Bond', '–', 'on', 'his', 'maiden', 'mission', 'as', 'a', '00', 'Agent', '–', 'to', 'attend', 'this', 'game', 'and', 'prevent', 'Le', 'Chiffre', 'from', 'winning.', 'With', 'the', 'help', 'of', 'Vesper', 'Lynd', 'and', 'Felix', 'Leiter,', 'Bond', 'enters', 'the', 'most', 'important', 'poker', 'game', 'in', 'his', 'already', 'dangerous', 'career.', 'Adventure', 'Action', 'Thriller']"
9836,Happy Feet,GeorgeMiller,http://www.warnerbros.com/happy-feet,"['Into', 'the', 'world', 'of', 'the', 'Emperor', 'Penguins,', 'who', 'find', 'their', 'soul', 'mates', 'through', 'song,', 'a', 'penguin', 'is', 'born', 'who', 'cannot', 'sing.', 'But', 'he', 'can', 'tap', 'dance', 'something', 'fierce!', 'Animation', 'Comedy']"
15152,"OSS 117: Cairo, Nest of Spies",MichelHazanavicius,http://www.oss117.fr/accueil.htm,"['Secret', 'agent', 'OSS', '117', 'foils', 'Nazis,', 'beds', 'local', 'beauties,', 'and', 'brings', 'peace', 'to', 'the', 'Middle', 'East.', 'Crime', 'Action', 'Adventure', 'Comedy']"
10032,Van Wilder 2: The Rise of Taj,MortNathan,http://www.riseoftaj.com/,"['Taj', 'Mahal', 'Badalandabad', 'leaves', 'Coolidge', 'College', 'behind', 'for', 'the', 'halls', 'of', 'Camford', 'University', 'in', 'England,', 'where', 'he', 'looks', 'to', 'continue', 'his', 'education,', 'and', 'teach', 'an', 'uptight', 'student', 'how', 'to', 'make', 'the', 'most', 'out', 'of', 'her', 'academic', 'career.', 'Comedy']"
1246,Rocky Balboa,SylvesterStallone,http://www.rocky.com/,"['When', 'he', 'loses', 'a', 'highly', 'publicized', 'virtual', 'boxing', 'match', 'to', 'ex-champ', 'Rocky', 'Balboa,', 'reigning', 'heavyweight', 'titleholder,', 'Mason', 'Dixon', 'retaliates', 'by', 'challenging', 'Rocky', 'to', 'a', 'nationally', 'televised,', '10-round', 'exhibition', 'bout.', 'To', 'the', 'surprise', 'of', 'his', 'son', 'and', 'friends,', 'Rocky', 'agrees', 'to', 'come', 'out', 'of', 'retirement', 'and', 'face', 'an', 'opponent', ""who's"", 'faster,', 'stronger', 'and', 'thirty', 'years', 'his', 'junior.', 'Drama']"
12795,Another Gay Movie,ToddStephens,http://www.profun.de/anothergaymovie/,"['In', 'the', 'dirtiest,', 'funniest,', 'most', 'scandalous', 'gay-teen-sex-comedy-parody', 'ever,', 'four', 'young', 'gay', 'friends', 'make', 'a', 'pact', 'to', 'lose', 'their', 'virginity', 'by', 'the', 'end', 'of', 'the', 'summer.', 'The', 'boys', 'soon', 'face', 'giant', 'sex', 'toys,', 'naked', 'celebrities,', 'masochistic', 'teachers', 'and', 'an', 'uncontrollable', 'romance', 'with', 'a', 'quiche.', 'Comedy', 'Romance']"
14277,Loose Change: 2nd Edition,DylanAvery,http://www.loosechange911.com/,"['What', 'if...September', '11th', 'was', 'not', 'a', 'surprise', 'attack', 'on', 'America,', 'but', 'rather,', 'a', 'cold', 'and', 'calculated', 'genocide', 'by', 'our', 'own', 'government?We', 'were', 'told', 'that', 'the', 'twin', 'towers', 'were', 'hit', 'by', 'commercial', 'jetliners', 'and', 'subsequently', 'brought', 'down', 'by', 'jet', 'fuel.', 'We', 'were', 'told', 'that', 'the', 'Pentagon', 'was', 'hit', 'by', 'a', 'Boeing', '757.', 'We', 'were', 'told', 'that', 'flight', '93', 'crashed', 'in', 'Shanksville,', 'Pennsylvania.', 'We', 'were', 'told', 'that', 'nineteen', 'Arabs', 'from', 'halfway', 'across', 'the', 'globe,', 'acting', 'under', 'orders', 'from', 'Osama', 'Bin', 'Laden,', 'were', 'responsible.', 'What', 'you', 'will', 'see', 'here', 'will', 'prove', 'without', 'a', 'shadow', 'of', 'a', 'doubt', 'that', 'everything', 'you', 'know', 'about', '9/11', 'is', 'a', 'complete', 'fabrication.', 'Conspiracy', 'theory?', ""It's"", 'not', 'a', 'theory', 'if', 'you', 'can', 'prove', 'it.Written', 'and', 'narrated', 'by', 'Dylan', 'Avery,', 'this', 'film', 'presents', 'a', 'rebuttal', 'to', 'the', 'official', 'version', 'of', 'the', 'September', '11,', '2001', 'terrorist', 'attacks', 'and', 'the', '9/11', 'Commission', 'Report.', 'Documentary']"
1251,Letters from Iwo Jima,ClintEastwood,http://iwojimathemovie.warnerbros.com/lettersofiwojima/framework/framework.html,"['The', 'story', 'of', 'the', 'battle', 'of', 'Iwo', 'Jima', 'between', 'the', 'United', 'States', 'and', 'Imperial', 'Japan', 'during', 'World', 'War', 'II,', 'as', 'told', 'from', 'the', 'perspective', 'of', 'the', 'Japanese', 'who', 'fought', 'it.', 'Action', 'Adventure', 'Drama', 'War']"
5393,Happily N'Ever After,YvetteKaplan,http://www.happilyneverafterthefilm.com/,"['An', 'alliance', 'of', 'evil-doers,', 'led', 'by', 'Frieda,', 'looks', 'to', 'take', 'over', 'Fairy', 'Tale', 'Land.', 'But', 'when', 'Ella', 'realizes', 'her', 'stepmother', 'is', 'out', 'to', 'ruin', 'her', 'storybook', 'existence,', 'she', 'takes', 'a', 'dramatic', 'turn', 'and', 'blossoms', 'into', 'the', 'leader', 'of', 'the', 'resistance', 'effort.', 'Animation', 'Comedy', 'Family', 'Fantasy', 'ScienceFiction']"
8275,American Pie Presents: The Naked Mile,JoeNussbaum,http://www.americanreunionmovie.com/,"['The', 'movie', 'will', 'shift', 'its', 'focus', 'on', 'Erik', 'Stifler,', 'the', 'cousin', 'of', 'Matt', 'and', 'Steve,', 'a', 'youngster', 'who', 'is', 'nothing', 'like', 'his', 'wild', 'relations.', 'Peer', 'pressure', 'starts', 'to', 'turn', 'him', 'to', 'live', 'up', 'to', 'the', 'legacy', 'of', 'the', 'other', 'Stiflers', 'when', 'he', 'attends', 'the', 'Naked', 'Mile,', 'a', 'naked', 'run', 'across', 'the', 'college', 'campus.', 'Things', 'get', 'worse', 'when', 'he', 'finds', 'that', 'his', 'cousin', 'Dwight', 'is', 'the', 'life', 'of', 'the', 'party', 'down', 'at', 'the', 'campus', 'Comedy']"
13365,49 Up,MichaelApted,http://www.pbs.org/pov/fortynineup/,"['49', 'Up', 'is', 'the', 'seventh', 'film', 'in', 'a', 'series', 'of', 'landmark', 'documentaries', 'that', 'began', '42', 'years', 'ago', 'when', 'UK-based', ""Granada's"", 'World', 'in', 'Action', 'team,', 'inspired', 'by', 'the', 'Jesuit', 'maxim', '""Give', 'me', 'the', 'child', 'until', 'he', 'is', 'seven', 'and', 'I', 'will', 'give', 'you', 'the', 'man,""', 'interviewed', 'a', 'diverse', 'group', 'of', 'seven-year-old', 'children', 'from', 'all', 'over', 'England,', 'asking', 'them', 'about', 'their', 'lives', 'and', 'their', 'dreams', 'for', 'the', 'future.', 'Michael', 'Apted,', 'a', 'researcher', 'for', 'the', 'original', 'film,', 'has', 'returned', 'to', 'interview', 'the', '""children""', 'every', 'seven', 'years', 'since,', 'at', 'ages', '14,', '21,', '28,', '35,', '42', 'and', 'now', 'again', 'at', 'age', '49.In', 'this', 'latest', 'chapter,', 'more', 'life-changing', 'decisions', 'are', 'revealed,', 'more', 'shocking', 'announcements', 'made', 'and', 'more', 'of', 'the', 'original', 'group', 'take', 'part', 'than', 'ever', 'before,', 'speaking', 'out', 'on', 'a', 'variety', 'of', 'subjects', 'including', 'love,', 'marriage,', 'career,', 'class', 'and', 'prejudice.', 'Documentary']"
7516,Smokin' Aces,JoeCarnahan,http://www.smokinaces.net/,"['When', 'a', 'Las', 'Vegas', 'performer-turned-snitch', 'named', 'Buddy', 'Israel', 'decides', 'to', 'turn', ""state's"", 'evidence', 'and', 'testify', 'against', 'the', 'mob,', 'it', 'seems', 'that', 'a', 'whole', 'lot', 'of', 'people', 'would', 'like', 'to', 'make', 'sure', ""he's"", 'no', 'longer', 'breathing.', 'Action', 'Comedy', 'Crime', 'Thriller']"
1248,Hannibal Rising,PeterWebber,http://hannibalrising.com/,"['The', 'story', 'of', 'the', 'early,', 'murderous', 'roots', 'of', 'the', 'cannibalistic', 'killer,', 'Hannibal', 'Lecter', '–', 'from', 'his', 'hard-scrabble', 'Lithuanian', 'childhood,', 'where', 'he', 'witnesses', 'the', 'repulsive', 'lengths', 'to', 'which', 'hungry', 'soldiers', 'will', 'go', 'to', 'satiate', 'themselves,', 'through', 'his', 'sojourn', 'in', 'France,', 'where', 'as', 'a', 'med', 'student', 'he', 'hones', 'his', 'appetite', 'for', 'the', 'kill.', 'Crime', 'Drama', 'Thriller']"
14761,Cocaine Cowboys,BillyCorben,http://www.magpictures.com/profile.aspx?id=9833910c-fd4a-4fcb-a734-b3d252473a03,"['In', 'the', '1980s,', 'ruthless', 'Colombian', 'cocaine', 'barons', 'invaded', 'Miami', 'with', 'a', 'brand', 'of', 'violence', 'unseen', 'in', 'this', 'country', 'since', 'Prohibition-era', 'Chicago', '-', 'and', 'it', 'put', 'the', 'city', 'on', 'the', 'map.', '""Cocaine', 'Cowboys""', 'is', 'the', 'true', 'story', 'of', 'how', 'Miami', 'became', 'the', 'drug,', 'murder', 'and', 'cash', 'capital', 'of', 'the', 'United', 'States,', 'told', 'by', 'the', 'people', 'who', 'made', 'it', 'all', 'happen.', 'Action', 'Documentary']"
1250,Ghost Rider,MarkStevenJohnson,http://www.sonypictures.com/movies/ghostrider/,"['In', 'order', 'to', 'save', 'his', 'dying', 'father,', 'young', 'stunt', 'cyclist,', 'Johnny', 'Blaze', 'sells', 'his', 'soul', 'to', 'Mephistopheles', 'and', 'sadly', 'parts', 'from', 'the', 'pure-hearted,', 'Roxanne', 'Simpson,', 'the', 'love', 'of', 'his', 'life.', 'Years', 'later,', ""Johnny's"", 'path', 'crosses', 'again', 'with', 'Roxanne,', 'now', 'a', 'go-getting', 'reporter,', 'and', 'also', 'with', 'Mephistopheles,', 'who', 'offers', 'to', 'release', ""Johnny's"", 'soul', 'if', 'Johnny', 'becomes', 'the', 'fabled,', 'fiery', ""'Ghost"", ""Rider'."", 'Thriller', 'Action', 'Fantasy', 'Horror']"
13185,Kidulthood,MenhajHuda,http://www.kidulthood.co.uk/,"['A', 'day', 'in', 'the', 'life', 'of', 'a', 'group', 'of', 'troubled', '15-year-olds', 'growing', 'up', 'in', 'west', 'London.', 'Drama']"
8965,Atlantis: Milo's Return,TobyShelton,http://disneydvd.disney.go.com/atlantis-milos-return.html,"['Three', 'different', 'stories', 'come', 'to', 'life', 'in', 'this', 'sequel', 'to', 'the', 'hit', 'animated', 'Disney', 'adventure.', 'Explorer', 'Milo', 'Thatch,', 'his', 'new', 'sweetheart,', 'Queen', 'Kida,', 'and', 'the', 'rest', 'of', 'the', 'team', 'are', 'preparing', 'to', 'rebuild', 'the', 'underwater', 'city.', 'But', 'trouble', 'crops', 'up.', 'Harnessing', 'the', 'power', 'of', 'the', 'crystal', 'of', 'Atlantis,', 'the', 'adventurers', 'set', 'out', 'to', 'defend', 'their', 'kingdom', 'against', 'dark', 'forces', 'that', 'threaten', 'from', 'sand,', 'sea', 'and', 'snow.', 'Fantasy', 'Animation', 'ScienceFiction', 'Family', 'Action']"
1271,300,ZackSnyder,http://300themovie.warnerbros.com,"['Based', 'on', 'Frank', ""Miller's"", 'graphic', 'novel,', '""300""', 'is', 'very', 'loosely', 'based', 'the', '480', 'B.C.', 'Battle', 'of', 'Thermopylae,', 'where', 'the', 'King', 'of', 'Sparta', 'led', 'his', 'army', 'against', 'the', 'advancing', 'Persians;', 'the', 'battle', 'is', 'said', 'to', 'have', 'inspired', 'all', 'of', 'Greece', 'to', 'band', 'together', 'against', 'the', 'Persians,', 'and', 'helped', 'usher', 'in', 'the', ""world's"", 'first', 'democracy.', 'Action', 'Adventure', 'War']"
559,Spider-Man 3,SamRaimi,http://www.sonypictures.com/movies/spider-man3/,"['The', 'seemingly', 'invincible', 'Spider-Man', 'goes', 'up', 'against', 'an', 'all-new', 'crop', 'of', 'villain', '–', 'including', 'the', 'shape-shifting', 'Sandman.', 'While', 'Spider-Man’s', 'superpowers', 'are', 'altered', 'by', 'an', 'alien', 'organism,', 'his', 'alter', 'ego,', 'Peter', 'Parker,', 'deals', 'with', 'nemesis', 'Eddie', 'Brock', 'and', 'also', 'gets', 'caught', 'up', 'in', 'a', 'love', 'triangle.', 'Fantasy', 'Action', 'Adventure']"
2269,Day Watch,TimurBekmambetov,http://www.foxsearchlight.com/daywatch/,"['A', 'man', 'who', 'serves', 'in', 'the', 'war', 'between', 'the', 'forces', 'of', 'Light', 'and', 'Dark', 'comes', 'into', 'possession', 'of', 'a', 'device', 'that', 'can', 'restore', 'life', 'to', 'Moscow,', 'which', 'was', 'nearly', 'destroyed', 'by', 'an', 'apocalyptic', 'event.', 'Fantasy', 'Horror']"
11798,This Is England,ShaneMeadows,http://www.thisisenglandmovie.co.uk/,"['A', 'story', 'about', 'a', 'troubled', 'boy', 'growing', 'up', 'in', 'England,', 'set', 'in', '1983.', 'He', 'comes', 'across', 'a', 'few', 'skinheads', 'on', 'his', 'way', 'home', 'from', 'school,', 'after', 'a', 'fight.', 'They', 'become', 'his', 'new', 'best', 'friends', 'even', 'like', 'family.', 'Based', 'on', 'experiences', 'of', 'director', 'Shane', 'Meadows.', 'Drama', 'Crime']"
810,Shrek the Third,ChrisMiller,http://www.shrekthethird.com/flash/index.html,"['The', 'King', 'of', 'Far', 'Far', 'Away', 'has', 'died', 'and', 'Shrek', 'and', 'Fiona', 'are', 'to', 'become', 'King', '&amp;', 'Queen.', 'However,', 'Shrek', 'wants', 'to', 'return', 'to', 'his', 'cozy', 'swamp', 'and', 'live', 'in', 'peace', 'and', 'quiet,', 'so', 'when', 'he', 'finds', 'out', 'there', 'is', 'another', 'heir', 'to', 'the', 'throne,', 'they', 'set', 'off', 'to', 'bring', 'him', 'back', 'to', 'rule', 'the', 'kingdom.', 'Fantasy', 'Adventure', 'Animation', 'Comedy', 'Family']"
285,Pirates of the Caribbean: At World's End,GoreVerbinski,http://disney.go.com/disneypictures/pirates/,"['Captain', 'Barbossa,', 'long', 'believed', 'to', 'be', 'dead,', 'has', 'come', 'back', 'to', 'life', 'and', 'is', 'headed', 'to', 'the', 'edge', 'of', 'the', 'Earth', 'with', 'Will', 'Turner', 'and', 'Elizabeth', 'Swann.', 'But', 'nothing', 'is', 'quite', 'as', 'it', 'seems.', 'Adventure', 'Fantasy', 'Action']"
14207,The Librarian: Quest for the Spear,PeterWinther,http://www.tntdrama.com/movies/the-librarian-quest-for-the-spear.html,"['When', 'a', 'magical', 'artifact', 'is', 'lifted', 'from', 'his', 'library,', 'a', 'meek', 'librarian', 'sets', 'out', 'to', 'ensure', 'its', 'safe', 'return.', 'Thriller', 'Adventure', 'Action', 'Comedy', 'Drama', 'Fantasy', 'Romance']"
24200,Fay Grim,HalHartley,http://www.faygrimfilm.com/,"['Many', 'years', 'after', 'her', 'notorious', 'husband,', 'Henry', 'Fool,', 'fled', 'after', 'killing', 'a', 'neighbor,', 'Fay', 'Grim', 'receives', 'a', 'visit', 'from', 'CIA', 'agent', 'Fulbright,', 'who', 'tells', 'her', 'that', 'Henry', 'is', 'dead,', 'but', 'that', 'some', 'of', 'his', 'journals', 'have', 'been', 'unearthed', 'in', 'France.', 'She', 'sets', 'forth', 'on', 'a', 'globe-trotting', 'odyssey', 'that', 'soon', 'leads', 'to', 'the', 'discovery', 'that', 'he', 'is', 'alive,', 'and', 'his', 'journals', 'are', 'more', 'than', 'they', 'appear', 'to', 'be.', 'Comedy', 'Thriller']"
298,Ocean's Thirteen,StevenSoderbergh,http://oceans13.warnerbros.com/,"['Danny', ""Ocean's"", 'team', 'of', 'criminals', 'are', 'back', 'and', 'composing', 'a', 'plan', 'more', 'personal', 'than', 'ever.', 'When', 'ruthless', 'casino', 'owner', 'Willy', 'Bank', 'doublecrosses', 'Reuben', 'Tishkoff,', 'causing', 'a', 'heart', 'attack,', 'Danny', 'Ocean', 'vows', 'that', 'he', 'and', 'his', 'team', 'will', 'do', 'anything', 'to', 'bring', 'down', 'Willy', 'Bank', 'along', 'with', 'everything', ""he's"", 'got.', 'Even', 'if', 'it', 'means', 'asking', 'for', 'help', 'from', 'an', 'enemy.', 'Crime', 'Thriller']"
9408,Surf's Up,AshBrannon,http://www.sonypictures.com/homevideo/surfsup/,"['Cody', 'is', 'a', 'surfing', 'penguin', 'from', 'Shiverpool', 'who', 'dreams', 'of', 'making', 'it', 'big', 'and', 'being', 'like', 'his', 'idol', 'Big', 'Z.', 'On', 'his', 'journey', 'he', 'discovers', 'his', 'talents', 'are', 'not', 'all', 'he', 'thinks', 'they', 'are', 'and', 'he', 'must', 'learn', 'to', 'accept', 'that', 'their', 'is', 'more', 'to', 'surfing', 'than', 'fame', 'and', 'fortune.', ""Surf's"", 'Up', 'is', 'a', '2007', 'American', 'computer-animated', 'mockumentary', 'film', 'produced', 'by', 'Sony', 'Pictures', 'Animation', 'and', 'distributed', 'by', 'Columbia', 'Pictures', 'and', 'ImageWorks', 'Studios.', 'It', 'stars', 'the', 'voices', 'of', 'Shia', 'LaBeouf,', 'Jeff', 'Bridges,', 'Zooey', 'Deschanel,', 'Jon', 'Heder', 'among', 'others.', 'Animation', 'Comedy', 'Family']"
1991,Death Proof,QuentinTarantino,http://www.deathproof.net/,"[""Austin's"", 'hottest', 'DJ,', 'Jungle', 'Julia,', 'sets', 'out', 'into', 'the', 'night', 'to', 'unwind', 'with', 'her', 'two', 'friends', 'Shanna', 'and', 'Arlene.', 'Covertly', 'tracking', 'their', 'moves', 'is', 'Stuntman', 'Mike,', 'a', 'scarred', 'rebel', 'leering', 'from', 'behind', 'the', 'wheel', 'of', 'his', 'muscle', 'car,', 'revving', 'just', 'feet', 'away.', 'Action', 'Thriller']"
11211,Bring It On: All or Nothing,SteveRash,https://www.uphe.com/movies/bring-it-on-all-or-nothing,"['A', 'transfer', 'student', 'at', 'a', 'rough', 'high', 'school', 'tries', 'joining', 'the', 'cheer-leading', 'squad', 'and', 'finds', 'that', 'she', 'not', 'only', 'has', 'to', 'face', 'off', 'against', 'the', 'head', 'cheerleader,', 'but', 'also', 'against', 'her', 'former', 'school', 'in', 'preparation', 'for', 'a', 'cheer-off', 'competition.', 'Comedy']"
2698,Evan Almighty,TomShadyac,http://www.evanalmighty.com/,"['God', 'contacts', 'Congressman', 'Evan', 'Baxter', 'and', 'tells', 'him', 'to', 'build', 'an', 'ark', 'in', 'preparation', 'for', 'a', 'great', 'flood.', 'Fantasy', 'Comedy', 'Family']"
1858,Transformers,MichaelBay,http://www.transformersmovie.com/,"['Young', 'teenager,', 'Sam', 'Witwicky', 'becomes', 'involved', 'in', 'the', 'ancient', 'struggle', 'between', 'two', 'extraterrestrial', 'factions', 'of', 'transforming', 'robots', '–', 'the', 'heroic', 'Autobots', 'and', 'the', 'evil', 'Decepticons.', 'Sam', 'holds', 'the', 'clue', 'to', 'unimaginable', 'power', 'and', 'the', 'Decepticons', 'will', 'stop', 'at', 'nothing', 'to', 'retrieve', 'it.', 'Adventure', 'ScienceFiction', 'Action']"
675,Harry Potter and the Order of the Phoenix,DavidYates,http://www.harrypotterorderofthephoenix.com/,"['Returning', 'for', 'his', 'fifth', 'year', 'of', 'study', 'at', 'Hogwarts,', 'Harry', 'is', 'stunned', 'to', 'find', 'that', 'his', 'warnings', 'about', 'the', 'return', 'of', 'Lord', 'Voldemort', 'have', 'been', 'ignored.', 'Left', 'with', 'no', 'choice,', 'Harry', 'takes', 'matters', 'into', 'his', 'own', 'hands,', 'training', 'a', 'small', 'group', 'of', 'students', '–', 'dubbed', ""'Dumbledore's"", ""Army'"", '–', 'to', 'defend', 'themselves', 'against', 'the', 'dark', 'arts.', 'Adventure', 'Fantasy', 'Family', 'Mystery']"
2503,The Bourne Ultimatum,PaulGreengrass,http://www.universalstudiosentertainment.com/the-bourne-ultimatum/,"['Bourne', 'is', 'brought', 'out', 'of', 'hiding', 'once', 'again', 'by', 'reporter', 'Simon', 'Ross', 'who', 'is', 'trying', 'to', 'unveil', 'Operation', 'Blackbriar,', 'an', 'upgrade', 'to', 'Project', 'Treadstone,', 'in', 'a', 'series', 'of', 'newspaper', 'columns.', 'Information', 'from', 'the', 'reporter', 'stirs', 'a', 'new', 'set', 'of', 'memories,', 'and', 'Bourne', 'must', 'finally', 'uncover', 'his', 'dark', 'past', 'while', 'dodging', 'The', ""Company's"", 'best', 'efforts', 'to', 'eradicate', 'him.', 'Action', 'Drama', 'Mystery', 'Thriller']"
14144,Daddy Day Camp,FredSavage,http://www.sonypictures.com/movies/daddydaycamp/site/,"['Seeking', 'to', 'offer', 'his', 'son', 'the', 'satisfying', 'summer', 'camp', 'experience', 'that', 'eluded', 'him', 'as', 'a', 'child,', 'the', 'operator', 'of', 'a', 'neighborhood', 'daycare', 'center', 'opens', 'his', 'own', 'camp,', 'only', 'to', 'face', 'financial', 'hardship', 'and', 'stiff', 'competition', 'from', 'a', 'rival', 'camp.', 'Comedy', 'Family']"
2082,Halloween,RobZombie,http://www.halloweenmovies.com/,"['After', 'being', 'committed', 'for', '17', 'years,', 'Michael', 'Myers,', 'now', 'a', 'grown', 'man', 'and', 'still', 'very', 'dangerous,', 'escapes', 'from', 'the', 'mental', 'institution', '(where', 'he', 'was', 'committed', 'as', 'a', '10', 'year', 'old)', 'and', 'he', 'immediately', 'returns', 'to', 'Haddonfield,', 'where', 'he', 'wants', 'to', 'find', 'his', 'baby', 'sister,', 'Laurie.', 'Anyone', 'who', 'crosses', 'his', 'path', 'is', 'in', 'mortal', 'danger', 'Horror']"
2335,Taxi 4,GérardKrawczyk,http://www.taxi4-lefilm.com/,"['Before', 'being', 'extradited', 'to', 'Africa', 'to', 'stand', 'trial,', 'a', 'notorious', 'Belgian', 'criminal', 'is', 'entrusted', 'to', 'the', 'Marseilles', 'police', 'department', 'for', 'less', 'than', '24', 'hours.', 'But', 'the', 'wily', 'crook', 'convinces', 'bumbling', 'policeman', 'Emilien', ""he's"", 'a', 'lowly', 'Belgian', 'embassy', 'employee', 'who', 'got', 'railroaded', 'by', 'the', 'brilliant', 'master', 'criminal.', 'Action', 'Comedy']"
1992,Planet Terror,RobertRodriguez,http://www.planetterror.senator.de/,"['Two', 'doctors', 'find', 'their', 'graveyard', 'shift', 'inundated', 'with', 'townspeople', 'ravaged', 'by', 'sores.', 'Among', 'the', 'wounded', 'is', 'Cherry,', 'a', 'dancer', 'whose', 'leg', 'was', 'ripped', 'from', 'her', 'body.', 'As', 'the', 'invalids', 'quickly', 'become', 'enraged', 'aggressors,', 'Cherry', 'and', 'her', 'ex-boyfriend', 'Wray', 'lead', 'a', 'team', 'of', 'accidental', 'warriors', 'into', 'the', 'night.', 'Horror', 'Action', 'Thriller']"
7737,Resident Evil: Extinction,RussellMulcahy,http://www.sonypictures.com/movies/residentevilextinction/index.html,"['Years', 'after', 'the', 'Racoon', 'City', 'catastrophe,', 'survivors', 'travel', 'across', 'the', 'Nevada', 'desert,', 'hoping', 'to', 'make', 'it', 'to', 'Alaska.', 'Alice', 'joins', 'the', 'caravan', 'and', 'their', 'fight', 'against', 'hordes', 'of', 'zombies', 'and', 'the', 'evil', 'Umbrella', 'Corp.', 'Horror', 'Action', 'ScienceFiction']"
4520,Sleuth,KennethBranagh,http://www.sonyclassics.com/sleuth/,"['On', 'his', 'sprawling', 'country', 'estate,', 'an', 'aging', 'writer', 'matches', 'wits', 'with', 'the', 'struggling', 'actor', 'who', 'has', 'stolen', 'his', ""wife's"", 'heart.', 'Drama', 'Thriller']"
4513,30 Days of Night,DavidSlade,http://www.30daysofnight.com/,"['This', 'is', 'the', 'story', 'of', 'an', 'isolated', 'Alaskan', 'town', 'that', 'is', 'plunged', 'into', 'darkness', 'for', 'a', 'month', 'each', 'year', 'when', 'the', 'sun', 'sinks', 'below', 'the', 'horizon.', 'As', 'the', 'last', 'rays', 'of', 'light', 'fade,', 'the', 'town', 'is', 'attacked', 'by', 'a', 'bloodthirsty', 'gang', 'of', 'vampires', 'bent', 'on', 'an', 'uninterrupted', 'orgy', 'of', 'destruction.', 'Only', 'the', 'small', ""town's"", 'husband-and-wife', 'Sheriff', 'team', 'stand', 'between', 'the', 'survivors', 'and', 'certain', 'destruction.', 'Horror', 'Thriller']"
663,Saw IV,DarrenLynnBousman,http://movies.break.com/saw4/,"['Jigsaw', 'and', 'his', 'apprentice', 'Amanda', 'are', 'dead.', 'Now,', 'upon', 'the', 'news', 'of', 'Detective', ""Kerry's"", 'murder,', 'two', 'seasoned', 'FBI', 'profilers,', 'Agent', 'Strahm', 'and', 'Agent', 'Perez,', 'arrive', 'in', 'the', 'terrified', 'community', 'to', 'assist', 'the', 'veteran', 'Detective', 'Hoffman', 'in', 'sifting', 'through', ""Jigsaw's"", 'latest', 'grisly', 'remains', 'and', 'piecing', 'together', 'the', 'puzzle.', 'However,', 'when', 'SWAT', 'Commander', 'Rigg', 'is', 'abducted', 'and', 'thrust', 'into', 'a', 'game,', 'the', 'last', 'officer', 'untouched', 'by', 'Jigsaw', 'has', 'but', 'ninety', 'minutes', 'to', 'overcome', 'a', 'series', 'of', 'demented', 'traps', 'and', 'save', 'an', 'old', 'friend...or', 'face', 'the', 'deadly', 'consequences.', 'Horror', 'Thriller', 'Crime']"
7347,Elite Squad,JoséPadilha,http://www.tropadeeliteofilme.com.br/,"['In', '1997,', 'before', 'the', 'visit', 'of', 'the', 'pope', 'to', 'Rio', 'de', 'Janeiro,', 'Captain', 'Nascimento', 'from', 'BOPE', '(Special', 'Police', 'Operations', 'Battalion)', 'is', 'assigned', 'to', 'eliminate', 'the', 'risks', 'of', 'the', 'drug', 'dealers', 'in', 'a', 'dangerous', 'slum', 'nearby', 'where', 'the', 'pope', 'intends', 'to', 'be', 'lodged.', 'Drama', 'Action', 'Crime']"
5817,"You, the Living",RoyAndersson,http://www.royandersson.com/dulevande/,"['In', 'the', 'Swedish', 'city', 'of', 'Lethe,', 'people', 'from', 'different', 'walks', 'of', 'life', 'take', 'part', 'in', 'a', 'series', 'of', 'short,', 'deadpan', 'vignettes', 'that', 'rush', 'past.', 'Some', 'are', 'just', 'seconds', 'long,', 'none', 'longer', 'than', 'a', 'couple', 'of', 'minutes.', 'A', 'young', 'woman', '(Jessica', 'Lundberg)', 'remembers', 'a', 'fantasy', 'honeymoon', 'with', 'a', 'rock', 'guitarist.', 'A', 'man', 'awakes', 'from', 'a', 'dream', 'about', 'bomber', 'planes.', 'A', 'businessman', 'boasts', 'about', 'success', 'while', 'being', 'robbed', 'by', 'a', 'pickpocket', 'and', 'so', 'on.', 'The', 'absurdist', 'collection', 'is', 'accompanied', 'by', 'Dixieland', 'jazz', 'and', 'similar', 'music.', 'Drama', 'Comedy', 'Music']"
13363,The Man from Earth,RichardSchenkman,http://manfromearth.com/,"['An', 'impromptu', 'goodbye', 'party', 'for', 'Professor', 'John', 'Oldman', 'becomes', 'a', 'mysterious', 'interrogation', 'after', 'the', 'retiring', 'scholar', 'reveals', 'to', 'his', 'colleagues', 'he', 'never', 'ages', 'and', 'has', 'walked', 'the', 'earth', 'for', '14,000', 'years.', 'ScienceFiction', 'Drama']"
1620,Hitman,XavierGens,http://www.hitmanmovie.com/,"['The', 'best-selling', 'videogame,', 'Hitman,', 'roars', 'to', 'life', 'with', 'both', 'barrels', 'blazing', 'in', 'this', 'hardcore', 'action-thriller', 'starring', 'Timothy', 'Olyphant.', 'A', 'genetically', 'engineered', 'assassin', 'with', 'deadly', 'aim,', 'known', 'only', 'as', '""Agent', '47""', 'eliminates', 'strategic', 'targets', 'for', 'a', 'top-secret', 'organization.', 'But', 'when', ""he's"", 'double-crossed,', 'the', 'hunter', 'becomes', 'the', 'prey', 'as', '47', 'finds', 'himself', 'in', 'a', 'life-or-death', 'game', 'of', 'international', 'intrigue.', 'Action', 'Crime', 'Drama', 'Thriller']"
6477,Alvin and the Chipmunks,TimHill,http://www.chipmunks.com,"['A', 'struggling', 'songwriter', 'named', 'Dave', 'Seville', 'finds', 'success', 'when', 'he', 'comes', 'across', 'a', 'trio', 'of', 'singing', 'chipmunks:', 'mischievous', 'leader', 'Alvin,', 'brainy', 'Simon,', 'and', 'chubby,', 'impressionable', 'Theodore.', 'Comedy', 'Music', 'Family', 'Fantasy', 'Animation']"
6637,National Treasure: Book of Secrets,JonTurteltaub,http://disney.go.com/disneypictures/nationaltreasure/,"['Benjamin', 'Franklin', 'Gates', 'and', 'Dr.', 'Abigail', 'Chase', 're-team', 'with', 'Riley', 'Poole', 'and,', 'now', 'armed', 'with', 'a', 'stack', 'of', 'long-lost', 'pages', 'from', 'John', 'Wilkes', ""Booth's"", 'diary,', 'Ben', 'must', 'follow', 'a', 'clue', 'left', 'there', 'to', 'prove', 'his', ""ancestor's"", 'innocence', 'in', 'the', 'assassination', 'of', 'Abraham', 'Lincoln.', 'Action', 'Adventure', 'Mystery', 'Thriller']"
440,Aliens vs Predator: Requiem,ColinStrause,http://www.avp-r.com/,"['A', 'sequel', 'to', ""2004's"", 'Alien', 'vs.', 'Predator,', 'the', 'iconic', 'creatures', 'from', 'two', 'of', 'the', 'scariest', 'film', 'franchises', 'in', 'movie', 'history', 'wage', 'their', 'most', 'brutal', 'battle', 'ever', '-', 'in', 'our', 'own', 'backyard.', 'The', 'small', 'town', 'of', 'Gunnison,', 'Colorado', 'becomes', 'a', 'war', 'zone', 'between', 'two', 'of', 'the', 'deadliest', 'extra-terrestrial', 'life', 'forms', '-', 'the', 'Alien', 'and', 'the', 'Predator.', 'When', 'a', 'Predator', 'scout', 'ship', 'crash-lands', 'in', 'the', 'hills', 'outside', 'the', 'town,', 'Alien', 'Facehuggers', 'and', 'a', 'hybrid', 'Alien/Predator', 'are', 'released', 'and', 'begin', 'to', 'terrorize', 'the', 'town.', 'Fantasy', 'Action', 'ScienceFiction', 'Thriller', 'Horror']"
8329,[REC],JaumeBalagueró,http://www.3l-filmverleih.de/rec,"['A', 'television', 'reporter', 'and', 'cameraman', 'follow', 'emergency', 'workers', 'into', 'a', 'dark', 'apartment', 'building', 'and', 'are', 'quickly', 'locked', 'inside', 'with', 'something', 'terrifying.', 'Horror', 'Mystery']"
2312,In the Name of the King: A Dungeon Siege Tale,UweBoll,http://www.inthenameoftheking.com/,"['A', 'man', 'named', 'Farmer', 'sets', 'out', 'to', 'rescue', 'his', 'kidnapped', 'wife', 'and', 'avenge', 'the', 'death', 'of', 'his', 'son', '--', 'two', 'acts', 'committed', 'by', 'the', 'Krugs,', 'a', 'race', 'of', 'animal-warriors', 'who', 'are', 'controlled', 'by', 'the', 'evil', 'Gallian.', 'Adventure', 'Fantasy', 'Action', 'Drama']"
11908,Hatchet,AdamGreen,http://www.hatchetmovie.com/,"['When', 'a', 'group', 'of', 'tourists', 'on', 'a', 'New', 'Orleans', 'haunted', 'swamp', 'tour', 'find', 'themselves', 'stranded', 'in', 'the', 'wilderness,', 'their', 'evening', 'of', 'fun', 'and', 'spooks', 'turns', 'into', 'a', 'horrific', 'nightmare.', 'Comedy', 'Horror']"
6933,One Missed Call,EricValette,http://onemissedcallmovie.warnerbros.com/,"['Several', 'people', 'start', 'receiving', 'voice-mails', 'from', 'their', 'future', 'selves', '--', 'messages', 'which', 'include', 'the', 'date,', 'time,', 'and', 'some', 'of', 'the', 'details', 'of', 'their', 'deaths.', 'Horror', 'Mystery', 'Thriller']"
7555,Rambo,SylvesterStallone,http://www.rambofilm.com/,"['When', 'governments', 'fail', 'to', 'act', 'on', 'behalf', 'of', 'captive', 'missionaries,', 'ex-Green', 'Beret', 'John', 'James', 'Rambo', 'sets', 'aside', 'his', 'peaceful', 'existence', 'along', 'the', 'Salween', 'River', 'in', 'a', 'war-torn', 'region', 'of', 'Thailand', 'to', 'take', 'action.', 'Although', ""he's"", 'still', 'haunted', 'by', 'violent', 'memories', 'of', 'his', 'time', 'as', 'a', 'U.S.', 'soldier', 'during', 'the', 'Vietnam', 'War,', 'Rambo', 'can', 'hardly', 'turn', 'his', 'back', 'on', 'the', 'aid', 'workers', 'who', 'so', 'desperately', 'need', 'his', 'help.', 'Action', 'Thriller']"
9030,The Eye,DavidMoreau,http://www.theeyethefilm.com,"['Violinist', 'Sydney', 'Wells', 'was', 'accidentally', 'blinded', 'by', 'her', 'sister', 'Helen', 'when', 'she', 'was', 'five', 'years', 'old.', 'She', 'submits', 'to', 'a', 'cornea', 'transplantation,', 'and', 'while', 'recovering', 'from', 'the', 'operation,', 'she', 'realizes', 'that', 'she', 'is', 'seeing', 'dead', 'people.', 'Drama', 'Horror', 'Thriller']"
13054,Rise of the Footsoldier,JulianGilbey,http://www.riseofthefootsoldier.co.uk/,"['Rise', 'of', 'the', 'Footsoldier', 'follows', 'the', 'inexorable', 'rise', 'of', 'Carlton', 'Leach', 'from', 'one', 'of', 'the', 'most', 'feared', 'generals', 'of', 'the', 'football', 'terraces', 'to', 'becoming', 'a', 'member', 'of', 'a', 'notorious', 'gang', 'of', 'criminals', 'who', 'rampaged', 'their', 'way', 'through', 'London', 'and', 'Essex', 'in', 'the', 'late', 'eighties', 'and', 'early', 'nineties.', 'Action', 'Adventure', 'Crime', 'Drama', 'Thriller']"
13016,Zeitgeist,PeterJoseph,http://www.zeitgeistmovie.com,"['Zeitgeist:', 'the', 'Movie', 'is', 'a', '2007', 'documentary', 'film', 'by', 'Peter', 'Joseph', 'examining', 'possible', 'historical', 'and', 'modern', 'conspiracies', 'surrounding', 'Christianity,', 'the', 'September', '11,', '2001', 'terrorist', 'attacks', 'and', 'the', 'Federal', 'Reserve', 'bank.', 'It', 'was', 'officially', 'released', 'online', 'on', 'June', '18,', '2007', 'on', 'www.ZeitgeistMovie.com', 'Documentary', 'History']"
155,The Dark Knight,ChristopherNolan,http://thedarkknight.warnerbros.com/dvdsite/,"['Batman', 'raises', 'the', 'stakes', 'in', 'his', 'war', 'on', 'crime.', 'With', 'the', 'help', 'of', 'Lt.', 'Jim', 'Gordon', 'and', 'District', 'Attorney', 'Harvey', 'Dent,', 'Batman', 'sets', 'out', 'to', 'dismantle', 'the', 'remaining', 'criminal', 'organizations', 'that', 'plague', 'the', 'streets.', 'The', 'partnership', 'proves', 'to', 'be', 'effective,', 'but', 'they', 'soon', 'find', 'themselves', 'prey', 'to', 'a', 'reign', 'of', 'chaos', 'unleashed', 'by', 'a', 'rising', 'criminal', 'mastermind', 'known', 'to', 'the', 'terrified', 'citizens', 'of', 'Gotham', 'as', 'the', 'Joker.', 'Drama', 'Action', 'Crime', 'Thriller']"
8456,Never Back Down,JeffWadlow,http://www.neverbackdownthemovie.com/,"['Rebellious', 'Jake', 'Tyler', 'is', 'lured', 'into', 'an', 'ultimate', 'underground', 'fight', 'Scene', 'at', 'his', 'new', 'high', 'school,', 'after', 'receiving', 'threats', 'to', 'the', 'safety', 'of', 'his', 'friends', 'and', 'family', 'Jake', 'decides', 'to', 'seek', 'the', 'mentoring', 'of', 'a', 'veteran', 'fighter', 'who', 'trains', 'him', 'for', 'one', 'final', 'no-holds-barred', 'elimination', 'fight', 'with', 'his', 'nemesis', 'and', 'local', 'martial', 'arts', 'champion', 'Ryan', 'McCarthy.', 'Drama', 'Action']"
13335,Harold & Kumar Escape from Guantanamo Bay,JonHurwitz,http://www.haroldandkumar.com,"['Having', 'satisfied', 'their', 'urge', 'for', 'White', 'Castle,', 'Harold', 'and', 'Kumar', 'jump', 'on', 'a', 'plane', 'to', 'catch', 'up', 'with', ""Harold's"", 'love', 'interest,', ""who's"", 'headed', 'for', 'the', 'Netherlands.', 'But', 'the', 'pair', 'must', 'change', 'their', 'plans', 'when', 'Kumar', 'is', 'accused', 'of', 'being', 'a', 'terrorist.', 'Rob', 'Corddry', 'also', 'stars', 'in', 'this', 'wild', 'comedy', 'sequel', 'that', 'follows', 'the', 'hapless', ""stoners'"", 'misadventures', 'as', 'they', 'try', 'to', 'avoid', 'being', 'captured', 'by', 'the', 'Department', 'of', 'Homeland', 'Security.', 'Comedy', 'Adventure']"
8617,Prom Night,NelsonMcCormick,http://www.sonypictures.com/movies/promnight/,"[""Donna's"", 'senior', 'prom', 'is', 'supposed', 'to', 'be', 'the', 'best', 'night', 'of', 'her', 'life,', 'though', 'a', 'sadistic', 'killer', 'from', 'her', 'past', 'has', 'different', 'plans', 'for', 'her', 'and', 'her', 'friends.', 'Crime', 'Horror']"
1726,Iron Man,JonFavreau,http://www.ironmanmovie.com/,"['After', 'being', 'held', 'captive', 'in', 'an', 'Afghan', 'cave,', 'billionaire', 'engineer', 'Tony', 'Stark', 'creates', 'a', 'unique', 'weaponized', 'suit', 'of', 'armor', 'to', 'fight', 'evil.', 'Action', 'ScienceFiction', 'Adventure']"
217,Indiana Jones and the Kingdom of the Crystal Skull,StevenSpielberg,http://www.indianajones.com/site/index.html,"['Set', 'during', 'the', 'Cold', 'War,', 'the', 'Soviets', '–', 'led', 'by', 'sword-wielding', 'Irina', 'Spalko', '–', 'are', 'in', 'search', 'of', 'a', 'crystal', 'skull', 'which', 'has', 'supernatural', 'powers', 'related', 'to', 'a', 'mystical', 'Lost', 'City', 'of', 'Gold.', 'After', 'being', 'captured', 'and', 'then', 'escaping', 'from', 'them,', 'Indy', 'is', 'coerced', 'to', 'head', 'to', 'Peru', 'at', 'the', 'behest', 'of', 'a', 'young', 'man', 'whose', 'friend', '–', 'and', ""Indy's"", 'colleague', '–', 'Professor', 'Oxley', 'has', 'been', 'captured', 'for', 'his', 'knowledge', 'of', 'the', ""skull's"", 'whereabouts.', 'Adventure', 'Action']"
4564,Sex and the City,MichaelPatrickKing,http://www.sexandthecitymovie.com/,"['A', 'New', 'York', 'writer', 'on', 'sex', 'and', 'love', 'is', 'finally', 'getting', 'married', 'to', 'her', 'Mr.', 'Big.', 'But', 'her', 'three', 'best', 'girlfriends', 'must', 'console', 'her', 'after', 'one', 'of', 'them', 'inadvertently', 'leads', 'Mr.', 'Big', 'to', 'jilt', 'her.', 'Comedy', 'Drama', 'Romance']"
9502,Kung Fu Panda,MarkOsborne,http://www.kungfupanda.com/,"['When', 'the', 'Valley', 'of', 'Peace', 'is', 'threatened,', 'lazy', 'Po', 'the', 'panda', 'discovers', 'his', 'destiny', 'as', 'the', '""chosen', 'one""', 'and', 'trains', 'to', 'become', 'a', 'kung', 'fu', 'hero,', 'but', 'transforming', 'the', 'unsleek', 'slacker', 'into', 'a', 'brave', 'warrior', ""won't"", 'be', 'easy.', ""It's"", 'up', 'to', 'Master', 'Shifu', 'and', 'the', 'Furious', 'Five', '--', 'Tigress,', 'Crane,', 'Mantis,', 'Viper', 'and', 'Monkey', '--', 'to', 'give', 'it', 'a', 'try.', 'Adventure', 'Animation', 'Family', 'Comedy']"
8909,Wanted,TimurBekmambetov,http://www.wantedmovie.com/,"['Doormat', 'Wesley', 'Gibson', 'discovers', 'that', 'his', 'recently', 'murdered', 'father', '–', 'who', 'Wesley', 'never', 'knew', '–', 'belonged', 'to', 'a', 'secret', 'guild', 'of', 'assassins.', 'After', 'a', 'leather-clad', 'sexpot', 'drafts', 'Wesley', 'into', 'the', 'society,', 'he', 'hones', 'his', 'innate', 'killing', 'skills', 'and', 'turns', 'avenger.', 'Action', 'Thriller', 'Crime']"
10748,St. Trinian's,BarnabyThompson,http://www.sttriniansmovie.co.uk/,"['When', 'their', 'beloved', 'school', 'is', 'threatened', 'with', 'closure', 'should', 'the', 'powers', 'that', 'be', 'fail', 'to', 'raise', 'the', 'proper', 'funds,', 'the', 'girls', 'scheme', 'to', 'steal', 'a', 'priceless', 'painting', 'and', 'use', 'the', 'profits', 'to', 'pull', 'St.', ""Trinian's"", 'out', 'of', 'the', 'red.', 'Comedy', 'Family', 'ScienceFiction']"
13205,Bambi II,BrianPimental,http://movies.disney.com/bambi-2,"['Return', 'to', 'the', 'forest', 'and', 'join', 'Bambi', 'as', 'he', 'reunites', 'with', 'his', 'father,', 'The', 'Great', 'Prince,', 'who', 'must', 'now', 'raise', 'the', 'young', 'fawn', 'on', 'his', 'own.', 'But', 'in', 'the', 'adventure', 'of', 'a', 'lifetime,', 'the', 'proud', 'parent', 'discovers', 'there', 'is', 'much', 'he', 'can', 'learn', 'from', 'his', 'spirited', 'young', 'son.', 'Animation', 'Drama', 'Family']"
8359,Kit Kittredge: An American Girl,PatriciaRozema,http://www.americangirl.com/movie/,"['The', 'Great', 'Depression', 'hits', 'home', 'for', 'nine', 'year', 'old', 'Kit', 'Kittredge', 'when', 'her', 'dad', 'loses', 'his', 'business', 'and', 'leaves', 'to', 'find', 'work.', 'Oscar', 'nominee', 'Abigail', 'Breslin', 'stars', 'as', 'Kit,', 'leading', 'a', 'splendid', 'cast', 'in', 'the', 'first', 'ever', '""American', 'Girl""', 'theatrical', 'movie.', 'In', 'order', 'to', 'keep', 'their', 'home,', 'Kit', 'and', 'her', 'mother', 'must', 'take', 'in', 'boarders', '-', 'paying', 'house', '-', 'guests', 'who', 'turn', 'out', 'to', 'be', 'full', 'of', 'fascinating', 'stories.', 'When', ""mother's"", 'lockbox', 'containing', 'all', 'their', 'money', 'is', 'stolen,', ""Kit's"", 'new', 'hobo', 'friend', 'Will', 'is', 'the', 'prime', 'suspect.', 'Kit', 'refuses', 'to', 'believe', 'that', 'Will', 'would', 'steal,', 'and', 'her', 'efforts', 'to', 'sniff', 'out', 'the', 'real', 'story', 'get', 'her', 'and', 'friends', 'into', 'big', 'trouble.', 'The', 'police', 'say', 'the', 'robbery', 'was', 'an', 'inside', 'job,', 'committed', 'by', 'someone', 'they', 'know.', 'So', 'if', 'it', ""wasn't"", 'Will,', 'then', 'who', 'did', 'it.', 'Comedy', 'Drama', 'Family']"
11802,Space Chimps,KirkDeMicco,http://www.spacechimpspower.com/,"['Circus', 'monkey', 'Ham', 'III', 'works', 'in', 'a', 'circus', 'where', ""he's"", 'regularly', 'shot', 'from', 'a', 'canon', 'but', 'he', 'still', 'lives', 'in', 'the', 'shadow', 'of', 'his', ""father's"", 'legacy.', 'A', 'natural', 'born', 'rebel', 'against', 'authority,', 'Ham', 'III', 'is', 'initially', 'reluctant', 'to', 'go', 'on', 'a', 'dangerous', 'space', 'mission', 'to', 'rescue', 'a', 'lost', 'space', 'probe,', 'but', 'away', 'he', 'goes,', 'for', 'lots', 'of', 'RIGHT', 'STUFF-style', 'astro-training', 'alongside', 'two', 'highly', 'prepared', 'chimps,', 'Luna', 'and', 'Titan.', 'Animation', 'Family']"
13541,The Colour of Magic,VadimJean,http://www.skyoneonline.co.uk/tcom/index.html,"['As', 'Rincewind', 'involuntarily', 'becomes', 'a', 'guide', 'to', 'the', 'naive', 'tourist', 'Twoflower,', 'they', 'find', 'themselves', 'forced', 'to', 'flee', 'the', 'city', 'of', 'Ankh-Morpork', 'to', 'escape', 'a', 'terrible', 'fire,', 'and', 'begin', 'on', 'a', 'journey', 'across', 'the', 'Disc.', 'Unknown', 'to', 'them,', 'their', 'journey', '&amp;', 'fate', 'is', 'being', 'decided', 'by', 'the', 'Gods', 'playing', 'a', 'board', 'game', 'the', 'whole', 'time.', 'Comedy', 'Fantasy', 'TVMovie']"
11910,Hogfather,VadimJean,http://www.skyone.co.uk/hogfather/,"[""It's"", 'Hogswatch', '(equivalent', 'to', 'Christmas)', 'on', 'the', 'Discworld', 'and', 'the', 'Hogfather', 'has', 'gone', 'missing,', 'requiring', 'Death', 'to', 'take', 'his', 'place', 'while', 'his', 'granddaughter', 'Susan', 'endeavors', 'to', 'find', 'out', 'what', 'has', 'happened.', 'Drama', 'Fantasy']"
1735,The Mummy: Tomb of the Dragon Emperor,RobCohen,http://www.themummy.com/,"['Archaeologist', 'Rick', ""O'Connell"", 'travels', 'to', 'China,', 'pitting', 'him', 'against', 'an', 'emperor', 'from', 'the', '2,000-year-old', 'Han', 'dynasty', ""who's"", 'returned', 'from', 'the', 'dead', 'to', 'pursue', 'a', 'quest', 'for', 'world', 'domination.', 'This', 'time,', ""O'Connell"", 'enlists', 'the', 'help', 'of', 'his', 'wife', 'and', 'son', 'to', 'quash', 'the', 'so-called', ""'Dragon"", ""Emperor'"", 'and', 'his', 'abuse', 'of', 'supernatural', 'power.', 'Adventure', 'Action', 'Fantasy']"
12289,Red Cliff,JohnWoo,http://www.redclifffilm.com,"['In', 'the', 'early', 'third', 'century,', 'the', 'land', 'of', 'Wu', 'is', 'invaded', 'by', 'the', 'warlord', 'Cao', 'Cao', 'and', 'his', 'million', 'soldiers.', 'The', 'ruler', 'of', 'Wu,', 'Sun', 'Quan,', 'calls', 'on', 'the', 'rival', 'warlord', 'Liu', 'Bei', 'for', 'help,', 'but', 'their', 'two', 'armies', 'are', 'still', 'badly', 'outnumbered.', 'However,', 'the', 'Wu', 'strategist', 'Zhou', 'Yu', 'sees', 'that', 'Cao', ""Cao's"", 'army', 'is', 'unused', 'to', 'battling', 'on', 'the', 'sea,', 'which', 'may', 'just', 'give', 'them', 'a', 'chance', 'if', 'they', 'can', 'exploit', 'this', 'weakness', 'properly.', 'Adventure', 'Drama', 'Action']"
13649,High School Musical 2,KennyOrtega,http://www.disneychannel.com/highschoolmusical2,"['The', 'East', 'High', 'Wildcats', 'are', 'ready', 'to', 'have', 'the', 'time', 'of', 'their', 'lives.', 'Troy', '(Zac', 'Efron)', 'is', 'thrilled', 'when', 'he’s', 'offered', 'a', 'job', 'in', 'a', 'country', 'club,', 'but', 'it’s', 'all', 'part', 'of', 'Sharpay’s', '(Ashley', 'Tisdale)', 'plot', 'to', 'lure', 'him', 'away', 'from', 'Gabriella', '(Vanessa', 'Hudgens).', 'How', 'will', 'it', 'all', 'turn', 'out?', 'All', 'questions', 'are', 'answered', 'on', 'the', 'night', 'of', 'the', 'club’s', 'Talent', 'Show.', 'Comedy', 'Drama', 'Family', 'Music']"
10483,Death Race,PaulW.S.Anderson,http://www.deathracemovie.net/,"['Terminal', 'Island,', 'New', 'York:', '2020.', 'Overcrowding', 'in', 'the', 'US', 'penal', 'system', 'has', 'reached', 'a', 'breaking', 'point.', 'Prisons', 'have', 'been', 'turned', 'over', 'to', 'a', 'monolithic', 'Weyland', 'Corporation,', 'which', 'sees', 'jails', 'full', 'of', 'thugs', 'as', 'an', 'opportunity', 'for', 'televised', 'sport.', 'Adrenalized', 'inmates,', 'a', 'global', 'audience', 'hungry', 'for', 'violence', 'and', 'a', 'spectacular,', 'enclosed', 'arena', 'come', 'together', 'to', 'form', 'the', ""'Death"", ""Race',"", 'the', 'biggest,', 'most', 'brutal', 'event.', 'Action', 'Thriller', 'ScienceFiction']"
11887,High School Musical 3: Senior Year,KennyOrtega,http://disney.go.com/disneypictures/highschoolmusical3,"[""It's"", 'almost', 'graduation', 'day', 'for', 'high', 'school', 'seniors', 'Troy,', 'Gabriella,', 'Sharpay,', 'Chad,', 'Ryan', 'and', 'Taylor', '―', 'and', 'the', 'thought', 'of', 'heading', 'off', 'in', 'separate', 'directions', 'after', 'leaving', 'East', 'High', 'has', 'these', 'Wildcats', 'thinking', 'they', 'need', 'to', 'do', 'something', ""they'll"", 'remember', 'forever.', 'Together', 'with', 'the', 'rest', 'of', 'the', 'Wildcats,', 'they', 'stage', 'a', 'spring', 'musical', 'reflecting', 'their', 'hopes', 'and', 'fears', 'about', 'the', 'future', 'and', 'their', 'unforgettable', 'experiences', 'growing', 'up', 'together.', 'But', 'with', 'graduation', 'approaching', 'and', 'college', 'plans', 'in', 'question,', 'what', 'will', 'become', 'of', 'the', 'dreams,', 'romances,', 'and', 'friendships', 'of', 'East', ""High's"", 'senior', 'Wildcats?', 'Comedy', 'Drama', 'Family', 'Music', 'Romance']"
10527,Madagascar: Escape 2 Africa,EricDarnell,http://www.madagascar-themovie.com,"['Alex,', 'Marty,', 'Melman,', 'Gloria,', 'King', 'Julien,', 'Maurice,', 'the', 'penguins', 'and', 'the', 'chimps', 'are', 'back', 'and', 'still', 'marooned', 'on', 'Madagascar.', 'In', 'the', 'face', 'of', 'this', 'obstacle,', 'the', 'New', 'Yorkers', 'have', 'hatched', 'a', 'plan', 'so', 'crazy', 'it', 'just', 'might', 'work.', 'With', 'military', 'precision,', 'the', 'penguins', 'have', 'repaired', 'an', 'old', 'crashed', 'plane...', 'sort', 'of.', 'Family', 'Animation']"
10764,Quantum of Solace,MarcForster,http://www.mgm.com/view/movie/234/Quantum-of-Solace/,"['Quantum', 'of', 'Solace', 'continues', 'the', 'adventures', 'of', 'James', 'Bond', 'after', 'Casino', 'Royale.', 'Betrayed', 'by', 'Vesper,', 'the', 'woman', 'he', 'loved,', '007', 'fights', 'the', 'urge', 'to', 'make', 'his', 'latest', 'mission', 'personal.', 'Pursuing', 'his', 'determination', 'to', 'uncover', 'the', 'truth,', 'Bond', 'and', 'M', 'interrogate', 'Mr.', 'White,', 'who', 'reveals', 'that', 'the', 'organization', 'that', 'blackmailed', 'Vesper', 'is', 'far', 'more', 'complex', 'and', 'dangerous', 'than', 'anyone', 'had', 'imagined.', 'Adventure', 'Action', 'Thriller', 'Crime']"
13655,Camp Rock,MatthewDiamond,http://disneychannel.com/camprock/,"['When', 'Mitchie', 'gets', 'a', 'chance', 'to', 'attend', 'Camp', 'Rock,', 'her', 'life', 'takes', 'an', 'unpredictable', 'twist,', 'and', 'she', 'learns', 'just', 'how', 'important', 'it', 'is', 'to', 'be', 'true', 'to', 'yourself.', 'Comedy', 'Drama', 'Family', 'Music', 'TVMovie']"
8966,Twilight,CatherineHardwicke,http://www.twilightthemovie.com,"['When', 'Bella', 'Swan', 'moves', 'to', 'a', 'small', 'town', 'in', 'the', 'Pacific', 'Northwest', 'to', 'live', 'with', 'her', 'father,', 'she', 'starts', 'school', 'and', 'meets', 'the', 'reclusive', 'Edward', 'Cullen,', 'a', 'mysterious', 'classmate', 'who', 'reveals', 'himself', 'to', 'be', 'a', '108-year-old', 'vampire.', 'Despite', ""Edward's"", 'repeated', 'cautions,', 'Bella', ""can't"", 'help', 'but', 'fall', 'in', 'love', 'with', 'him,', 'a', 'fatal', 'move', 'that', 'endangers', 'her', 'own', 'life', 'when', 'a', 'coven', 'of', 'bloodsuckers', 'try', 'to', 'challenge', 'the', 'Cullen', 'clan.', 'Adventure', 'Fantasy', 'Drama', 'Romance']"
13387,Transporter 3,OlivierMegaton,http://transporter3film.com/,"['Frank', 'Martin', 'puts', 'the', 'driving', 'gloves', 'on', 'to', 'deliver', 'Valentina,', 'the', 'kidnapped', 'daughter', 'of', 'a', 'Ukranian', 'government', 'official,', 'from', 'Marseilles', 'to', 'Odessa', 'on', 'the', 'Black', 'Sea.', 'En', 'route,', 'he', 'has', 'to', 'contend', 'with', 'thugs', 'who', 'want', 'to', 'intercept', ""Valentina's"", 'safe', 'delivery', 'and', 'not', 'let', 'his', 'personal', 'feelings', 'get', 'in', 'the', 'way', 'of', 'his', 'dangerous', 'objective.', 'Action', 'Adventure', 'Thriller', 'Crime']"
14447,A Matter of Loaf and Death,NickPark,http://www.wallaceandgromit.com/films/loafanddeath/,"['Wallace', 'and', 'Gromit', 'have', 'a', 'brand', 'new', 'business', '-', 'a', 'bakery.', 'Although', 'business', 'is', 'booming,', 'Gromit', 'is', 'concerned', 'by', 'the', 'news', 'that', '12', 'local', 'bakers', 'have', ""'disappeared'"", 'this', 'year', '-', 'but', 'Wallace', ""isn't"", 'worried.', ""He's"", 'too', 'distracted', 'and', 'in', 'love', 'with', 'local', 'beauty', 'and', 'bread', 'enthusiast,', 'Piella', 'Bakewell,', 'to', 'be', 'of', 'much', 'help.', 'Gromit', 'must', 'be', 'the', 'sleuth', 'and', 'solve', 'the', 'escalating', 'murder', 'mystery.', 'Animation', 'Comedy', 'Family']"
8880,Che: Part Two,StevenSoderbergh,http://www.ifcfilms.com/films/che,"['After', 'the', 'Cuban', 'Revolution,', 'Che', 'is', 'at', 'the', 'height', 'of', 'his', 'fame', 'and', 'power.', 'Then', 'he', 'disappears,', 're-emerging', 'incognito', 'in', 'Bolivia,', 'where', 'he', 'organizes', 'a', 'small', 'group', 'of', 'Cuban', 'comrades', 'and', 'Bolivian', 'recruits', 'to', 'start', 'the', 'great', 'Latin', 'American', 'Revolution.', 'Through', 'this', 'story,', 'we', 'come', 'to', 'understand', 'how', 'Che', 'remains', 'a', 'symbol', 'of', 'idealism', 'and', 'heroism', 'that', 'lives', 'in', 'the', 'hearts', 'of', 'people', 'around', 'the', 'world.', 'Drama', 'History', 'War']"
13180,Zeitgeist: Addendum,PeterJoseph,http://www.zeitgeistmovie.com,"['Zeitgeist:', 'Addendum', 'premiered', 'at', 'the', '5th', 'Annual', 'Artivist', 'Film', 'Festival.', 'Director', 'Peter', 'Joseph', 'stated:', '""The', 'failure', 'of', 'our', 'world', 'to', 'resolve', 'the', 'issues', 'of', 'war,', 'poverty,', 'and', 'corruption,', 'rests', 'within', 'a', 'gross', 'ignorance', 'about', 'what', 'guides', 'human', 'behavior', 'to', 'begin', 'with.', 'It', 'address', 'the', 'true', 'source', 'of', 'the', 'instability', 'in', 'our', 'society,', 'while', 'offering', 'the', 'only', 'fundamental,', 'long-term', 'solution.""', 'Documentary', 'History', 'War']"
14306,Marley & Me,DavidFrankel,http://marleyandmemovie.com/,"['A', 'newly', 'married', 'couple', 'who,', 'in', 'the', 'process', 'of', 'starting', 'a', 'family,', 'learn', 'many', 'of', ""life's"", 'important', 'lessons', 'from', 'their', 'trouble-loving', 'retriever,', 'Marley.', 'Packed', 'with', 'plenty', 'of', 'laughs', 'to', 'lighten', 'the', 'load,', 'the', 'film', 'explores', 'the', 'highs', 'and', 'lows', 'of', 'marriage,', 'maturity', 'and', 'confronting', ""one's"", 'own', 'mortality,', 'as', 'seen', 'through', 'the', 'lens', 'of', 'family', 'life', 'with', 'a', 'dog.', 'Comedy', 'Family']"
31047,Jesse Stone: Night Passage,RobertHarmon,http://www.cbs.com/specials/night_passage/,"['In', 'this', 'prequel', 'to', ""'Stone"", ""Cold,'"", 'Tom', 'Selleck', 'reprises', 'his', 'role', 'as', 'Jesse', 'Stone,', 'an', 'L.A.', 'cop', 'who', 'relocates', 'to', 'a', 'small', 'town', 'only', 'to', 'find', 'himself', 'immersed', 'in', 'one', 'mystery', 'after', 'the', 'other.', 'TVMovie', 'Drama', 'Thriller', 'Crime']"
14756,Ip Man,WilsonYip,http://www.ipman-movie.com/,"['A', 'semi-biographical', 'account', 'of', 'Yip', 'Man,', 'the', 'first', 'martial', 'arts', 'master', 'to', 'teach', 'the', 'Chinese', 'martial', 'art', 'of', 'Wing', 'Chun.', 'The', 'film', 'focuses', 'on', 'events', 'surrounding', 'Ip', 'that', 'took', 'place', 'in', 'the', 'city', 'of', 'Foshan', 'between', 'the', '1930s', 'to', '1940s', 'during', 'the', 'Second', 'Sino-Japanese', 'War.', 'Directed', 'by', 'Wilson', 'Yip,', 'the', 'film', 'stars', 'Donnie', 'Yen', 'in', 'the', 'lead', 'role,', 'and', 'features', 'fight', 'choreography', 'by', 'Sammo', 'Hung.', 'Drama', 'Action', 'History']"
26235,The Gamers: Dorkness Rising,MattVancil,http://deadgentlemen.com/projects/the-gamers/the-gamers-dorkness-rising/,"['All', 'Lodge', 'wants', 'is', 'for', 'his', 'gaming', 'group', 'to', 'finish', 'their', 'adventure.', 'Unfortunately,', ""they're"", 'more', 'interested', 'in', 'seducing', 'barmaids,', 'mooning', 'their', 'enemies,', 'and', 'setting', 'random', 'villagers', 'on', 'fire.', 'Desperate', 'to', 'rein', 'in', 'his', 'players,', 'Lodge', 'injects', 'two', 'newbies', 'into', 'the', 'party:', 'a', 'non-player', 'character', 'controlled', 'by', 'Lodge,', 'who', 'the', 'power', 'gamers', 'immediately', 'distrust,', 'and', 'the', 'rarest', 'gamer', 'of', 'all', '--', 'a', 'girl.', 'Adventure', 'Comedy', 'Fantasy']"
13635,Mesrine: Killer Instinct,Jean-FrançoisRichet,http://www.mesrine-lefilm.com/,"['Jacques', 'Mesrine,', 'a', 'loyal', 'son', 'and', 'dedicated', 'soldier,', 'is', 'back', 'home', 'and', 'living', 'with', 'his', 'parents', 'after', 'serving', 'in', 'the', 'Algerian', 'War.', 'Soon', 'he', 'is', 'seduced', 'by', 'the', 'neon', 'glamour', 'of', 'sixties', 'Paris', 'and', 'the', 'easy', 'money', 'it', 'presents.', 'Mentored', 'by', 'Guido,', 'Mesrine', 'turns', 'his', 'back', 'on', 'middle', 'class', 'law-abiding', 'and', 'soon', 'moves', 'swiftly', 'up', 'the', 'criminal', 'ladder.', 'Drama', 'Action', 'Thriller', 'Crime']"
14435,My Bloody Valentine,PatrickLussier,http://www.mybloodyvalentinein3d.com/,"['Ten', 'years', 'ago,', 'a', 'tragedy', 'changed', 'the', 'town', 'of', 'Harmony', 'forever.', 'Tom', 'Hanniger,', 'an', 'inexperienced', 'coal', 'miner,', 'caused', 'an', 'accident', 'in', 'the', 'tunnels', 'that', 'trapped', 'and', 'killed', 'five', 'men', 'and', 'sent', 'the', 'only', 'survivor,', 'Harry', 'Warden,', 'into', 'a', 'permanent', 'coma.', 'But', 'Harry', 'Warden', 'wanted', 'revenge.', 'Exactly', 'one', 'year', 'later,', 'on', 'Valentine’s', 'Day,', 'he', 'woke', 'up…and', 'brutally', 'murdered', 'twenty-two', 'people', 'with', 'a', 'pickaxe', 'before', 'being', 'killed.', 'Mystery', 'Horror']"
14560,Paul Blart: Mall Cop,SteveCarr,http://paulblartmallcop.com/,"['Mild-mannered', 'Paul', 'Blart', '(Kevin', 'James)', 'has', 'always', 'had', 'huge', 'dreams', 'of', 'becoming', 'a', 'State', 'Trooper.', 'Until', 'then,', 'he', 'patrols', 'the', 'local', 'mall', 'as', 'a', 'security', 'guard.', 'With', 'his', 'closely', 'cropped', 'moustache,', 'personal', 'transporter', 'and', 'gung-ho', 'attitude,', 'only', 'Blart', 'seems', 'to', 'take', 'his', 'job', 'seriously.', 'All', 'that', 'changes', 'when', 'a', 'team', 'of', 'thugs', 'raids', 'the', 'mall', 'and', 'takes', 'hostages.', 'Untrained,', 'unarmed', 'and', 'a', 'super-size', 'target,', 'Blart', 'has', 'to', 'become', 'a', 'real', 'cop', 'to', 'save', 'the', 'day.', 'Action', 'Adventure', 'Comedy', 'Family']"
1977,The Grudge 3,TobyWilkins,http://www.sonypictures.com/homevideo/thegrudge3/,"['Jake,', 'the', 'sole', 'survivor', 'of', 'The', 'Grudge', '2', 'massacre,', 'is', 'tortured', 'by', 'chilling', 'visions', 'of', 'Kayako', 'and', 'Toshio', 'that', 'have', 'led', 'to', 'his', 'hospitalization.', ""Jake's"", 'caretaker,', 'Dr.', 'Sullivan', 'is', 'determined', 'to', 'investigate', 'his', 'horrifying', 'tales.', 'She', 'explores', 'his', 'Chicago', 'home,', 'finding', 'another', 'family', 'on', 'the', 'brink', 'of', 'succumbing', 'to', 'the', 'curse.', 'It', 'becomes', 'clear', 'that', ""Jake's"", 'terrifying', 'stories', 'are', 'true,', 'and', 'a', 'mysterious', 'Japanese', 'woman', 'may', 'be', 'the', 'only', 'hope', 'of', 'banishing', 'the', 'spirits', 'forever...unless', 'her', 'plan', 'destroys', 'them', 'all.', 'Mystery', 'Horror', 'Thriller']"
14711,Afro Samurai: Resurrection,FuminoriKizaki,http://www.afrosamurai.com/,"['Afro', 'Samurai', 'avenged', 'his', 'father', 'and', 'found', 'a', 'life', 'of', 'peace.', 'But', 'the', 'legendary', 'master', 'is', 'forced', 'back', 'into', 'the', 'game', 'by', 'a', 'beautiful', 'and', 'deadly', 'woman', 'from', 'his', 'past.', 'The', 'sparks', 'of', 'violence', 'dropped', 'along', 'Afro’s', 'bloody', 'path', 'now', 'burn', 'out', 'of', 'control', '–', 'and', 'nowhere', 'are', 'the', 'flames', 'of', 'hatred', 'more', 'intense', 'than', 'in', 'the', 'eyes', 'of', 'Sio.', 'Animation']"
13207,Friday the 13th,MarcusNispel,http://www.fridaythe13thmovie.com,"['Ignoring', 'the', 'warnings', 'of', 'the', 'locals,', 'a', 'group', 'of', 'teenage', 'camp', 'counselors', 'takes', 'on', 'the', 'job', 'of', 'reopening', 'Camp', 'Crystal', 'Lake', '—', 'on', 'Friday', 'the', '13th', 'no', 'less,', 'and', 'raise', 'the', 'ire', 'of', 'Jason', 'Voorhees,', 'a', 'masked,', 'homicidal', 'maniac.', 'Horror']"
15159,The Pink Panther 2,HaraldZwart,http://www.sonypictures.com/movies/thepinkpanther2/,"['When', 'legendary', 'treasures', 'from', 'around', 'the', 'world', 'are', 'stolen,', 'including', 'the', 'priceless', 'Pink', 'Panther', 'Diamond,', 'Chief', 'Inspector', 'Dreyfus', 'is', 'forced', 'to', 'assign', 'Inspector', 'Clouseau', 'to', 'a', 'team', 'of', 'international', 'detectives', 'and', 'experts', 'charged', 'with', 'catching', 'the', 'thief', 'and', 'retrieving', 'the', 'stolen', 'artifacts.', 'Comedy', 'Mystery']"
18781,The Haunting in Connecticut,PeterCornwell,http://www.hauntinginconnecticut.com/,"['When', 'the', 'Campbell', 'family', 'moves', 'to', 'upstate', 'Connecticut,', 'they', 'soon', 'learn', 'that', 'their', 'charming', 'Victorian', 'home', 'has', 'a', 'disturbing', 'history:', 'not', 'only', 'was', 'the', 'house', 'a', 'transformed', 'funeral', 'parlor', 'where', 'inconceivable', 'acts', 'occurred,', 'but', 'the', ""owner's"", 'clairvoyant', 'son', 'Jonah', 'served', 'as', 'a', 'demonic', 'messenger,', 'providing', 'a', 'gateway', 'for', 'spiritual', 'entities', 'to', 'crossover.', 'Thriller', 'Horror']"
16353,Ong Bak 2,TonyJaa,http://www.ongbak2themovie.com/,"['Moments', 'from', 'death', 'a', 'young', 'man', 'is', 'rescued', 'by', 'a', 'renowned', 'warrior.', 'Realizing', 'unsurpassed', 'physical', 'potential', 'in', 'the', 'young', 'boy', 'he', 'trains', 'him', 'into', 'the', 'most', 'dangerous', 'man', 'alive.', 'As', 'he', 'becomes', 'a', 'young', 'man', 'he', 'goes', 'on', 'a', 'lone', 'mission', 'of', 'vengeance', 'against', 'the', 'vicious', 'slave', 'traders', 'who', 'enslaved', 'him', 'as', 'a', 'youth', 'and', 'the', 'treacherous', 'warlord', 'who', 'killed', 'his', 'father.', 'Adventure', 'Action', 'Thriller']"
15472,The Girl with the Dragon Tattoo,NielsArdenOplev,http://dragontattoofilm.com/,"['Swedish', 'thriller', 'based', 'on', 'Stieg', ""Larsson's"", 'novel', 'about', 'a', 'male', 'journalist', 'and', 'a', 'young', 'female', 'hacker.', 'In', 'the', 'opening', 'of', 'the', 'movie,', 'Mikael', 'Blomkvist,', 'a', 'middle-aged', 'publisher', 'for', 'the', 'magazine', 'Millennium,', 'loses', 'a', 'libel', 'case', 'brought', 'by', 'corrupt', 'Swedish', 'industrialist', 'Hans-Erik', 'Wennerström.', 'Nevertheless,', 'he', 'is', 'hired', 'by', 'Henrik', 'Vanger', 'in', 'order', 'to', 'solve', 'a', 'cold', 'case,', 'the', 'disappearance', 'of', ""Vanger's"", 'niece', 'Drama', 'Thriller', 'Crime', 'Mystery']"
13804,Fast & Furious,JustinLin,http://www.fastandfuriousmovie.net,"['When', 'a', 'crime', 'brings', 'them', 'back', 'to', 'L.A.,', 'fugitive', 'ex-con', 'Dom', 'Toretto', 'reignites', 'his', 'feud', 'with', 'agent', 'Brian', ""O'Conner."", 'But', 'as', 'they', 'are', 'forced', 'to', 'confront', 'a', 'shared', 'enemy,', 'Dom', 'and', 'Brian', 'must', 'give', 'in', 'to', 'an', 'uncertain', 'new', 'trust', 'if', 'they', 'hope', 'to', 'outmaneuver', 'him.', 'And', 'the', 'two', 'men', 'will', 'find', 'the', 'best', 'way', 'to', 'get', 'revenge:', 'push', 'the', 'limits', 'of', ""what's"", 'possible', 'behind', 'the', 'wheel.', 'Action', 'Crime', 'Drama', 'Thriller']"
15092,Crank: High Voltage,BrianTaylor,http://www.crank2.com/,"['Chelios', 'faces', 'a', 'Chinese', 'mobster', 'who', 'has', 'stolen', 'his', 'nearly', 'indestructible', 'heart', 'and', 'replaced', 'it', 'with', 'a', 'battery-powered', 'ticker', 'that', 'requires', 'regular', 'jolts', 'of', 'electricity', 'to', 'keep', 'working.', 'Action', 'Thriller', 'Crime']"
2080,X-Men Origins: Wolverine,GavinHood,http://www.x-menorigins.com/,"['After', 'seeking', 'to', 'live', 'a', 'normal', 'life,', 'Logan', 'sets', 'out', 'to', 'avenge', 'the', 'death', 'of', 'his', 'girlfriend', 'by', 'undergoing', 'the', 'mutant', 'Weapon', 'X', 'program', 'and', 'becoming', 'Wolverine.', 'Adventure', 'Action', 'Thriller', 'ScienceFiction']"
15384,Red Cliff Part II,JohnWoo,http://www.redclifffilm.com,"['In', '208', 'A.D.,', 'in', 'the', 'final', 'days', 'of', 'the', 'Han', 'Dynasty,', 'shrewd', 'Prime', 'Minster', 'Cao', 'convinced', 'the', 'fickle', 'Emperor', 'Han', 'the', 'only', 'way', 'to', 'unite', 'all', 'of', 'China', 'was', 'to', 'declare', 'war', 'on', 'the', 'kingdoms', 'of', 'Xu', 'in', 'the', 'west', 'and', 'East', 'Wu', 'in', 'the', 'south.', 'Thus', 'began', 'a', 'military', 'campaign', 'of', 'unprecedented', 'scale.', 'Left', 'with', 'no', 'other', 'hope', 'for', 'survival,', 'the', 'kingdoms', 'of', 'Xu', 'and', 'East', 'Wu', 'formed', 'an', 'unlikely', 'alliance.', 'War', 'Action', 'Drama', 'History', 'Thriller']"
17532,S. Darko,ChrisFisher,http://www.sdarko.com/,"['S.', 'Darko', 'follows', 'Samantha', 'Darko,', 'the', 'younger', 'sister', 'of', 'Donnie,', 'the', 'protagonist', 'of', 'Donnie', 'Darko,', 'and', 'her', 'friend', 'Corey.', 'On', 'their', 'way', 'to', 'California,', 'their', 'car', 'breaks', 'down,', 'forcing', 'them', 'to', 'wait', 'in', 'a', 'small', 'town', 'until', 'it', 'is', 'fixed.', 'While', 'there,', 'Samantha', 'begins', 'to', 'have', 'dreams', 'that', 'warn', 'her', 'of', 'the', 'end', 'of', 'the', 'universe.', 'Thriller', 'Crime', 'ScienceFiction', 'Mystery']"
13448,Angels & Demons,RonHoward,http://www.angelsanddemons.com/,"['Harvard', 'symbologist', 'Robert', 'Langdon', 'investigates', 'a', 'mysterious', 'symbol', 'seared', 'into', 'the', 'chest', 'of', 'a', 'murdered', 'physicist.', 'He', 'discovers', 'evidence', 'of', 'the', 'unimaginable,', 'the', 'rebirth', 'of', 'an', 'ancient', 'secret', 'brotherhood', 'known', 'as', 'the', 'Illuminati,', 'the', 'most', 'powerful', 'underground', 'organization', 'ever', 'to', 'walk', 'the', 'earth.', 'Thriller', 'Mystery']"
534,Terminator Salvation,McG,https://www.warnerbros.com/terminator-salvation,"['All', 'grown', 'up', 'in', 'post-apocalyptic', '2018,', 'John', 'Connor', 'must', 'lead', 'the', 'resistance', 'of', 'humans', 'against', 'the', 'increasingly', 'dominating', 'militaristic', 'robots.', 'But', 'when', 'Marcus', 'Wright', 'appears,', 'his', 'existence', 'confuses', 'the', 'mission', 'as', 'Connor', 'tries', 'to', 'determine', 'whether', 'Wright', 'has', 'come', 'from', 'the', 'future', 'or', 'the', 'past', '--', 'and', 'whether', ""he's"", 'friend', 'or', 'foe.', 'Action', 'ScienceFiction', 'Thriller']"
18360,Night at the Museum: Battle of the Smithsonian,ShawnLevy,http://www.nightatthemuseummovie.com,"['Hapless', 'museum', 'night', 'watchman', 'Larry', 'Daley', 'must', 'help', 'his', 'living,', 'breathing', 'exhibit', 'friends', 'out', 'of', 'a', 'pickle', 'now', 'that', ""they've"", 'been', 'transferred', 'to', 'the', 'archives', 'at', 'the', 'Smithsonian', 'Institution.', ""Larry's"", '(mis)adventures', 'this', 'time', 'include', 'close', 'encounters', 'with', 'Amelia', 'Earhart,', 'Abe', 'Lincoln', 'and', 'Ivan', 'the', 'Terrible.', 'Adventure', 'Fantasy', 'Action', 'Comedy', 'Family']"
14003,Fullmetal Alchemist the Movie: Conqueror of Shamballa,SeijiMizushima,http://www.fullmetalalchemist.com/movie/index.htm,"['Munich,', 'Germany,', '1923.', 'Two', 'years', 'have', 'passed', 'since', 'Edward', 'Elric', 'was', 'dragged', 'from', 'his', 'own', 'world', 'to', 'ours,', 'leaving', 'behind', 'his', 'country,', 'his', 'friends', 'and', 'his', 'younger', 'brother,', 'Alphonse.', 'Stripped', 'of', 'his', 'alchemical', 'powers,', 'he', 'has', 'been', 'all', 'this', 'time', 'researching', 'rocketry', 'together', 'with', 'Alphonse', 'Heiderich,', 'a', 'young', 'man', 'who', 'resembles', 'his', 'own', 'brother,', 'hoping', 'to', 'one', 'day', 'find', 'a', 'way', 'back', 'home.', 'His', 'efforts', 'so', 'far', 'had', 'proven', 'fruitless,', 'but', 'after', 'lending', 'a', 'hand', 'to', 'a', 'troubled', 'gipsy', 'girl,', 'Edward', 'is', 'thrown', 'in', 'a', 'series', 'of', 'events', 'that', 'can', 'wreak', 'havoc', 'in', 'both', 'worlds.', 'Meanwhile,', 'at', 'his', 'own', 'world,', 'Alphonse', 'Elric', 'ventures', 'deeper', 'into', 'the', 'mysteries', 'of', 'alchemy', 'in', 'search', 'for', 'a', 'way', 'to', 'reunite', 'with', 'his', 'older', 'brother.', 'Action', 'Adventure', 'Animation', 'Drama']"
18785,The Hangover,ToddPhillips,http://hangoverpart2.warnerbros.com/dvd/,"['When', 'three', 'friends', 'finally', 'come', 'to', 'after', 'a', 'raucous', 'night', 'of', 'bachelor-party', 'revelry,', 'they', 'find', 'a', 'baby', 'in', 'the', 'closet', 'and', 'a', 'tiger', 'in', 'the', 'bathroom.', 'But', 'they', ""can't"", 'seem', 'to', 'locate', 'their', 'best', 'friend,', 'Doug', '–', ""who's"", 'supposed', 'to', 'be', 'tying', 'the', 'knot.', 'Launching', 'a', 'frantic', 'search', 'for', 'Doug,', 'the', 'trio', 'perseveres', 'through', 'a', 'nasty', 'hangover', 'to', 'try', 'to', 'make', 'it', 'to', 'the', 'church', 'on', 'time.', 'Comedy']"
14451,Dead Snow,TommyWirkola,http://www.deadsnow.com,"['Eight', 'medical', 'students', 'on', 'a', 'ski', 'trip', 'to', 'Norway', 'discover', 'that', ""Hitler's"", 'horrors', 'live', 'on', 'when', 'they', 'come', 'face', 'to', 'face', 'with', 'a', 'battalion', 'of', 'zombie', 'Nazi', 'soldiers', 'intent', 'on', 'devouring', 'anyone', 'unfortunate', 'enough', 'to', 'wander', 'into', 'the', 'remote', 'mountains', 'where', 'they', 'were', 'once', 'sent', 'to', 'die.', 'Horror', 'Comedy']"
8373,Transformers: Revenge of the Fallen,MichaelBay,http://www.transformersmovie.com/,"['Sam', 'Witwicky', 'leaves', 'the', 'Autobots', 'behind', 'for', 'a', 'normal', 'life.', 'But', 'when', 'his', 'mind', 'is', 'filled', 'with', 'cryptic', 'symbols,', 'the', 'Decepticons', 'target', 'him', 'and', 'he', 'is', 'dragged', 'back', 'into', 'the', ""Transformers'"", 'war.', 'ScienceFiction', 'Action', 'Adventure']"
8355,Ice Age: Dawn of the Dinosaurs,CarlosSaldanha,http://www.iceagemovies.com/films/ice-age-dawn-of-the-dinosaurs,"['Times', 'are', 'changing', 'for', 'Manny', 'the', 'moody', 'mammoth,', 'Sid', 'the', 'motor', 'mouthed', 'sloth', 'and', 'Diego', 'the', 'crafty', 'saber-toothed', 'tiger.', 'Life', 'heats', 'up', 'for', 'our', 'heroes', 'when', 'they', 'meet', 'some', 'new', 'and', 'none-too-friendly', 'neighbors', '–', 'the', 'mighty', 'dinosaurs.', 'Animation', 'Comedy', 'Family', 'Adventure']"
14728,The Librarian: The Curse of the Judas Chalice,JonathanFrakes,http://www.tnt.tv/movies/librarian/,"['While', 'on', 'a', 'dangerous', 'mission', 'to', 'recover', 'the', 'historic', 'Judas', 'Chalice,', 'Flynn', 'is', 'saved', 'by', 'Simone.', 'But', 'when', 'double-crossed', 'by', 'a', 'respected', 'professor', 'and', 'ambushed', 'by', 'a', 'ruthless', 'gang,', 'Flynn', 'realizes', ""Simone's"", 'secret,', 'his', 'true', 'mission', 'and', 'a', 'shocking', 'discovery', 'are', 'all', 'lying', 'within', 'a', 'decaying', 'New', 'Orleans', 'crypt.', 'Fantasy', 'Action', 'Adventure', 'Comedy']"
16911,The Inhabited Island,FyodorBondarchuk,http://oostrov.ru,"['On', 'the', 'threshold', 'of', '22nd', 'century,', 'furrowing', 'the', 'space,', 'protagonist', 'from', 'the', 'Free', 'Search', 'Group', 'makes', 'emergency', 'landing', 'on', 'an', 'unknown', 'planet', 'where', 'he', 'must', 'stay.', 'People', 'who', 'are', 'living', 'on', 'this', 'planet', 'have', 'remained', 'at', 'the', 'stone', 'level', 'of', 'the', '20th', 'century,', 'with', 'its', 'social', 'problems,', 'miserable', 'ecology', 'and', 'shaky', 'world..', 'Action', 'Fantasy', 'ScienceFiction', 'Thriller']"
767,Harry Potter and the Half-Blood Prince,DavidYates,http://harrypotter.warnerbros.com/harrypotterandthehalf-bloodprince/dvd/index.html,"['As', 'Harry', 'begins', 'his', 'sixth', 'year', 'at', 'Hogwarts,', 'he', 'discovers', 'an', 'old', 'book', 'marked', 'as', ""'Property"", 'of', 'the', 'Half-Blood', ""Prince',"", 'and', 'begins', 'to', 'learn', 'more', 'about', 'Lord', ""Voldemort's"", 'dark', 'past.', 'Adventure', 'Fantasy', 'Family']"
21407,The Collector,MarcusDunstan,http://thecollector-movie.com/,"['Desperate', 'to', 'repay', 'his', 'debt', 'to', 'his', 'ex-wife,', 'an', 'ex-con', 'plots', 'a', 'heist', 'at', 'his', 'new', ""employer's"", 'country', 'home,', 'unaware', 'that', 'a', 'second', 'criminal', 'has', 'also', 'targeted', 'the', 'property,', 'and', 'rigged', 'it', 'with', 'a', 'series', 'of', 'deadly', 'traps.', 'Horror', 'Thriller']"
14869,G.I. Joe: The Rise of Cobra,StephenSommers,http://www.gijoemovie.com/,"['From', 'the', 'Egyptian', 'desert', 'to', 'deep', 'below', 'the', 'polar', 'ice', 'caps,', 'the', 'elite', 'G.I.', 'JOE', 'team', 'uses', 'the', 'latest', 'in', 'next-generation', 'spy', 'and', 'military', 'equipment', 'to', 'fight', 'the', 'corrupt', 'arms', 'dealer', 'Destro', 'and', 'the', 'growing', 'threat', 'of', 'the', 'mysterious', 'Cobra', 'organization', 'to', 'prevent', 'them', 'from', 'plunging', 'the', 'world', 'into', 'chaos.', 'Adventure', 'Action', 'Thriller', 'ScienceFiction']"
17134,12 Rounds,RennyHarlin,http://www.12rounds-movie.com/,"['When', 'New', 'Orleans', 'cop', 'Danny', 'Fisher', 'prevents', 'a', 'brilliant', 'thief', 'from', 'successfully', 'carrying', 'out', 'his', 'latest', 'heist,', 'the', ""thief's"", 'girlfriend', 'is', 'accidentally', 'killed.', 'Hungry', 'for', 'revenge,', 'the', 'criminal', 'mastermind', 'breaks', 'out', 'of', 'prison', 'and', 'kidnaps', ""Danny's"", 'fiancee.', 'To', 'save', 'her,', 'Danny', 'must', 'successfully', 'navigate', 'his', 'way', 'through', 'an', 'elaborate', 'series', 'of', 'tasks', 'and', 'puzzles,', 'or', 'else', 'watch', 'the', 'love', 'of', 'his', 'life', 'die.', 'Action', 'Adventure', 'Drama', 'Thriller']"
15137,Evangelion: 1.0: You Are (Not) Alone,HideakiAnno,http://www.evangelion.co.jp/,"['After', 'the', 'Second', 'Impact,', 'Tokyo-3', 'is', 'being', 'attacked', 'by', 'giant', 'creatures', 'called', 'Angels', 'that', 'seek', 'to', 'eradicate', 'humankind.', 'The', 'child', ""Shinji's"", 'objective', 'is', 'to', 'fight', 'the', 'Angels', 'by', 'piloting', 'one', 'of', 'the', 'mysterious', 'Evangelion', 'mecha', 'units.', 'A', 'remake', 'of', 'the', 'first', 'six', 'episodes', 'of', ""GAINAX's"", 'famous', '1996', 'anime', 'series.', 'The', 'film', 'was', 'retitled', '""Evangelion:', '1.01""', 'for', 'its', 'DVD', 'release', 'and', '""Evangelion:', '1.11""', 'for', 'release', 'on', 'Blu-Ray', '(with', 'additional', 'scenes).', 'Animation', 'ScienceFiction', 'Action', 'Drama']"
37047,Love Hina Christmas Special: Silent Eve,YoshiakiIwasaki,http://www.tv-tokyo.co.jp/anime/lovehina/,"['As', 'another', 'round', 'of', 'preliminary', 'tests', 'approach', 'for', 'Keitaro,', 'so', 'does', 'Christmas.', 'And', 'as', 'the', 'first', 'Christmas', 'of', 'the', 'millennium,', 'there', 'is', 'a', 'rumor', 'that', 'if', 'one', 'confesses', 'his', 'love', 'on', 'this', 'special', 'eve', 'it', 'will', 'come', 'true.', 'Keitaro', 'has', 'decided', 'what', 'he', 'needs', 'to', 'do', 'on', 'this', 'Christmas', 'eve.', 'But', 'being', 'a', 're-taker,', 'can', 'he', 'afford', 'taking', 'attention', 'away', 'from', 'the', 'tests', 'on', 'the', 'same', 'day?', 'Animation', 'Comedy', 'Romance']"
24150,Halloween II,RobZombie,http://www.halloween2-movie.com/,"['Laurie', 'Strode', 'struggles', 'to', 'come', 'to', 'terms', 'with', 'her', 'brother', ""Micheal's"", 'deadly', 'return', 'to', 'Haddonfield,', 'Illinois;', 'meanwhile,', 'Michael', 'prepares', 'for', 'another', 'reunion', 'with', 'his', 'sister.', 'Horror']"
17618,Laid to Rest,RobertHall,http://www.laidtorestmovie.com/,"['A', 'terrifying', 'story', 'of', 'a', 'young', 'girl', 'who', 'wakes', 'up', 'in', 'a', 'casket', 'with', 'a', 'traumatic', 'head', 'injury', 'and', 'no', 'memory', 'of', 'her', 'identity.', 'She', 'quickly', 'realizes', 'she', 'was', 'abducted', 'by', 'a', 'Deranged', 'Serial', 'Murderer', 'and', 'in', 'an', 'isolated', 'rural', 'town', 'she', 'must', 'survive', 'the', 'night', 'and', 'outsmart', 'the', 'technologically', 'inclined', 'killer', 'who', 'is', 'hellbent', 'on', 'finishing', 'what', 'he', 'started.', 'Thriller', 'Horror']"
19912,The Final Destination,DavidR.Ellis,http://www.TheFinalDestinationMovie.com/,"['After', 'a', 'young', ""man's"", 'premonition', 'of', 'a', 'deadly', 'race-car', 'crash', 'helps', 'saves', 'the', 'lives', 'of', 'his', 'peers,', 'Death', 'sets', 'out', 'to', 'collect', 'those', 'who', 'evaded', 'their', 'end.', 'Horror', 'Mystery']"
22794,Cloudy with a Chance of Meatballs,PhilLord,http://www.cloudywithachanceofmeatballs.com/,"['Inventor', 'Flint', 'Lockwood', 'creates', 'a', 'machine', 'that', 'makes', 'clouds', 'rain', 'food,', 'enabling', 'the', 'down-and-out', 'citizens', 'of', 'Chewandswallow', 'to', 'feed', 'themselves.', 'But', 'when', 'the', 'falling', 'food', 'reaches', 'gargantuan', 'proportions,', 'Flint', 'must', 'scramble', 'to', 'avert', 'disaster.', 'Can', 'he', 'regain', 'control', 'of', 'the', 'machine', 'and', 'put', 'an', 'end', 'to', 'the', 'wild', 'weather', 'before', 'the', 'town', 'is', 'destroyed?', 'Animation', 'Comedy', 'Family']"
23827,Paranormal Activity,OrenPeli,http://www.paranormalactivity-movie.com/,"['After', 'a', 'young,', 'middle', 'class', 'couple', 'moves', 'into', 'a', 'suburban', ""'starter'"", 'tract', 'house,', 'they', 'become', 'increasingly', 'disturbed', 'by', 'a', 'presence', 'that', 'may', 'or', 'may', 'not', 'be', 'somehow', 'demonic', 'but', 'is', 'certainly', 'most', 'active', 'in', 'the', 'middle', 'of', 'the', 'night.', 'Especially', 'when', 'they', 'sleep.', 'Or', 'try', 'to.', 'Horror', 'Mystery']"
22804,Saw VI,KevinGreutert,http://www.saw6film.com/,"['Special', 'Agent', 'Strahm', 'is', 'dead,', 'and', 'Detective', 'Hoffman', 'has', 'emerged', 'as', 'the', 'unchallenged', 'successor', 'to', ""Jigsaw's"", 'legacy.', 'However,', 'when', 'the', 'FBI', 'draws', 'closer', 'to', 'Hoffman,', 'he', 'is', 'forced', 'to', 'set', 'a', 'game', 'into', 'motion,', 'and', ""Jigsaw's"", 'grand', 'scheme', 'is', 'finally', 'understood.', 'Horror', 'Mystery']"
22821,The Boondock Saints II: All Saints Day,TroyDuffy,http://www.sonypictures.com/movies/boondocksaints2/,"['Skillfully', 'framed', 'by', 'an', 'unknown', 'enemy', 'for', 'the', 'murder', 'of', 'a', 'priest,', 'wanted', 'vigilante', 'MacManus', 'brothers', 'Murphy', 'and', 'Connor', 'must', 'come', 'out', 'of', 'hiding', 'on', 'a', 'sheep', 'farm', 'in', 'Ireland', 'to', 'fight', 'for', 'justice', 'in', 'Boston.', 'Action', 'Thriller', 'Crime']"
18239,The Twilight Saga: New Moon,ChrisWeitz,http://www.twilightthemovie.com/,"['Forks,', 'Washington', 'resident', 'Bella', 'Swan', 'is', 'reeling', 'from', 'the', 'departure', 'of', 'her', 'vampire', 'love,', 'Edward', 'Cullen,', 'and', 'finds', 'comfort', 'in', 'her', 'friendship', 'with', 'Jacob', 'Black,', 'a', 'werewolf.', 'But', 'before', 'she', 'knows', 'it,', ""she's"", 'thrust', 'into', 'a', 'centuries-old', 'conflict,', 'and', 'her', 'desire', 'to', 'be', 'with', 'Edward', 'at', 'any', 'cost', 'leads', 'her', 'to', 'take', 'greater', 'and', 'greater', 'risks.', 'Adventure', 'Fantasy', 'Drama', 'Romance']"
15400,Mickey's Once Upon a Christmas,BradleyRaymond,http://movies.disney.com/mickeys-once-upon-a-christmas,"['Mickey,', 'Minnie,', 'and', 'their', 'famous', 'friends', 'Goofy,', 'Donald,', 'Daisy', 'and', 'Pluto', 'gather', 'together', 'to', 'reminisce', 'about', 'the', 'love,', 'magic', 'and', 'surprises', 'in', 'three', 'wonder-filled', 'stories', 'of', 'Christmas', 'past.', 'Animation', 'Family', 'Comedy']"
23951,Objectified,GaryHustwit,http://www.objectifiedfilm.com/,"['A', 'feature-length', 'documentary', 'about', 'our', 'complex', 'relationship', 'with', 'manufactured', 'objects', 'and,', 'by', 'extension,', 'the', 'people', 'who', 'design', 'them.', 'Documentary']"
37190,Transylmania,DavidHillenbrand,http://www.transylmaniathemovie.com/,"['Spoof', 'horror', 'in', 'which', 'a', 'group', 'of', 'college', 'kids', 'do', 'a', 'semester', 'abroad', 'in', 'Romania', 'and', 'realise', 'that', 'if', 'the', 'partying', ""doesn't"", 'kill', 'them,', 'the', 'vampires', 'just', 'might!', 'Horror', 'Comedy']"
19995,Avatar,JamesCameron,http://www.avatarmovie.com/,"['In', 'the', '22nd', 'century,', 'a', 'paraplegic', 'Marine', 'is', 'dispatched', 'to', 'the', 'moon', 'Pandora', 'on', 'a', 'unique', 'mission,', 'but', 'becomes', 'torn', 'between', 'following', 'orders', 'and', 'protecting', 'an', 'alien', 'civilization.', 'Action', 'Adventure', 'Fantasy', 'ScienceFiction']"
10528,Sherlock Holmes,GuyRitchie,http://sherlock-holmes-movie.warnerbros.com/,"['Eccentric', 'consulting', 'detective,', 'Sherlock', 'Holmes', 'and', 'Doctor', 'John', 'Watson', 'battle', 'to', 'bring', 'down', 'a', 'new', 'nemesis', 'and', 'unravel', 'a', 'deadly', 'plot', 'that', 'could', 'destroy', 'England.', 'Action', 'Adventure', 'Crime', 'Mystery']"
23398,Alvin and the Chipmunks: The Squeakquel,BettyThomas,http://www.munkyourself.com/,"['Pop', 'sensations', 'Alvin,', 'Simon', 'and', 'Theodore', 'end', 'up', 'in', 'the', 'care', 'of', 'Dave', ""Seville's"", 'twenty-something', 'nephew', 'Toby.', 'The', 'boys', 'must', 'put', 'aside', 'music', 'super', 'stardom', 'to', 'return', 'to', 'school,', 'and', 'are', 'tasked', 'with', 'saving', 'the', ""school's"", 'music', 'program', 'by', 'winning', 'the', '$25,000', 'prize', 'in', 'a', 'battle', 'of', 'the', 'bands.', 'But', 'the', 'Chipmunks', 'unexpectedly', 'meet', 'their', 'match', 'in', 'three', 'singing', 'chipmunks', 'known', 'as', 'The', 'Chipettes', '-', 'Brittany,', 'Eleanor', 'and', 'Jeanette.', 'Romantic', 'and', 'musical', 'sparks', 'are', 'ignited', 'when', 'the', 'Chipmunks', 'and', 'Chipettes', 'square', 'off.', 'Comedy', 'Family', 'Animation', 'Fantasy', 'Music']"
33613,The Girl Who Kicked the Hornet's Nest,DanielAlfredson,http://dragontattoofilm.com/,"['After', 'taking', 'a', 'bullet', 'to', 'the', 'head,', 'Salander', 'is', 'under', 'close', 'supervision', 'in', 'a', 'hospital', 'and', 'is', 'set', 'to', 'face', 'trial', 'for', 'attempted', 'murder', 'on', 'her', 'eventual', 'release.', 'With', 'the', 'help', 'of', 'journalist', 'Mikael', 'Blomkvist', 'and', 'his', 'researchers', 'at', 'Millennium', 'magazine,', 'Salander', 'must', 'prove', 'her', 'innocence.', 'In', 'doing', 'this', 'she', 'plays', 'against', 'powerful', 'enemies', 'and', 'her', 'own', 'past.', 'Action', 'Thriller', 'Crime', 'Mystery']"
2395,Asterix at the Olympic Games,ThomasLangmann,http://www.asterixauxjeuxolympiques.com/index.php,"['Astérix', 'and', 'Obélix', 'have', 'to', 'win', 'the', 'Olympic', 'Games', 'in', 'order', 'to', 'help', 'their', 'friend', 'Alafolix', 'marry', 'Princess', 'Irina', '(portrayed', 'by', 'supermodel', 'Vanessa', 'Hessler).', 'Brutus', '(Benoît', 'Poelvoorde)', 'uses', 'every', 'trick', 'in', 'the', 'book', 'to', 'have', 'his', 'own', 'team', 'win', 'the', 'game,', 'and', 'get', 'rid', 'of', 'his', 'father', 'Julius', 'Caesar', '(Alain', 'Delon)', 'in', 'the', 'process.', 'Fantasy', 'Adventure', 'Comedy', 'Family']"
17911,Mega Shark vs Giant Octopus,JackPerez,http://www.theasylum.cc/product.php?id=155,"['The', 'California', 'coast', 'is', 'terrorized', 'by', 'two', 'enormous', 'prehistoric', 'sea', 'creatures', 'as', 'they', 'battle', 'each', 'other', 'for', 'supremacy', 'of', 'the', 'sea.', 'Horror', 'ScienceFiction']"
13522,Arn: The Kingdom at Road's End,PeterFlinth,http://www.arnmovie.com/,"['Arn', 'has', 'served', 'his', 'term', 'in', 'the', 'Holy', 'land', 'and', 'returns', 'home', 'to', 'be', 'reunited', 'with', 'his', 'beloved', 'Cecilia.', 'When', 'he', 'returns', 'home,', 'he', 'discovers', 'that', 'political', 'forces', 'tries', 'to', 'separate', 'him', 'and', 'Cecilia', '-', 'but', 'thanks', 'to', 'queen', 'Blanka', 'they', 'can', 'finally', 'get', 'married.', 'Arn', 'knows', 'that', 'war', 'is', 'looming', 'and', 'with', 'his', 'martial', 'knowledge', 'he', 'starts', 'to', 'build', 'an', 'army', 'at', 'his', 'new', 'home', 'at', 'Forsvik.', 'Action', 'Adventure', 'Drama', 'History']"
24253,The Girl Who Played with Fire,DanielAlfredson,http://dragontattoofilm.com/about-5/the-girl-who-played-with-fire/,"['Mikael', 'Blomkvist,', 'publisher', 'of', 'Millennium', 'magazine,', 'has', 'made', 'his', 'living', 'exposing', 'the', 'crooked', 'and', 'corrupt', 'practices', 'of', 'establishment', 'Swedish', 'figures.', 'So', 'when', 'a', 'young', 'journalist', 'approaches', 'him', 'with', 'a', 'meticulously', 'researched', 'thesis', 'about', 'sex', 'trafficking', 'in', 'Sweden', 'and', 'those', 'in', 'high', 'office', 'who', 'abuse', 'underage', 'girls,', 'Blomkvist', 'immediately', 'throws', 'himself', 'into', 'the', 'investigation.', 'Drama', 'Action', 'Thriller', 'Crime', 'Mystery']"
15324,Steal This Film,PeterSunde,http://www.stealthisfilm.com/,"['Steal', 'This', 'Film', 'focuses', 'on', 'Pirate', 'Bay', 'founders', 'Gottfrid', 'Svartholm,', 'Fredrik', 'Neij', 'and', 'Peter', 'Sunde,', 'prominent', 'members', 'of', 'the', 'Swedish', 'filesharing', 'community.', 'The', 'makers', 'claimed', 'that', ""'Old"", ""Media'"", 'documentary', 'crews', ""couldn't"", 'understand', 'the', 'internet', 'culture', 'that', 'filesharers', 'took', 'part', 'in,', 'and', 'that', 'they', 'saw', 'peer-to-peer', 'organization', 'as', 'a', 'threat', 'to', 'their', 'livelihoods.', 'Because', 'of', 'that,', 'they', 'were', 'determined', 'to', 'accurately', 'represent', 'the', 'filesharing', 'community', 'from', 'within.', 'Notably,', 'Steal', 'This', 'Film', 'was', 'released', 'and', 'distributed,', 'free', 'of', 'charge,', 'through', 'the', 'same', 'filesharing', 'networks', 'that', 'the', 'film', 'documents.', 'Documentary']"
27561,Trailer Park Boys: Countdown to Liquor Day,MikeClattenburg,http://www.trailerparkboysmovie.com/,"['Ricky,', 'Julian', 'and', 'Bubbles', 'are', 'about', 'to', 'get', 'out', 'of', 'jail,', 'and', 'this', 'time,', 'Julian', 'vows', 'to', 'go', 'straight,', 'even', 'open', 'a', 'legit', 'business.', 'Soon', 'the', 'Boys', 'will', 'all', 'be', 'rich.', 'At', 'least', ""that's"", 'what', ""they've"", 'told', 'the', 'parole', 'board.', 'But', 'when', 'they', 'arrive', 'back', 'at', 'the', 'park,', 'they', 'find', ""it's"", 'not', 'the', 'same', 'old', 'Sunnyvale', '-', 'and', ""it's"", 'not', 'the', 'same', 'old', 'Jim', 'Lahey,', 'Trailer', 'Park', 'Supervisor.', 'Comedy', 'Crime']"
15357,District 13: Ultimatum,PatrickAlessandrin,http://www.b13ultimatum-lefilm.com/,"['Damien', 'and', 'Leito', 'return', 'to', 'District', '13', 'on', 'a', 'mission', 'to', 'bring', 'peace', 'to', 'the', 'troubled', 'sector', 'that', 'is', 'controlled', 'by', 'five', 'different', 'gang', 'bosses,', 'before', 'the', ""city's"", 'secret', 'services', 'take', 'drastic', 'measures', 'to', 'solve', 'the', 'problem.', 'Action', 'Thriller', 'Crime']"
18489,The Yes Men Fix the World,MikeBonanno,http://theyesmenfixtheworld.com/,"['THE', 'YES', 'MEN', 'FIX', 'THE', 'WORLD', 'is', 'a', 'screwball', 'true', 'story', 'about', 'two', 'gonzo', 'political', 'activists', 'who,', 'posing', 'as', 'top', 'executives', 'of', 'giant', 'corporations,', 'lie', 'their', 'way', 'into', 'big', 'business', 'conferences', 'and', 'pull', 'off', 'the', ""world's"", 'most', 'outrageous', 'pranks.', 'Documentary']"
10664,[REC]²,JaumeBalagueró,http://www.rec2themovie.com/,"['The', 'action', 'continues', 'from', '[REC],', 'with', 'the', 'medical', 'officer', 'and', 'a', 'SWAT', 'team', 'outfitted', 'with', 'video', 'cameras', 'are', 'sent', 'into', 'the', 'sealed', 'off', 'apartment', 'to', 'control', 'the', 'situation.', 'Thriller', 'Horror']"
12155,Alice in Wonderland,TimBurton,http://disney.go.com/wonderland/,"['Alice,', 'an', 'unpretentious', 'and', 'individual', '19-year-old,', 'is', 'betrothed', 'to', 'a', 'dunce', 'of', 'an', 'English', 'nobleman.', 'At', 'her', 'engagement', 'party,', 'she', 'escapes', 'the', 'crowd', 'to', 'consider', 'whether', 'to', 'go', 'through', 'with', 'the', 'marriage', 'and', 'falls', 'down', 'a', 'hole', 'in', 'the', 'garden', 'after', 'spotting', 'an', 'unusual', 'rabbit.', 'Arriving', 'in', 'a', 'strange', 'and', 'surreal', 'place', 'called', ""'Underland,'"", 'she', 'finds', 'herself', 'in', 'a', 'world', 'that', 'resembles', 'the', 'nightmares', 'she', 'had', 'as', 'a', 'child,', 'filled', 'with', 'talking', 'animals,', 'villainous', 'queens', 'and', 'knights,', 'and', 'frumious', 'bandersnatches.', 'Alice', 'realizes', 'that', 'she', 'is', 'there', 'for', 'a', 'reason', '–', 'to', 'conquer', 'the', 'horrific', 'Jabberwocky', 'and', 'restore', 'the', 'rightful', 'queen', 'to', 'her', 'throne.', 'Family', 'Fantasy', 'Adventure']"
29426,Survival of the Dead,GeorgeA.Romero,http://magnetreleasing.com/survivalofthedead/,"['On', 'an', 'island', 'off', 'the', 'coast', 'of', 'North', 'America,', 'local', 'residents', 'simultaneously', 'fight', 'a', 'zombie', 'epidemic', 'while', 'hoping', 'for', 'a', 'cure', 'to', 'return', 'their', 'un-dead', 'relatives', 'back', 'to', 'their', 'human', 'state.', 'Horror', 'ScienceFiction']"
31723,Women in Trouble,SebastianGutierrez,http://www.womenintroublethemovie.com/,"['A', 'serpentine', 'day', 'in', 'the', 'life', 'of', 'ten', 'seemingly', 'disparate', 'women:', 'a', 'porn', 'star,', 'a', 'flight', 'attendant,', 'a', 'psychiatrist,', 'a', 'masseuse,', 'a', 'bartender,', 'a', 'pair', 'of', 'call', 'girls,', 'etc.', 'All', 'of', 'them', 'with', 'one', 'crucial', 'thing', 'in', 'common.', 'Trouble.', 'Comedy', 'Drama']"
23048,Hot Tub Time Machine,StevePink,http://www.mgm.com/view/Movie/2387/Hot-T...,"['A', 'malfunctioning', 'time', 'machine', 'at', 'a', 'ski', 'resort', 'takes', 'a', 'man', 'back', 'to', '1986', 'with', 'his', 'two', 'friends', 'and', 'nephew,', 'where', 'they', 'must', 'relive', 'a', 'fateful', 'night', 'and', 'not', 'change', 'anything', 'to', 'make', 'sure', 'the', 'nephew', 'is', 'born.', 'ScienceFiction', 'Comedy', 'Adventure']"
10191,How to Train Your Dragon,ChrisSanders,http://www.howtotrainyourdragon.com/,"['As', 'the', 'son', 'of', 'a', 'Viking', 'leader', 'on', 'the', 'cusp', 'of', 'manhood,', 'shy', 'Hiccup', 'Horrendous', 'Haddock', 'III', 'faces', 'a', 'rite', 'of', 'passage:', 'he', 'must', 'kill', 'a', 'dragon', 'to', 'prove', 'his', 'warrior', 'mettle.', 'But', 'after', 'downing', 'a', 'feared', 'dragon,', 'he', 'realizes', 'that', 'he', 'no', 'longer', 'wants', 'to', 'destroy', 'it,', 'and', 'instead', 'befriends', 'the', 'beast', '–', 'which', 'he', 'names', 'Toothless', '–', 'much', 'to', 'the', 'chagrin', 'of', 'his', 'warrior', 'father', 'Fantasy', 'Adventure', 'Animation', 'Family']"
22582,Tom and Jerry: The Movie,PhilRoman,http://tomandjerrythemovie.warnerbros.com,"['The', 'popular', 'cartoon', 'cat', 'and', 'mouse', 'are', 'thrown', 'into', 'a', 'feature', 'film.', 'The', 'story', 'has', 'the', 'twosome', 'trying', 'to', 'help', 'an', 'orphan', 'girl', 'who', 'is', 'being', 'berated', 'and', 'exploited', 'by', 'a', 'greedy', 'guardian.', 'Animation', 'Family']"
21467,The Bone Man,WolfgangMurnberger,http://www.derknochenmann.at/,"['Set', 'in', 'a', 'sleepy', 'Austrian', 'mountain', 'village,', 'ex-detective', 'Simon', 'Brenner', 'has', 'grown', 'weary', 'of', 'his', 'job', 'repossessing', 'cars', 'and', 'embarks', 'on', 'an', 'extended', 'getaway', 'to', 'the', 'countryside.', 'But', 'before', 'long', 'he', 'becomes', 'embroiled', 'in', 'the', 'convoluted', 'world', 'of', 'the', 'locals', 'of', 'a', 'supposedly', 'quiet', 'town.', 'Crime', 'Thriller', 'Comedy']"
18823,Clash of the Titans,LouisLeterrier,http://www.clash-of-the-titans.com/,"['Born', 'of', 'a', 'god', 'but', 'raised', 'as', 'a', 'man,', 'Perseus', 'is', 'helpless', 'to', 'save', 'his', 'family', 'from', 'Hades,', 'vengeful', 'god', 'of', 'the', 'underworld.', 'With', 'nothing', 'to', 'lose,', 'Perseus', 'volunteers', 'to', 'lead', 'a', 'dangerous', 'mission', 'to', 'defeat', 'Hades', 'before', 'he', 'can', 'seize', 'power', 'from', 'Zeus', 'and', 'unleash', 'hell', 'on', 'earth.', 'Battling', 'unholy', 'demons', 'and', 'fearsome', 'beasts,', 'Perseus', 'and', 'his', 'warriors', 'will', 'only', 'survive', 'if', 'Perseus', 'accepts', 'his', 'power', 'as', 'a', 'god,', 'defies', 'fate', 'and', 'creates', 'his', 'own', 'destiny.', 'Adventure', 'Fantasy', 'Action']"
15323,Steal This Film II,JamieKing,http://www.stealthisfilm.com/Part2/,"['These', 'are', 'strange', 'times', 'indeed.', 'While', 'they', 'continue', 'to', 'command', 'so', 'much', 'attention', 'in', 'the', 'mainstream', 'media,', 'the', ""'battles'"", 'between', 'old', 'and', 'new', 'modes', 'of', 'distribution,', 'between', 'the', 'pirate', 'and', 'the', 'institution', 'of', 'copyright,', 'seem', 'to', 'many', 'of', 'us', 'already', 'lost', 'and', 'won.', 'We', 'know', 'who', 'the', 'victors', 'are.', 'Why', 'then', 'say', 'any', 'more?', 'Documentary']"
33217,Diary of a Wimpy Kid,ThorFreudenthal,http://www.fox.co.uk/diary-of-a-wimpy-kid,"['Greg', 'Heffley', 'is', 'headed', 'for', 'big', 'things,', 'but', 'first', 'he', 'has', 'to', 'survive', 'the', 'scariest,', 'most', 'humiliating', 'experience', 'of', 'any', 'kid’s', 'life', '–', 'middle', 'school!', 'That', 'won’t', 'be', 'easy,', 'considering', 'he’s', 'surrounded', 'by', 'hairy-freckled', 'morons,', 'wedgie-loving', 'bullies', 'and', 'a', 'moldy', 'slice', 'of', 'cheese', 'with', 'nuclear', 'cooties!', 'Comedy', 'Family']"
36325,Bananas!*,FredrikGertten,http://www.bananasthemovie.com/,"['Juan', '“Accidentes”', 'Dominguez', 'is', 'on', 'his', 'biggest', 'case', 'ever.', 'On', 'behalf', 'of', 'twelve', 'Nicaraguan', 'banana', 'workers', 'he', 'is', 'tackling', 'Dole', 'Food', 'in', 'a', 'ground-breaking', 'legal', 'battle', 'for', 'their', 'use', 'of', 'a', 'banned', 'pesticide', 'that', 'was', 'known', 'by', 'the', 'company', 'to', 'cause', 'sterility.', 'Can', 'he', 'beat', 'the', 'giant,', 'or', 'will', 'the', 'corporation', 'get', 'away', 'with', 'it?', 'Documentary']"
10138,Iron Man 2,JonFavreau,http://www.ironmanmovie.com/,"['With', 'the', 'world', 'now', 'aware', 'of', 'his', 'dual', 'life', 'as', 'the', 'armored', 'superhero', 'Iron', 'Man,', 'billionaire', 'inventor', 'Tony', 'Stark', 'faces', 'pressure', 'from', 'the', 'government,', 'the', 'press', 'and', 'the', 'public', 'to', 'share', 'his', 'technology', 'with', 'the', 'military.', 'Unwilling', 'to', 'let', 'go', 'of', 'his', 'invention,', 'Stark,', 'with', 'Pepper', 'Potts', 'and', 'James', ""'Rhodey'"", 'Rhodes', 'at', 'his', 'side,', 'must', 'forge', 'new', 'alliances', '–', 'and', 'confront', 'powerful', 'enemies.', 'Adventure', 'Action', 'ScienceFiction']"
23437,A Nightmare on Elm Street,SamuelBayer,http://www.nightmareonelmstreet.com/,"['The', 'film', 'that', 'brings', 'back', 'horror', 'icon', 'Freddy', 'Krueger', 'as', 'a', 'darker', 'and', 'more', 'sinister', 'character', 'than', 'ever', 'before.', 'While', 'Freddy', 'is', 'on', 'the', 'prowl', 'a', 'group', 'of', 'teenagers', 'being', 'stalked', 'soon', 'learn', 'they', 'all', 'have', 'a', 'common', 'factor', 'making', 'them', 'targets', 'for', 'this', 'twisted', 'killer.', 'Horror', 'Mystery', 'Thriller']"
253232,Tora-san's Love Call,YôjiYamada,http://www.tora-san.jp/toranomaki/movie08/,"['Taking', 'a', 'message', 'from', ""Hiroshi's"", 'father', 'to', 'heart,', 'Torajiro', 'attempts', 'to', 'give', 'up', 'his', 'wandering', 'ways.', 'Comedy']"
37786,Sex and the City 2,MichaelPatrickKing,http://www.sexandthecitymovie.com/,"['Carrie,', 'Charlotte,', 'and', 'Miranda', 'are', 'all', 'married', 'now,', 'but', ""they're"", 'still', 'up', 'for', 'a', 'little', 'fun', 'in', 'the', 'sun.', 'When', 'Samantha', 'gets', 'the', 'chance', 'to', 'visit', 'one', 'of', 'the', 'most', 'extravagant', 'vacation', 'destinations', 'on', 'the', 'planet', 'and', 'offers', 'to', 'bring', 'them', 'all', 'along,', 'they', 'surmise', 'that', 'a', 'women-only', 'retreat', 'may', 'be', 'the', 'perfect', 'excuse', 'to', 'eschew', 'their', 'responsibilities', 'and', 'remember', 'what', 'life', 'was', 'like', 'before', 'they', 'decided', 'to', 'settle', 'down.', 'Comedy', 'Drama', 'Romance']"
38318,Burnt by the Sun 2: Intercession,NikitaMikhalkov,http://www.predstoyanie.ru/,"['Epic', 'film', 'about', 'WWII,', 'a', 'sequel', 'to', 'Utomlyonnye', 'solntsem', '(1994).', 'Evil', 'Stalin', 'is', 'terrorizing', 'people', 'of', 'Russia', 'while', 'the', 'Nazis', 'are', 'advancing.', 'Russian', 'officer', 'Kotov,', 'who', 'miraculously', 'survived', 'the', 'death', 'sentence', 'in', ""Stalin's"", 'Purge,', 'is', 'now', 'fighting', 'in', 'the', 'front-lines.', 'His', 'daughter,', 'Nadia,', 'who', 'survived', 'a', 'rape', 'attempt', 'by', 'Nazi', 'soldiers,', 'is', 'now', 'a', 'nurse', 'risking', 'her', 'own', 'life', 'to', 'save', 'others.', 'In', 'the', 'war-torn', 'nation', 'even', 'former', 'enemies', 'are', 'fighting', 'together', 'to', 'defend', 'their', 'land.', 'People', 'stand', 'up', 'united', 'for', 'the', 'sake', 'of', 'victory.', 'Written', 'by', 'Steve', 'Shelokhonov', 'Drama', 'War']"
10193,Toy Story 3,LeeUnkrich,http://disney.go.com/toystory/,"['Woody,', 'Buzz,', 'and', 'the', 'rest', 'of', ""Andy's"", 'toys', ""haven't"", 'been', 'played', 'with', 'in', 'years.', 'With', 'Andy', 'about', 'to', 'go', 'to', 'college,', 'the', 'gang', 'find', 'themselves', 'accidentally', 'left', 'at', 'a', 'nefarious', 'day', 'care', 'center.', 'The', 'toys', 'must', 'band', 'together', 'to', 'escape', 'and', 'return', 'home', 'to', 'Andy.', 'Animation', 'Family', 'Comedy']"
41142,Under the North Star,TimoKoivusalo,http://www.artista.fi/pohjantahti/,"['Perustuu', 'Väinö', 'Linnan', 'samannimiseen', 'romaanitrilogiaan,', 'joka', 'on', 'yksi', 'suomalaisen', 'kirjallisuuden', 'tärkeimmistä', 'teoksista.', 'Drama', 'History']"
10192,Shrek Forever After,MikeMitchell,http://www.shrekforeverafter.com/,"['A', 'bored', 'and', 'domesticated', 'Shrek', 'pacts', 'with', 'deal-maker', 'Rumpelstiltskin', 'to', 'get', 'back', 'to', 'feeling', 'like', 'a', 'real', 'ogre', 'again,', 'but', 'when', ""he's"", 'duped', 'and', 'sent', 'to', 'a', 'twisted', 'version', 'of', 'Far', 'Far', 'Away—where', 'Rumpelstiltskin', 'is', 'king,', 'ogres', 'are', 'hunted,', 'and', 'he', 'and', 'Fiona', 'have', 'never', 'met—he', 'sets', 'out', 'to', 'restore', 'his', 'world', 'and', 'reclaim', 'his', 'true', 'love.', 'Comedy', 'Adventure', 'Fantasy', 'Animation', 'Family']"
40819,Best Worst Movie,MichaelStephenson,http://bestworstmovie.com,"['A', 'look', 'at', 'the', 'making', 'of', 'the', 'film', 'Troll', '2', '(1990)', 'and', 'its', 'journey', 'from', 'being', 'crowned', 'the', '""worst', 'film', 'of', 'all', 'time""', 'to', 'a', 'cherished', 'cult', 'classic.', 'Documentary', 'Comedy']"
24021,The Twilight Saga: Eclipse,DavidSlade,http://eclipsethemovie.com,"['Bella', 'once', 'again', 'finds', 'herself', 'surrounded', 'by', 'danger', 'as', 'Seattle', 'is', 'ravaged', 'by', 'a', 'string', 'of', 'mysterious', 'killings', 'and', 'a', 'malicious', 'vampire', 'continues', 'her', 'quest', 'for', 'revenge.', 'In', 'the', 'midst', 'of', 'it', 'all,', 'she', 'is', 'forced', 'to', 'choose', 'between', 'her', 'love', 'for', 'Edward', 'and', 'her', 'friendship', 'with', 'Jacob,', 'knowing', 'that', 'her', 'decision', 'has', 'the', 'potential', 'to', 'ignite', 'the', 'ageless', 'struggle', 'between', 'vampire', 'and', 'werewolf.', 'With', 'her', 'graduation', 'quickly', 'approaching,', 'Bella', 'is', 'confronted', 'with', 'the', 'most', 'important', 'decision', 'of', 'her', 'life.', 'Adventure', 'Fantasy', 'Drama', 'Romance']"
20352,Despicable Me,PierreCoffin,http://www.despicable.me/,"['Villainous', 'Gru', 'lives', 'up', 'to', 'his', 'reputation', 'as', 'a', 'despicable,', 'deplorable', 'and', 'downright', 'unlikable', 'guy', 'when', 'he', 'hatches', 'a', 'plan', 'to', 'steal', 'the', 'moon', 'from', 'the', 'sky.', 'But', 'he', 'has', 'a', 'tough', 'time', 'staying', 'on', 'task', 'after', 'three', 'orphans', 'land', 'in', 'his', 'care.', 'Animation', 'Family']"
38365,Grown Ups,DennisDugan,http://www.grownups-movie.com/,"['After', 'their', 'high', 'school', 'basketball', 'coach', 'passes', 'away,', 'five', 'good', 'friends', 'and', 'former', 'teammates', 'reunite', 'for', 'a', 'Fourth', 'of', 'July', 'holiday', 'weekend.', 'Comedy']"
35019,Nanny McPhee and the Big Bang,SusannaWhite,http://www.nannymcphee.co.uk/,"['Nanny', 'McPhee', 'appears', 'at', 'the', 'door', 'of', 'a', 'harried', 'young', 'mother,', 'Mrs.', 'Isabel', 'Green,', 'who', 'is', 'trying', 'to', 'run', 'the', 'family', 'farm', 'while', 'her', 'husband', 'is', 'away', 'at', 'war.', 'But', 'once', 'she’s', 'arrived,', 'Nanny', 'McPhee', 'discovers', 'that', 'the', 'children', 'are', 'fighting', 'a', 'war', 'of', 'their', 'own', 'against', 'two', 'spoiled', 'city', 'cousins', 'who', 'have', 'just', 'moved', 'in.', 'Relying', 'on', 'everything', 'from', 'a', 'flying', 'motorcycle', 'and', 'a', 'statue', 'that', 'comes', 'to', 'life', 'to', 'a', 'tree-climbing', 'piglet', 'and', 'a', 'baby', 'elephant,', 'Nanny', 'uses', 'her', 'magic', 'to', 'teach', 'her', 'mischievous', 'charges', 'five', 'new', 'lessons.', 'Comedy', 'Fantasy']"
37472,Ip Man 2,WilsonYip,http://www.ipman2-movie.com/,"['Having', 'defeated', 'the', 'best', 'fighters', 'of', 'the', 'Imperial', 'Japanese', 'army', 'in', 'occupied', 'Shanghai,', 'Ip', 'Man', 'and', 'his', 'family', 'settle', 'in', 'post-war', 'Hong', 'Kong.Struggling', 'to', 'make', 'a', 'living,', 'Master', 'Ip', 'opens', 'a', 'kung', 'fu', 'school', 'to', 'bring', 'his', 'celebrated', 'art', 'of', 'Wing', 'Chun', 'to', 'the', 'troubled', 'youth', 'of', 'Hong', 'Kong.', 'His', 'growing', 'reputation', 'soon', 'brings', 'challenges', 'from', 'powerful', 'enemies,', 'including', 'pre-eminent', 'Hung', 'Gar', 'master,', 'Hung', 'Quan.', 'However,', 'when', 'corrupt', 'colonial', 'officials', 'stage', 'a', 'life-or-death', 'contest', 'with', 'formidable', 'British', 'boxer,', 'Twister,', 'to', 'humiliate', 'the', 'Chinese', 'people,', 'the', 'masters', 'quickly', 'forget', 'their', 'differences.', 'Soon,', 'the', 'eyes', 'of', 'the', 'nation', 'are', 'on', 'the', 'one', 'man', 'capable', 'of', 'securing', 'a', 'victory-Grandmaster', 'Ip', 'Man!', 'Action', 'History', 'Drama']"
27578,The Expendables,SylvesterStallone,http://expendablesthemovie.com/,"['Barney', 'Ross', 'leads', 'a', 'band', 'of', 'highly', 'skilled', 'mercenaries', 'including', 'knife', 'enthusiast', 'Lee', 'Christmas,', 'a', 'martial', 'arts', 'expert,', 'heavy', 'weapons', 'specialist,', 'demolitionist,', 'and', 'a', 'loose-cannon', 'sniper.', 'When', 'the', 'group', 'is', 'commissioned', 'by', 'the', 'mysterious', 'Mr.', 'Church', 'to', 'assassinate', 'the', 'dictator', 'of', 'a', 'small', 'South', 'American', 'island,', 'Barney', 'and', 'Lee', 'visit', 'the', 'remote', 'locale', 'to', 'scout', 'out', 'their', 'opposition', 'and', 'discover', 'the', 'true', 'nature', 'of', 'the', 'conflict', 'engulfing', 'the', 'city.', 'Thriller', 'Adventure', 'Action']"
43593,Piranha 3D,AlexandreAja,http://www.piranha-3d.com,"['Each', 'year', 'the', 'population', 'of', 'sleepy', 'Lake', 'Victoria,', 'Arizona', 'explodes', 'from', '5,000', 'to', '50,000', 'residents', 'for', 'the', 'annual', 'Spring', 'Break', 'celebration.', 'But', 'then,', 'an', 'earthquake', 'opens', 'an', 'underwater', 'chasm,', 'releasing', 'an', 'enormous', 'swarm', 'of', 'ancient', 'Piranha', 'that', 'have', 'been', 'dormant', 'for', 'thousands', 'of', 'years,', 'now', 'with', 'a', 'taste', 'for', 'human', 'flesh.', 'This', 'year,', ""there's"", 'something', 'more', 'to', 'worry', 'about', 'than', 'the', 'usual', 'hangovers', 'and', 'complaints', 'from', 'locals,', 'a', 'new', 'type', 'of', 'terror', 'is', 'about', 'to', 'be', 'cut', 'loose', 'on', 'Lake', 'Victoria.', 'Comedy', 'Horror']"
38358,The Last Exorcism,DanielStamm,http://thelastexorcism.com/,"['After', 'years', 'of', 'performing', '“exorcisms”', 'and', 'taking', 'believers’', 'money,', 'Reverend', 'Marcus', 'travels', 'to', 'rural', 'Louisiana', 'with', 'a', 'film', 'crew', 'so', 'he', 'can', 'dispel', 'what', 'he', 'believes', 'is', 'the', 'myth', 'of', 'demonic', 'possession.', 'The', 'dynamic', 'reverend', 'is', 'certain', 'that', 'this', 'will', 'be', 'another', 'routine', '“exorcism”', 'on', 'a', 'disturbed', 'religious', 'fanatic', 'but', 'instead', 'comes', 'upon', 'the', 'blood-soaked', 'farm', 'of', 'the', 'Sweetzer', 'family', 'and', 'a', 'true', 'evil', 'he', 'would', 'have', 'never', 'thought', 'imaginable.', 'Horror', 'Drama', 'Thriller']"
40663,Gasland,JoshFox,http://gaslandthemovie.com/,"['It', 'is', 'happening', 'all', 'across', 'America-rural', 'landowners', 'wake', 'up', 'one', 'day', 'to', 'find', 'a', 'lucrative', 'offer', 'from', 'an', 'energy', 'company', 'wanting', 'to', 'lease', 'their', 'property.', 'Reason?', 'The', 'company', 'hopes', 'to', 'tap', 'into', 'a', 'reservoir', 'dubbed', 'the', '""Saudi', 'Arabia', 'of', 'natural', 'gas.""', 'Halliburton', 'developed', 'a', 'way', 'to', 'get', 'the', 'gas', 'out', 'of', 'the', 'ground-a', 'hydraulic', 'drilling', 'process', 'called', '""fracking""-and', 'suddenly', 'America', 'finds', 'itself', 'on', 'the', 'precipice', 'of', 'becoming', 'an', 'energy', 'superpower.', 'Documentary']"
23631,Machete,RobertRodriguez,http://www.vivamachete.com/,"['After', 'being', 'set-up', 'and', 'betrayed', 'by', 'the', 'man', 'who', 'hired', 'him', 'to', 'assassinate', 'a', 'Texas', 'Senator,', 'an', 'ex-Federale', 'launches', 'a', 'brutal', 'rampage', 'of', 'revenge', 'against', 'his', 'former', 'boss.', 'Action', 'Comedy', 'Thriller']"
41233,Step Up 3D,JonM.Chu,http://stepupmovie.com/,"['A', 'tight-knit', 'group', 'of', 'New', 'York', 'City', 'street', 'dancers,', 'including', 'Luke', 'and', 'Natalie,', 'team', 'up', 'with', 'NYU', 'freshman', 'Moose,', 'and', 'find', 'themselves', 'pitted', 'against', 'the', ""world's"", 'best', 'hip', 'hop', 'dancers', 'in', 'a', 'high-stakes', 'showdown', 'that', 'will', 'change', 'their', 'lives', 'forever.', 'Drama', 'Romance']"
40264,Vampires Suck,JasonFriedberg,http://www.dancingwerewolves.com/,"['Becca,', 'an', 'anxious,', 'non-vampire', 'teen', 'is', 'torn', 'between', 'two', 'boys.', 'Before', 'she', 'can', 'choose,', 'Becca', 'must', 'get', 'around', 'her', 'controlling', 'father,', 'who', 'embarrasses', 'Becca', 'by', 'treating', 'her', 'like', 'a', 'child.', 'Meanwhile,', ""Becca's"", 'friends', 'contend', 'with', 'their', 'own', 'romantic', 'issues', '-', 'all', 'of', 'which', 'collide', 'at', 'the', 'prom.', 'Horror', 'Comedy']"
28938,Men in the City,SimonVerhoeven,http://wwws.warnerbros.de/maennerherzen/,"['The', 'comedy', 'about', 'men', 'and', 'their', 'struggles', 'in', 'life', 'and', 'love.', 'Comedy']"
35791,Resident Evil: Afterlife,PaulW.S.Anderson,http://www.sonypictures.com/movies/residentevilafterlife/site/,"['In', 'a', 'world', 'ravaged', 'by', 'a', 'virus', 'infection,', 'turning', 'its', 'victims', 'into', 'the', 'Undead,', 'Alice', 'continues', 'on', 'her', 'journey', 'to', 'find', 'survivors', 'and', 'lead', 'them', 'to', 'safety.', 'Her', 'deadly', 'battle', 'with', 'the', 'Umbrella', 'Corporation', 'reaches', 'new', 'heights,', 'but', 'Alice', 'gets', 'some', 'unexpected', 'help', 'from', 'an', 'old', 'friend.', 'A', 'new', 'lead', 'that', 'promises', 'a', 'safe', 'haven', 'from', 'the', 'Undead', 'takes', 'them', 'to', 'Los', 'Angeles,', 'but', 'when', 'they', 'arrive', 'the', 'city', 'is', 'overrun', 'by', 'thousands', 'of', 'Undead', '-', 'and', 'Alice', 'and', 'her', 'comrades', 'are', 'about', 'to', 'step', 'into', 'a', 'deadly', 'trap.', 'Action', 'Adventure', 'Horror', 'ScienceFiction']"
45162,Superman/Batman: Apocalypse,LaurenMontgomery,http://warnervideo.com/supermanbatmanapocalypse//,"['Batman', 'discovers', 'a', 'mysterious', 'teen-aged', 'girl', 'with', 'superhuman', 'powers', 'and', 'a', 'connection', 'to', 'Superman.', 'When', 'the', 'girl', 'comes', 'to', 'the', 'attention', 'of', 'Darkseid,', 'the', 'evil', 'overlord', 'of', 'Apokolips,', 'events', 'take', 'a', 'decidedly', 'dangerous', 'turn.', 'Action', 'Adventure', 'Animation']"
33909,Wall Street: Money Never Sleeps,OliverStone,http://www.wallstreetmoneyneversleeps.com/,"['As', 'the', 'global', 'economy', 'teeters', 'on', 'the', 'brink', 'of', 'disaster,', 'a', 'young', 'Wall', 'Street', 'trader', 'partners', 'with', 'disgraced', 'former', 'Wall', 'Street', 'corporate', 'raider', 'Gordon', 'Gekko', 'on', 'a', 'two', 'tiered', 'mission:', 'To', 'alert', 'the', 'financial', 'community', 'to', 'the', 'coming', 'doom,', 'and', 'to', 'find', 'out', 'who', 'was', 'responsible', 'for', 'the', 'death', 'of', 'the', 'young', ""trader's"", 'mentor.', 'Drama', 'Crime']"
39691,Cats & Dogs 2 : The Revenge of Kitty Galore,BradPeyton,http://catsanddogsmovie.warnerbros.com/,"['The', 'ongoing', 'war', 'between', 'the', 'canine', 'and', 'feline', 'species', 'is', 'put', 'on', 'hold', 'when', 'they', 'join', 'forces', 'to', 'thwart', 'a', 'rogue', 'cat', 'spy', 'with', 'her', 'own', 'sinister', 'plans', 'for', 'conquest.', 'Comedy', 'Family']"
43933,Monsters,GarethEdwards,http://www.monstersfilm.com/,"['Six', 'years', 'ago', 'NASA', 'discovered', 'the', 'possibility', 'of', 'alien', 'life', 'within', 'our', 'solar', 'system.', 'A', 'probe', 'was', 'launched', 'to', 'collect', 'samples,', 'but', 'crashed', 'upon', 're-entry', 'over', 'Central', 'America.', 'Soon', 'after,', 'new', 'life', 'forms', 'began', 'to', 'appear', 'and', 'half', 'of', 'Mexico', 'was', 'quarantined', 'as', 'an', 'infected', 'zone.', 'Today,', 'the', 'American', 'and', 'Mexican', 'military', 'still', 'struggle', 'to', 'contain', '""the', 'creatures,""', 'while', 'a', 'journalist', 'agrees', 'to', 'escort', 'a', 'shaken', 'tourist', 'through', 'the', 'infected', 'zone', 'in', 'Mexico', 'to', 'the', 'safety', 'of', 'the', 'U.S.', 'border.', 'Drama', 'Thriller', 'ScienceFiction']"
39312,Restrepo,SebastianJunger,http://restrepothemovie.com/,"['Winner', 'of', 'the', '2010', 'Sundance', 'Film', 'Festival', 'Grand', 'Jury', 'Prize', 'for', 'a', 'Documentary,', 'Restrepo', 'chronicles', 'the', 'deployment', 'of', 'a', 'U.S.', 'platoon', 'of', 'courageous', 'American', 'soldiers', 'in', ""Afghanistan's"", 'Korengal', 'Valley,', 'considered', 'to', 'be', 'one', 'of', 'the', 'most', 'dangerous', 'postings', 'in', 'the', 'U.S.', 'military.', 'Documentary', 'War']"
42941,30 Days of Night: Dark Days,BenKetai,http://www.sonypictures.com/homevideo/30daysofnightdarkdays/,"['After', 'surviving', 'the', 'incidents', 'in', 'Barrow,', 'Alaska,', 'Stella', 'Olemaun', 'relocates', 'to', 'Los', 'Angeles,', 'where', 'she', 'intentionally', 'attracts', 'the', 'attention', 'of', 'the', 'local', 'vampire', 'population', 'in', 'order', 'to', 'avenge', 'the', 'death', 'of', 'her', 'husband,', 'Eben.', 'Horror', 'Thriller']"
41436,Paranormal Activity 2,TodWilliams,http://www.paranormalmovie.com/trailer/,"['Just', 'as', 'Dan', 'and', 'Kristi', 'welcome', 'a', 'newborn', 'baby', 'into', 'their', 'home,', 'a', 'demonic', 'presence', 'begins', 'terrorizing', 'them,', 'tearing', 'apart', 'their', 'perfect', 'world', 'and', 'turning', 'it', 'into', 'an', 'inescapable', 'nightmare.', 'Security', 'cameras', 'capture', 'the', 'torment,', 'making', 'every', 'minute', 'horrifyingly', 'real.', 'Horror', 'Thriller']"
41439,Saw: The Final Chapter,KevinGreutert,http://www.saw3dmovie.com,"['As', 'a', 'deadly', 'battle', 'rages', 'over', ""Jigsaw's"", 'brutal', 'legacy,', 'a', 'group', 'of', 'Jigsaw', 'survivors', 'gathers', 'to', 'seek', 'the', 'support', 'of', 'self-help', 'guru', 'and', 'fellow', 'survivor', 'Bobby', 'Dagen,', 'a', 'man', 'whose', 'own', 'dark', 'secrets', 'unleash', 'a', 'new', 'wave', 'of', 'terror.', 'Horror', 'Crime']"
12444,Harry Potter and the Deathly Hallows: Part 1,DavidYates,http://www.harrypotter.com,"['Harry,', 'Ron', 'and', 'Hermione', 'walk', 'away', 'from', 'their', 'last', 'year', 'at', 'Hogwarts', 'to', 'find', 'and', 'destroy', 'the', 'remaining', 'Horcruxes,', 'putting', 'an', 'end', 'to', ""Voldemort's"", 'bid', 'for', 'immortality.', 'But', 'with', ""Harry's"", 'beloved', 'Dumbledore', 'dead', 'and', ""Voldemort's"", 'unscrupulous', 'Death', 'Eaters', 'on', 'the', 'loose,', 'the', 'world', 'is', 'more', 'dangerous', 'than', 'ever.', 'Adventure', 'Fantasy', 'Family']"
38757,Tangled,ByronHoward,http://disney.go.com/disneypictures/tangled/,"['When', 'the', ""kingdom's"", 'most', 'wanted-and', 'most', 'charming-bandit', 'Flynn', 'Rider', 'hides', 'out', 'in', 'a', 'mysterious', 'tower,', ""he's"", 'taken', 'hostage', 'by', 'Rapunzel,', 'a', 'beautiful', 'and', 'feisty', 'tower-bound', 'teen', 'with', '70', 'feet', 'of', 'magical,', 'golden', 'hair.', ""Flynn's"", 'curious', 'captor,', ""who's"", 'looking', 'for', 'her', 'ticket', 'out', 'of', 'the', 'tower', 'where', ""she's"", 'been', 'locked', 'away', 'for', 'years,', 'strikes', 'a', 'deal', 'with', 'the', 'handsome', 'thief', 'and', 'the', 'unlikely', 'duo', 'sets', 'off', 'on', 'an', 'action-packed', 'escapade,', 'complete', 'with', 'a', 'super-cop', 'horse,', 'an', 'over-protective', 'chameleon', 'and', 'a', 'gruff', 'gang', 'of', 'pub', 'thugs.', 'Animation', 'Family']"
44687,The Lost Skeleton Returns Again,LarryBlamire,http://www.lostskeletonreturnsagain.com/,"['THE', 'LOST', 'SKELETON', 'RETURNS', 'AGAIN', 'takes', 'on', 'a', 'whole', 'new', 'series', 'of', 'clichés,', 'primarily', 'drawn', 'from', 'those', 'low', 'budget', 'adventure', 'epics', '--', 'rich', 'in', 'potted', 'ferns', 'and', 'stock', 'footage', '--', 'that', 'thrived', 'on', 'cheap', 'back', 'lots', 'from', 'the', 'early', '30s', 'to', 'the', 'late', '50s.', 'It', 'also', 'wanders', 'beyond', 'the', 'narrow', 'confines', 'of', 'jungle', 'pictures,', 'parodying', 'everything', 'from', 'gangster', 'movies', 'to', 'those', 'Mondo', 'films', 'of', 'the', '1960s,', 'with', 'their', 'salacious', 'native', 'dances.', 'Comedy', 'Horror']"
14463,Alone in the Wilderness,DickProenneke,http://www.imdb.com/title/tt0437806/,"['Dick', 'Proenneke', 'retired', 'at', 'age', '50', 'in', '1967', 'and', 'decided', 'to', 'build', 'his', 'own', 'cabin', 'in', 'the', 'wilderness', 'at', 'the', 'base', 'of', 'the', 'Aleutian', 'Peninsula,', 'in', 'what', 'is', 'now', 'Lake', 'Clark', 'National', 'Park.', 'Using', 'color', 'footage', 'he', 'shot', 'himself,', 'Proenneke', 'traces', 'how', 'he', 'came', 'to', 'this', 'remote', 'area,', 'selected', 'a', 'homestead', 'site', 'and', 'built', 'his', 'log', 'cabin', 'completely', 'by', 'himself.', 'The', 'documentary', 'covers', 'his', 'first', 'year', 'in-country,', 'showing', 'his', 'day-to-day', 'activities', 'and', 'the', 'passing', 'of', 'the', 'seasons', 'as', 'he', 'sought', 'to', 'scratch', 'out', 'a', 'living', 'alone', 'in', 'the', 'wilderness.', 'Documentary', 'History']"
48395,Rare Exports: A Christmas Tale,JalmariHelander,http://www.rareexportsmovie.com/en,"[""It's"", 'the', 'eve', 'of', 'Christmas', 'in', 'northern', 'Finland', 'and', 'an', '""archeological""', 'dig', 'has', 'just', 'unearthed', 'the', 'real', 'Santa', 'Claus.', 'But', 'this', 'particular', 'Santa', ""isn't"", 'the', 'one', 'you', 'want', 'coming', 'to', 'town.', 'When', 'all', 'the', 'local', 'children', 'begin', 'mysteriously', 'disappearing,', 'young', 'Pietari', 'and', 'his', 'father', 'Rauno,', 'a', 'reindeer', 'hunter', 'by', 'trade,', 'capture', 'the', 'mythological', 'being', 'and', 'attempt', 'to', 'sell', 'Santa', 'to', 'the', 'misguided', 'leader', 'of', 'the', 'multinational', 'corporation', 'sponsoring', 'the', 'dig.', ""Santa's"", 'elves,', 'however,', 'will', 'stop', 'at', 'nothing', 'to', 'free', 'their', 'fearless', 'leader', 'from', 'captivity.', 'What', 'ensues', 'is', 'a', 'wildly', 'humorous', 'nightmare', '-', 'a', 'fantastically', 'bizarre', 'polemic', 'on', 'modern', 'day', 'morality.', 'RARE', 'EXPORTS:', 'A', 'CHRISTMAS', 'TALE', 'is', 'a', 're-imagining', 'of', 'the', 'most', 'classic', 'of', 'all', 'childhood', 'fantasies,', 'and', 'is', 'a', 'darkly', 'comic', 'gem', 'soon', 'to', 'be', 'required', 'perennial', 'holiday', 'viewing.', 'Fantasy']"
20526,TRON: Legacy,JosephKosinski,http://disney.go.com/tron/,"['Sam', 'Flynn,', 'the', 'tech-savvy', 'and', 'daring', 'son', 'of', 'Kevin', 'Flynn,', 'investigates', 'his', ""father's"", 'disappearance', 'and', 'is', 'pulled', 'into', 'The', 'Grid.', 'With', 'the', 'help', 'of', 'a', 'mysterious', 'program', 'named', 'Quorra,', 'Sam', 'quests', 'to', 'stop', 'evil', 'dictator', 'Clu', 'from', 'crossing', 'into', 'the', 'real', 'world.', 'Adventure', 'Action', 'ScienceFiction']"
39451,Little Fockers,PaulWeitz,http://www.littlefockers.net/,"['It', 'has', 'taken', '10', 'years,', 'two', 'little', 'Fockers', 'with', 'wife', 'Pam', 'and', 'countless', 'hurdles', 'for', 'Greg', 'to', 'finally', 'get', 'in', 'with', 'his', 'tightly', 'wound', 'father-in-law,', 'Jack.', 'After', 'the', 'cash-strapped', 'dad', 'takes', 'a', 'job', 'moonlighting', 'for', 'a', 'drug', 'company,', ""Jack's"", 'suspicions', 'about', 'his', 'favorite', 'male', 'nurse', 'come', 'roaring', 'back.', 'When', 'Greg', 'and', ""Pam's"", 'entire', 'clan', 'descends', 'for', 'the', ""twins'"", 'birthday', 'party,', 'Greg', 'must', 'prove', 'to', 'the', 'skeptical', 'Jack', 'that', ""he's"", 'fully', 'capable', 'as', 'the', 'man', 'of', 'the', 'house.', 'Comedy', 'Romance']"
48748,Klown,MikkelNørgaard,http://www.dfi.dk/faktaomfilm/film/en/69001.aspx?id=69001,"['Frank', 'is', 'left', 'with', 'the', 'responsibility', 'for', 'his', 'nephew', 'Bo', 'on', 'an', 'already', 'planned', 'canoe', 'trip.', ""Frank's"", 'mate', 'Casper', 'is', 'also', 'coming', 'along.', 'Weighed', 'down', 'a', 'with', 'their', 'obligation,', 'Frank', 'and', 'Casper', 'nevertheless', 'look', 'forward', 'to', 'ending', 'the', 'trip', 'at', 'Skanderborg', 'Festival', 'where', ""there's"", 'plenty', 'there', 'for', 'the', 'guys,', 'a', 'spree', 'of', 'drinking', 'and', 'women.', 'Not', 'the', 'best', 'example', 'to', 'set', 'for', 'young', 'Bo.', 'And', 'how', 'do', 'their', 'partners', 'see', 'it', 'all?', 'Comedy']"
42323,Tere Bin Laden,AbhishekSharma,http://www.terebinladen.com/,"['Ali', 'Hassan', '(Ali', 'Zafar),', 'a', 'reporter', 'with', 'a', 'downmarket', 'TV', 'channel', 'in', 'Karachi,', 'is', 'keen', 'to', 'go', 'to', 'USA', 'for', 'a', 'better', 'life,', 'but', 'his', 'visa', 'has', 'been', 'refused', 'six', 'times', 'in', 'seven', 'years.', 'In', 'desperation,', 'he', 'gets', 'hold', 'of', 'an', 'Osama', 'Bin', 'Laden', 'look', 'alike', 'and', 'makes', 'a', 'fake', 'Osama', 'tape', 'which', 'he', 'sells', 'to', 'the', 'owner', 'of', 'his', 'channel', 'to', 'raise', 'money', 'for', 'a', 'false', 'identity,', 'a', 'new', 'passport', 'and', 'better', 'luck', 'with', 'US', 'visa.', 'As', 'one', 'can', 'expect,', 'it', 'is', 'far', 'from', 'smooth', 'sailing', 'for', 'him', 'and', 'his', 'friends,', 'as', 'they', 'get', 'into', 'a', 'series', 'of', 'comic', 'situations.', 'Comedy']"
23508,Embodiment of Evil,JoséMojicaMarins,http://www.encarnacaododemonio.com.br/,"['After', '30', 'years', 'in', 'a', 'cell', 'for', 'the', 'mentally', 'ill,', 'Coffin', 'Joe', 'is', 'finally', 'freed.', 'Back', 'on', 'the', 'streets,', 'the', 'sadistic', 'gravedigger', 'is', 'set', 'on', 'fulfilling', 'that', 'for', 'which', 'he', 'was', 'imprisoned:', 'find', 'the', 'woman', 'who', 'can', 'give', 'him', 'the', 'perfect', 'child.', 'During', 'his', 'wanderings', 'through', 'the', 'city', 'of', 'Sao', 'Paulo', 'he', 'leaves', 'behind', 'a', 'trail', 'of', 'horror', 'as', 'he', 'faces', 'unnatural', 'laws', 'and', 'popular', 'beliefs.', 'Horror']"
43209,Ong Bak 3,TonyJaa,http://ongbak3film.com/,"['Ong', 'Bak', '3', 'picks', 'up', 'where', 'Ong', 'Bak', '2', 'had', 'left', 'off.', 'Tien', 'is', 'captured', 'and', 'almost', 'beaten', 'to', 'death', 'before', 'he', 'is', 'saved', 'and', 'brought', 'back', 'to', 'the', 'Kana', 'Khone', 'villagers.', 'There', 'he', 'is', 'taught', 'meditation', 'and', 'how', 'to', 'deal', 'with', 'his', 'Karma,', 'but', 'very', 'soon', 'his', 'arch', 'rival', 'returns', 'challenging', 'Tien', 'for', 'a', 'final', 'duel.', 'Action', 'Adventure', 'History']"
45284,Outrage,TakeshiKitano,http://www.magnetreleasing.com/outrage/,"['The', 'story', 'begins', 'with', 'Sekiuchi,', 'boss', 'of', 'the', 'Sannokai,', 'a', 'huge', 'organized', 'crime', 'syndicate', 'controlling', 'the', 'entire', 'Kanto', 'region,', 'issuing', 'a', 'stern', 'warning', 'to', 'his', 'lieutenant', 'Kato', 'and', 'right-hand', 'man', 'Ikemoto,', 'head', 'of', 'the', 'Ikemoto-gumi.', 'Kato', 'orders', 'Ikemoto', 'to', 'bring', 'the', 'unassociated', 'Murase-gumi', 'gang', 'in', 'line,', 'and', 'he', 'immediately', 'passes', 'the', 'task', 'on', 'to', 'his', 'subordinate', 'Otomo,', 'who', 'runs', 'his', 'own', 'crew.', 'The', 'tricky', 'jobs', 'that', 'no-one', 'wants', 'to', 'do', 'always', 'end', 'up', 'in', 'Otomo’s', 'lap.', 'Action', 'Crime', 'Drama']"
29670,V2: Dead Angel,AleksiMäkelä,http://www.solarfilms.com/elokuvat/kaikki/V2/,"['The', 'tough', 'Detective', 'Vares,', 'get', 'hired', 'by', 'a', 'friend', 'accused', 'of', 'murdering', 'a', 'girl.', 'His', 'job', 'is', 'to', 'find', 'the', 'real', 'killer,', 'but', 'people', ""aren't"", 'talking.', 'Before', 'he', 'can', 'get', 'traction', 'another', 'homicide', 'takes', 'place-', 'and', 'things', 'move', 'toward', 'a', 'dire', 'conclusion.', 'Action', 'Comedy', 'Crime']"
63578,The Trip,MichaelWinterbottom,http://www.ifcfilms.com/films/the-trip,"['When', 'Steve', 'Coogan', 'is', 'asked', 'by', 'The', 'Observer', 'to', 'tour', 'the', ""country's"", 'finest', 'restaurants,', 'he', 'envisions', 'it', 'as', 'the', 'perfect', 'getaway', 'with', 'his', 'beautiful', 'girlfriend.', 'But,', 'when', 'she', 'backs', 'out', 'on', 'him,', 'he', 'has', 'no', 'one', 'to', 'accompany', 'him', 'but', 'his', 'best', 'friend', 'and', 'source', 'of', 'eternal', 'aggravation,', 'Rob', 'Brydon.', 'Comedy', 'Drama']"
22843,Evangelion: 2.0 You Can (Not) Advance,HideakiAnno,http://www.evangelion.co.jp/,"['Under', 'constant', 'attack', 'by', 'monstrous', 'creatures', 'called', 'Angels', 'that', 'seek', 'to', 'eradicate', 'humankind,', 'U.N.', 'Special', 'Agency', 'NERV', 'introduces', 'two', 'new', 'EVA', 'pilots', 'to', 'help', 'defend', 'the', 'city', 'of', 'Tokyo-3:', 'the', 'mysterious', 'Makinami', 'Mari', 'Illustrous', 'and', 'the', 'intense', 'Asuka', 'Langley', 'Shikinami.', 'Meanwhile,', 'Gendo', 'Ikari', 'and', 'SEELE', 'proceed', 'with', 'a', 'secret', 'project', 'that', 'involves', 'both', 'Rei', 'and', 'Shinji.', 'The', 'film', 'was', 'retitled', '""Evangelion:', '2.22""', 'for', 'its', 'DVD/Blu-Ray', 'release.', 'Animation', 'ScienceFiction', 'Action', 'Drama']"
54293,Zeitgeist: Moving Forward,PeterJoseph,http://www.zeitgeistmovingforward.com/,"['Zeitgeist:', 'Moving', 'Forward,', 'by', 'director', 'Peter', 'Joseph,', 'is', 'a', 'feature', 'length', 'documentary', 'work', 'which', 'will', 'present', 'a', 'case', 'for', 'a', 'needed', 'transition', 'out', 'of', 'the', 'current', 'socioeconomic', 'monetary', 'paradigm', 'which', 'governs', 'the', 'entire', 'world', 'society.', 'This', 'subject', 'matter', 'will', 'transcend', 'the', 'issues', 'of', 'cultural', 'relativism', 'and', 'traditional', 'ideology', 'and', 'move', 'to', 'relate', 'the', 'core,', 'empirical', '""life', 'ground""', 'attributes', 'of', 'human', 'and', 'social', 'survival,', 'extrapolating', 'those', 'immutable', 'natural', 'laws', 'into', 'a', 'new', 'sustainable', 'social', 'paradigm', 'called', 'a', '""Resource-Based', 'Economy"".', 'Documentary']"
58764,Lapland Odyssey,DomeKarukoski,http://www.laplandodyssey.com/,"['Lapland', 'Odyssey', 'is', 'a', 'comedy', 'about', 'Janne,', 'a', 'man', 'from', 'Lapland', 'in', 'northern', 'Finland,', 'a', 'man', 'who', 'has', 'made', 'a', 'career', 'out', 'of', 'living', 'on', 'welfare.', 'Inari,', 'his', 'girlfriend,', 'is', 'tired', 'of', ""Janne's"", 'incapability', 'of', 'getting', 'a', 'grip', 'on', 'life,', 'Janne', ""wasn't"", 'even', 'able', 'to', 'buy', 'a', 'digital', 'TV', 'box', 'that', 'Inari', 'had', 'given', 'money', 'for.', 'Inari', 'gives', 'an', 'ultimatum:', 'a', 'digital', 'box', 'needs', 'to', 'arrive', 'by', 'dawn', 'or', 'she', 'leaves.', 'Janne', 'sets', 'out', 'into', 'the', 'night', 'with', 'his', 'two', 'friends', 'to', 'find', 'a', 'box.', 'On', 'their', 'way', 'to', 'the', 'city', 'of', 'Rovaniemi,', 'Janne', 'and', 'his', 'friends', 'face', 'many', 'challenges,', 'obstacles', 'and', 'temptations.', 'They', 'learn', 'that', 'they', 'need', 'to', 'be', 'daring.', ""There's"", 'no', 'room', 'to', 'give', 'into', 'bitterness.', 'The', 'most', 'important', 'thing', ""isn't"", 'success,', 'but', 'rather', 'the', 'journey', 'in', 'itself.', 'Comedy']"
27582,The Mechanic,SimonWest,http://www.themechanicmovie.com/,"['Arthur', 'Bishop', 'is', 'a', ""'mechanic'"", '-', 'an', 'elite', 'assassin', 'with', 'a', 'strict', 'code', 'and', 'unique', 'talent', 'for', 'cleanly', 'eliminating', 'targets.', ""It's"", 'a', 'job', 'that', 'requires', 'professional', 'perfection', 'and', 'total', 'detachment,', 'and', 'Bishop', 'is', 'the', 'best', 'in', 'the', 'business.', 'But', 'when', 'he', 'is', 'ordered', 'to', 'take', 'out', 'his', 'mentor', 'and', 'close', 'friend', 'Harry,', 'Bishop', 'is', 'anything', 'but', 'detached.', 'Action', 'Thriller', 'Crime']"
53358,Fubar II,MichaelDowse,http://fubar-themovie.com/,"['Terry', 'and', 'Dean', 'head', 'north', 'to', 'make', 'sweet', 'cash', 'in', 'the', 'oil', 'patch.', 'Comedy']"
47931,Elite Squad: The Enemy Within,JoséPadilha,http://www.tropa2.com.br/,"['After', 'a', 'bloody', 'invasion', 'of', 'the', 'BOPE', 'in', 'the', 'High-Security', 'Penitentiary', 'Bangu', '1', 'in', 'Rio', 'de', 'Janeiro', 'to', 'control', 'a', 'rebellion', 'of', 'interns,', 'the', 'Lieutenant-Colonel', 'Roberto', 'Nascimento', 'and', 'the', 'second', 'in', 'command', 'Captain', 'André', 'Matias', 'are', 'accused', 'by', 'the', 'Human', 'Right', 'Aids', 'member', 'Diogo', 'Fraga', 'of', 'execution', 'of', 'prisoners.', 'Matias', 'is', 'transferred', 'to', 'the', 'corrupted', 'Military', 'Police', 'and', 'Nascimento', 'is', 'exonerated', 'from', 'the', 'BOPE', 'by', 'the', 'Governor.', 'Drama', 'Action', 'Crime']"
38322,"Big Mommas: Like Father, Like Son",JohnWhitesell,http://www.bigmommaslikefatherlikeson.com/,"['FBI', 'agent', 'Malcolm', 'Turner', 'and', 'his', '17-year-old', 'son,', 'Trent,', 'go', 'undercover', 'at', 'an', 'all-girls', 'performing', 'arts', 'school', 'after', 'Trent', 'witnesses', 'a', 'murder.', 'Posing', 'as', 'Big', 'Momma', 'and', 'Charmaine,', 'they', 'must', 'find', 'the', 'murderer', 'before', 'he', 'finds', 'them.', 'Crime', 'Comedy', 'Action']"
45715,The Kings of Mykonos,PeterAndrikidis,http://www.kingsofmykonos.com.au/,"['The', 'sequel', 'to', 'the', 'highly', 'successful', 'Australian', 'comedy', 'THE', 'WOG', 'BOY', '-', 'starring', 'Nick', 'Giannopoulous', 'and', 'Vince', 'Colosimo', 'as', 'best', 'mates', 'Steve', 'and', 'Frank.', 'The', 'Kings', 'of', 'Mykonos:', 'Wog', 'Boy', '2', 'picks', 'up', 'a', 'few', 'years', 'after', 'the', 'original', 'and', 'things', ""aren't"", 'going', 'so', 'well', 'for', 'the', ""'Wog"", ""Boy';"", ""he's"", 'lost', 'his', 'true', 'love', '(a', ""'69"", 'Valiant', 'Pacer)', 'and', 'all', 'his', 'assets', 'because', 'he', 'trusted', 'Tony', 'the', 'Yugoslav.', ""Steve's"", 'best', 'mate', 'Frank', 'has', 'lost', 'touch', 'with', 'the', 'ladies', 'after', 'a', 'messy', 'divorce.', 'But', 'fortue,', 'as', 'ever,', 'favours', 'the', ""'Wog'"", 'when', 'Steve', 'discovers', 'that', 'he', 'has', 'inherited', 'a', 'beach', 'worth', 'millions', 'on', 'the', 'resort', 'island', 'of', 'Mykonos', 'from', 'an', 'uncle', 'he', 'never', 'met...', 'Action', 'Comedy', 'Thriller', 'ScienceFiction']"
49018,Insidious,JamesWan,http://www.insidious-movie.com/,"['A', 'family', 'discovers', 'that', 'dark', 'spirits', 'have', 'invaded', 'their', 'home', 'after', 'their', 'son', 'inexplicably', 'falls', 'into', 'an', 'endless', 'sleep.', 'When', 'they', 'reach', 'out', 'to', 'a', 'professional', 'for', 'help,', 'they', 'learn', 'things', 'are', 'a', 'lot', 'more', 'personal', 'than', 'they', 'thought.', 'Horror', 'Thriller']"
20329,L: Change the World,HideoNakata,http://wwws.warnerbros.co.jp/L-movie,"['""The', 'human', 'whose', 'name', 'is', 'written', 'in', 'the', 'Death', 'Note', 'shall', 'die.""', 'After', 'making', 'the', 'hardest', 'decision', 'ever,', 'another', 'serious', 'case', 'confronts', 'L.', 'There', 'are', 'only', '23', 'days', 'left', 'and', 'without', 'his', 'best', 'partner', 'Watari', '(Shunji', 'Fujimura),', 'L', 'has', 'to', 'solve', 'the', 'case', 'all', 'by', 'himself', 'for', 'the', 'very', 'first', 'time.', 'Fantasy', 'Action', 'Thriller', 'ScienceFiction', 'Mystery']"
60307,Diary of a Wimpy Kid: Rodrick Rules,DavidBowers,http://www.diaryofawimpykidmovie.com/,"['Back', 'in', 'middle', 'school', 'after', 'summer', 'vacation,', 'Greg', 'Heffley', 'and', 'his', 'older', 'brother', 'Rodrick', 'must', 'deal', 'with', 'their', ""parents'"", 'misguided', 'attempts', 'to', 'have', 'them', 'bond.', 'Family', 'Comedy']"
46523,New Kids Turbo,SteffenHaars,http://www.newkidsturbo.nl,"['Five', 'friends', 'from', ""'Maaskantje'"", 'are', 'getting', 'fired', 'because', 'of', 'the', 'economic', 'crisis.', 'They', 'decide', 'that', 'they', ""won't"", 'pay', 'for', 'anything', 'anymore.', 'Action', 'Comedy']"
29920,Easy Money,DanielEspinosa,http://www.filmensnabbacash.se/,"['A', 'three-tiered', 'story', 'centered', 'around', 'drugs', 'and', 'organized', 'crime,', 'and', 'focused', 'on', 'a', 'young', 'man', 'who', 'becomes', 'a', 'runner', 'for', 'a', 'coke', 'dealer.', 'Drama', 'Thriller', 'Crime']"
41446,Scream 4,WesCraven,http://www.scream-4.com/,"['Sidney', 'Prescott,', 'now', 'the', 'author', 'of', 'a', 'self-help', 'book,', 'returns', 'home', 'to', 'Woodsboro', 'on', 'the', 'last', 'stop', 'of', 'her', 'book', 'tour.', 'There', 'she', 'reconnects', 'with', 'Sheriff', 'Dewey', 'and', 'Gale,', 'who', 'are', 'now', 'married,', 'as', 'well', 'as', 'her', 'cousin', 'Jill', 'and', 'her', 'Aunt', 'Kate.', 'Unfortunately,', ""Sidney's"", 'appearance', 'also', 'brings', 'about', 'the', 'return', 'of', 'Ghostface,', 'putting', 'Sidney,', 'Gale,', 'and', 'Dewey,', 'along', 'with', 'Jill,', 'her', 'friends,', 'and', 'the', 'whole', 'town', 'of', 'Woodsboro', 'in', 'danger.', 'Horror', 'Mystery']"
46195,Rio,CarlosSaldanha,http://www.riomovies.com/,"['Captured', 'by', 'smugglers', 'when', 'he', 'was', 'just', 'a', 'hatchling,', 'a', 'macaw', 'named', 'Blu', 'never', 'learned', 'to', 'fly', 'and', 'lives', 'a', 'happily', 'domesticated', 'life', 'in', 'Minnesota', 'with', 'his', 'human', 'friend,', 'Linda.', 'Blu', 'is', 'thought', 'to', 'be', 'the', 'last', 'of', 'his', 'kind,', 'but', 'when', 'word', 'comes', 'that', 'Jewel,', 'a', 'lone', 'female,', 'lives', 'in', 'Rio', 'de', 'Janeiro,', 'Blu', 'and', 'Linda', 'go', 'to', 'meet', 'her.', 'Animal', 'smugglers', 'kidnap', 'Blu', 'and', 'Jewel,', 'but', 'the', 'pair', 'soon', 'escape', 'and', 'begin', 'a', 'perilous', 'adventure', 'back', 'to', 'freedom', '--', 'and', 'Linda.', 'Animation', 'Adventure', 'Comedy', 'Family']"
10195,Thor,KennethBranagh,http://thor.marvel.com/,"['Against', 'his', 'father', ""Odin's"", 'will,', 'The', 'Mighty', 'Thor', '-', 'a', 'powerful', 'but', 'arrogant', 'warrior', 'god', '-', 'recklessly', 'reignites', 'an', 'ancient', 'war.', 'Thor', 'is', 'cast', 'down', 'to', 'Earth', 'and', 'forced', 'to', 'live', 'among', 'humans', 'as', 'punishment.', 'Once', 'here,', 'Thor', 'learns', 'what', 'it', 'takes', 'to', 'be', 'a', 'true', 'hero', 'when', 'the', 'most', 'dangerous', 'villain', 'of', 'his', 'world', 'sends', 'the', 'darkest', 'forces', 'of', 'Asgard', 'to', 'invade', 'Earth.', 'Adventure', 'Fantasy', 'Action']"
56780,Atlas Shrugged Part I,PaulJohansson,http://www.atlasshruggedpart1.com/,"['A', 'powerful', 'railroad', 'executive,', 'Dagny', 'Taggart,', 'struggles', 'to', 'keep', 'her', 'business', 'alive', 'while', 'society', 'is', 'crumbling', 'around', 'her.', 'Based', 'on', 'the', '1957', 'novel', 'by', 'Ayn', 'Rand.', 'Drama', 'Thriller', 'ScienceFiction', 'Mystery']"
51497,Fast Five,JustinLin,http://www.watchvideoseries.com/movies/fast-five-2011-2/,"['Former', 'cop', 'Brian', ""O'Conner"", 'partners', 'with', 'ex-con', 'Dom', 'Toretto', 'on', 'the', 'opposite', 'side', 'of', 'the', 'law.', 'Since', 'Brian', 'and', 'Mia', 'Toretto', 'broke', 'Dom', 'out', 'of', 'custody,', ""they've"", 'blown', 'across', 'many', 'borders', 'to', 'elude', 'authorities.', 'Now', 'backed', 'into', 'a', 'corner', 'in', 'Rio', 'de', 'Janeiro,', 'they', 'must', 'pull', 'one', 'last', 'job', 'in', 'order', 'to', 'gain', 'their', 'freedom.', 'Action', 'Thriller', 'Crime']"
32654,The Storm Warriors,DannyPang,http://www.thestormwarriors.com/,"['Wind', 'and', 'Cloud', 'find', 'themselves', 'up', 'against', 'a', 'ruthless', 'Japanese', 'warlord', 'intent', 'on', 'invading', 'China.', 'Action', 'Adventure', 'Fantasy']"
1865,Pirates of the Caribbean: On Stranger Tides,RobMarshall,http://disney.go.com/pirates/index-on-stranger-tides.html#/video/,"['Captain', 'Jack', 'Sparrow', 'crosses', 'paths', 'with', 'a', 'woman', 'from', 'his', 'past,', 'and', ""he's"", 'not', 'sure', 'if', ""it's"", 'love', '--', 'or', 'if', ""she's"", 'a', 'ruthless', 'con', 'artist', ""who's"", 'using', 'him', 'to', 'find', 'the', 'fabled', 'Fountain', 'of', 'Youth.', 'When', 'she', 'forces', 'him', 'aboard', 'the', 'Queen', ""Anne's"", 'Revenge,', 'the', 'ship', 'of', 'the', 'formidable', 'pirate', 'Blackbeard,', 'Jack', 'finds', 'himself', 'on', 'an', 'unexpected', 'adventure', 'in', 'which', 'he', ""doesn't"", 'know', 'who', 'to', 'fear', 'more:', 'Blackbeard', 'or', 'the', 'woman', 'from', 'his', 'past.', 'Adventure', 'Action', 'Fantasy']"
45243,The Hangover Part II,ToddPhillips,http://hangoverpart2.warnerbros.com/,"['The', 'Hangover', 'crew', 'heads', 'to', 'Thailand', 'for', ""Stu's"", 'wedding.', 'After', 'the', 'disaster', 'of', 'a', 'bachelor', 'party', 'in', 'Las', 'Vegas', 'last', 'year,', 'Stu', 'is', 'playing', 'it', 'safe', 'with', 'a', 'mellow', 'pre-wedding', 'brunch.', 'However,', 'nothing', 'goes', 'as', 'planned', 'and', 'Bangkok', 'is', 'the', 'perfect', 'setting', 'for', 'another', 'adventure', 'with', 'the', 'rowdy', 'group.', 'Comedy']"
23116,Loose Change 9/11: An American Coup,DylanAvery,http://www.loosechange911.com/,"['With', 'the', 'departure', 'of', 'the', 'Bush', 'Administration', 'and', 'the', 'arrival', 'of', 'an', '“era', 'of', 'transparency,”', 'opportunities', 'are', 'arising', 'for', 'the', 'disclosure', 'of', 'new', 'information', 'that', 'may', 'shed', 'more', 'light', 'on', 'the', 'events', 'that', 'took', 'place', 'before', 'and', 'after', '9/11/2001.', 'Loaded', 'with', 'powerful,', 'new', 'footage', 'and', 'in-depth', 'interviews', 'this', 'documentary', 'presents', 'a', 'wide', 'array', 'of', 'evidence', 'both', 'known', 'and', 'unknown…until', 'now.', 'Documentary']"
42506,The Housemaid,KimKi-young,http://worldcinemafoundation.org/films/the-housemaid,"['A', 'piano', ""composer's"", 'family', 'moves', 'into', 'a', 'new', 'house;', 'when', 'his', 'pregnant', 'wife', 'collapses', 'from', 'working', 'to', 'support', 'the', 'family,', 'he', 'hires', 'a', 'housemaid', 'to', 'help', 'with', 'housework.', 'Crime', 'Drama']"
49444,Kung Fu Panda 2,JenniferYuhNelson,http://www.kungfupanda.com/,"['Po', 'is', 'now', 'living', 'his', 'dream', 'as', 'The', 'Dragon', 'Warrior,', 'protecting', 'the', 'Valley', 'of', 'Peace', 'alongside', 'his', 'friends', 'and', 'fellow', 'kung', 'fu', 'masters,', 'The', 'Furious', 'Five', '-', 'Tigress,', 'Crane,', 'Mantis,', 'Viper', 'and', 'Monkey.', 'But', 'Po’s', 'new', 'life', 'of', 'awesomeness', 'is', 'threatened', 'by', 'the', 'emergence', 'of', 'a', 'formidable', 'villain,', 'who', 'plans', 'to', 'use', 'a', 'secret,', 'unstoppable', 'weapon', 'to', 'conquer', 'China', 'and', 'destroy', 'kung', 'fu.', 'It', 'is', 'up', 'to', 'Po', 'and', 'The', 'Furious', 'Five', 'to', 'journey', 'across', 'China', 'to', 'face', 'this', 'threat', 'and', 'vanquish', 'it.', 'But', 'how', 'can', 'Po', 'stop', 'a', 'weapon', 'that', 'can', 'stop', 'kung', 'fu?', 'He', 'must', 'look', 'to', 'his', 'past', 'and', 'uncover', 'the', 'secrets', 'of', 'his', 'mysterious', 'origins;', 'only', 'then', 'will', 'he', 'be', 'able', 'to', 'unlock', 'the', 'strength', 'he', 'needs', 'to', 'succeed.', 'Animation', 'Family']"
49538,X-Men: First Class,MatthewVaughn,http://www.x-menfirstclassmovie.com/,"['Before', 'Charles', 'Xavier', 'and', 'Erik', 'Lensherr', 'took', 'the', 'names', 'Professor', 'X', 'and', 'Magneto,', 'they', 'were', 'two', 'young', 'men', 'discovering', 'their', 'powers', 'for', 'the', 'first', 'time.', 'Before', 'they', 'were', 'arch-enemies,', 'they', 'were', 'closest', 'of', 'friends,', 'working', 'together', 'with', 'other', 'mutants', '(some', 'familiar,', 'some', 'new),', 'to', 'stop', 'the', 'greatest', 'threat', 'the', 'world', 'has', 'ever', 'known.', 'Action', 'ScienceFiction', 'Adventure']"
56272,Elektra Luxx,SebastianGutierrez,http://www.elektraluxx-movie.com/,"['A', 'favor', 'for', 'a', 'woman', 'from', 'her', 'past', 'throws', 'the', 'life', 'of', 'a', 'pregnant,', 'retired', 'porn', 'star', 'into', 'chaos.', 'Action', 'Comedy', 'Drama']"
35688,Why Did I Get Married Too?,TylerPerry,http://www.whydidigetmarriedtoomovie.com/,"['Four', 'couples', 'reunite', 'for', 'their', 'annual', 'vacation', 'in', 'order', 'to', 'socialize', 'and', 'to', 'spend', 'time', 'analyzing', 'their', 'marriages.', 'Their', 'intimate', 'week', 'in', 'the', 'Bahamas', 'is', 'disrupted', 'by', 'the', 'arrival', 'of', 'an', 'ex-husband', 'determined', 'to', 'win', 'back', 'his', 'recently', 'remarried', 'wife.', 'Comedy', 'Romance']"
38356,Transformers: Dark of the Moon,MichaelBay,http://www.transformersmovie.com/,"['Sam', 'Witwicky', 'takes', 'his', 'first', 'tenuous', 'steps', 'into', 'adulthood', 'while', 'remaining', 'a', 'reluctant', 'human', 'ally', 'of', 'Autobot-leader', 'Optimus', 'Prime.', 'The', 'film', 'centers', 'around', 'the', 'space', 'race', 'between', 'the', 'USSR', 'and', 'the', 'USA,', 'suggesting', 'there', 'was', 'a', 'hidden', 'Transformers', 'role', 'in', 'it', 'all', 'that', 'remains', 'one', 'of', 'the', ""planet's"", 'most', 'dangerous', 'secrets.', 'Action', 'ScienceFiction', 'Adventure']"
51540,Horrible Bosses,SethGordon,http://horriblebossesmovie.warnerbros.com/index.html,"['For', 'Nick,', 'Kurt', 'and', 'Dale,', 'the', 'only', 'thing', 'that', 'would', 'make', 'the', 'daily', 'grind', 'more', 'tolerable', 'would', 'be', 'to', 'grind', 'their', 'intolerable', 'bosses', 'into', 'dust.', 'Quitting', 'is', 'not', 'an', 'option,', 'so,', 'with', 'the', 'benefit', 'of', 'a', 'few-too-many', 'drinks', 'and', 'some', 'dubious', 'advice', 'from', 'a', 'hustling', 'ex-con,', 'the', 'three', 'friends', 'devise', 'a', 'convoluted', 'and', 'seemingly', 'foolproof', 'plan', 'to', 'rid', 'themselves', 'of', 'their', 'respective', 'employers...', 'permanently.', 'Comedy', 'Crime']"
49013,Cars 2,JohnLasseter,http://www.disney.go.com/cars/,"['Star', 'race', 'car', 'Lightning', 'McQueen', 'and', 'his', 'pal', 'Mater', 'head', 'overseas', 'to', 'compete', 'in', 'the', 'World', 'Grand', 'Prix', 'race.', 'But', 'the', 'road', 'to', 'the', 'championship', 'becomes', 'rocky', 'as', 'Mater', 'gets', 'caught', 'up', 'in', 'an', 'intriguing', 'adventure', 'of', 'his', 'own:', 'international', 'espionage.', 'Animation', 'Family', 'Adventure', 'Comedy']"
16900,Truth In 24,KeithCossrow,http://www.truthin24.com/,"[""It's"", '24', 'hours', 'of', 'pure', 'exhilaration,', 'complete', 'exhaustion,', 'and', ""it's"", 'not', 'for', 'the', 'faint', 'of', 'heart', 'or', 'the', 'ill-prepared.', 'It', 'is', 'the', 'legendary', '24', 'Hours', 'of', 'Le', 'Mans.', 'But', 'before', 'you', 'win', 'it,', 'you', 'have', 'to', 'master', 'finishing', 'it.', 'This', 'film', 'chronicles', 'the', 'dedication,', 'the', 'determination', 'and', 'the', 'spirit', 'required', 'to', 'not', 'just', 'survive', '3,000', 'grueling', 'miles,', 'but', 'to', 'be', 'in', 'a', 'position', 'to', 'win', 'one', 'of', 'the', 'greatest', 'races', 'in', 'history.', 'Documentary']"
12445,Harry Potter and the Deathly Hallows: Part 2,DavidYates,http://www.harrypotter.com,"['Harry,', 'Ron', 'and', 'Hermione', 'continue', 'their', 'quest', 'to', 'vanquish', 'the', 'evil', 'Voldemort', 'once', 'and', 'for', 'all.', 'Just', 'as', 'things', 'begin', 'to', 'look', 'hopeless', 'for', 'the', 'young', 'wizards,', 'Harry', 'discovers', 'a', 'trio', 'of', 'magical', 'objects', 'that', 'endow', 'him', 'with', 'powers', 'to', 'rival', ""Voldemort's"", 'formidable', 'skills.', 'Family', 'Fantasy', 'Adventure']"
1771,Captain America: The First Avenger,JoeJohnston,http://captainamerica.marvel.com/,"['Predominantly', 'set', 'during', 'World', 'War', 'II,', 'Steve', 'Rogers', 'is', 'a', 'sickly', 'man', 'from', 'Brooklyn', ""who's"", 'transformed', 'into', 'super-soldier', 'Captain', 'America', 'to', 'aid', 'in', 'the', 'war', 'effort.', 'Rogers', 'must', 'stop', 'the', 'Red', 'Skull', '–', 'Adolf', ""Hitler's"", 'ruthless', 'head', 'of', 'weaponry,', 'and', 'the', 'leader', 'of', 'an', 'organization', 'that', 'intends', 'to', 'use', 'a', 'mysterious', 'device', 'of', 'untold', 'powers', 'for', 'world', 'domination.', 'Action', 'Adventure', 'ScienceFiction']"
13931,Mike's New Car,PeteDocter,http://www.pixar.com/short_films/Home-Entertainment-Shorts/Mike's-New-Car,"['Mike', 'discovers', 'that', 'being', 'the', 'top-ranking', 'laugh', 'collector', 'at', 'Monsters,', 'Inc.', 'has', ""it's"", 'benefits', '-', 'in', 'particular,', 'earning', 'enough', 'money', 'to', 'buy', 'a', 'six-wheel-drive', 'car', ""that's"", 'loaded', 'with', 'gadgets.', 'That', 'new-car', 'smell', ""doesn't"", 'last', 'long', 'enough,', 'however,', 'as', 'Sulley', 'jump-starts', 'an', 'ill-fated', 'road', 'test', 'that', 'teaches', 'Mike', 'the', 'true', 'meaning', 'of', ""buyer's"", 'remorse.', 'Animation', 'Family']"
41513,The Smurfs,RajaGosnell,http://www.smurfhappens.com/,"['When', 'the', 'evil', 'wizard', 'Gargamel', 'chases', 'the', 'tiny', 'blue', 'Smurfs', 'out', 'of', 'their', 'village,', 'they', 'tumble', 'from', 'their', 'magical', 'world', 'and', 'into', 'ours', '--', 'in', 'fact,', 'smack', 'dab', 'in', 'the', 'middle', 'of', 'Central', 'Park.', 'Just', 'three', 'apples', 'high', 'and', 'stuck', 'in', 'the', 'Big', 'Apple,', 'the', 'Smurfs', 'must', 'find', 'a', 'way', 'to', 'get', 'back', 'to', 'their', 'village', 'before', 'Gargamel', 'tracks', 'them', 'down.', 'Animation', 'Family', 'Adventure', 'Comedy', 'Fantasy']"
12819,Alpha and Omega,BenGluck,http://alphaandomega3d.com/index.html,"['Two', 'mismatched', 'wolves', 'embark', 'on', 'a', 'cross-country', 'quest', 'to', 'get', 'back', 'home', 'and', 'restore', 'peace', 'in', 'their', 'pack', 'after', 'being', 'relocated', 'thousands', 'of', 'miles', 'away', 'by', 'well-meaning', 'park', 'rangers.', 'Quick-witted', 'Humphrey', '(voice', 'of', 'Justin', 'Long)', 'likes', 'to', 'frolic', 'with', 'friends', 'and', 'play', 'video', 'games', 'with', 'squirrels;', 'disciplined', 'Kate', '(voice', 'of', 'Hayden', 'Panettiere)', 'likes', 'to', 'call', 'the', 'shots', 'and', 'hunt', 'caribou.', 'Normally,', 'an', 'omega', 'wolf', 'like', 'Humphrey', 'would', 'never', 'stand', 'a', 'chance', 'with', 'an', 'alpha', 'wolf', 'like', 'Kate,', 'but', 'when', ""they're"", 'both', 'transported', 'halfway', 'across', 'the', 'country', 'they', 'must', 'work', 'together', 'to', 'get', 'back', 'to', 'their', 'natural', 'habitat.', 'And', 'it', ""won't"", 'be', 'easy', 'either,', 'because', 'the', 'one', 'thing', 'Humphrey', 'and', 'Kate', 'can', 'agree', 'on', 'is', 'that', 'they', ""don't"", 'have', 'anything', 'in', 'common.', 'Perhaps', 'by', 'working', 'together', 'toward', 'a', 'common', 'goal,', 'however,', 'the', 'two', 'contentious', 'traveling', 'companions', 'will', 'finally', 'realize', 'that', 'even', 'lone', 'wolves', 'can', 'use', 'a', 'helping', 'paw', 'every', 'once', 'in', 'a', 'while.', 'Family', 'Animation']"
45839,FRED: The Movie,ClayWeiner,http://www.nick.com/shows/fred/,"['Fred:', 'The', 'Movie', '(stylized', 'as', 'FЯED:', 'THE', 'MOVIE)', 'is', 'a', '2010', 'made-for-television', 'independent', 'comedy', 'film', 'written', 'by', 'David', 'A.', 'Goodman,', 'directed', 'by', 'Clay', 'Weiner,', 'and', 'produced', 'by', 'Brian', 'Robbins', 'and', 'Gary', 'Binkow.The', 'film', 'is', 'based', 'on', 'the', 'adventures', 'of', 'Fred', 'Figglehorn,', 'a', 'character', 'created', 'and', 'played', 'by', 'Lucas', 'Cruikshank', 'for', ""Cruikshank's"", 'YouTube', 'channel.The', 'film', 'casts', 'Siobhan', 'Fallon', 'Hogan', 'and', 'John', 'Cena', 'as', ""Fred's"", 'parentsand', 'pop', 'singer', 'and', 'actress', 'Pixie', 'Lott', 'as', ""Fred's"", 'crush.First', 'optioned', 'as', 'a', 'theatrical', 'release', 'in', 'the', 'United', 'States,[11]', 'the', 'film', 'instead', 'premiered', 'on', 'Nickelodeon,', 'a', 'television', 'channel,on', 'September', '18,', '2010Fred', 'Figglehorn', 'has', 'a', 'crush', 'on', 'Judy,', 'the', 'girl', 'next', 'door.', ""Fred's"", 'stalker,', 'Kevin,', 'lives', 'across', 'the', 'street', 'and', 'thwarts', 'each', 'attempt', 'Fred', 'makes', 'to', 'see', 'her.', 'When', 'Fred', 'finally', 'succeeds', 'in', 'making', 'it', 'to', ""Judy's,"", 'he', 'finds', 'out', 'she', 'has', 'moved', 'so', 'he', 'embarks', 'on', 'a', 'journey', 'to', 'find', 'her.', 'Comedy', 'Family']"
51620,Death Race 2,RoelReiné,http://deathrace2.craveonline.com/,"['In', 'the', ""world's"", 'most', 'dangerous', 'prison,', 'a', 'new', 'game', 'is', 'born:', 'Death', 'Race.', 'The', 'rules', 'of', 'this', 'adrenaline-fueled', 'blood', 'sport', 'are', 'simple,', 'drive', 'or', 'die.', 'When', 'repentant', 'convict', 'Carl', 'Lucas', 'discovers', ""there's"", 'a', 'price', 'on', 'his', 'head,', 'his', 'only', 'hope', 'is', 'to', 'survive', 'a', 'twisted', 'race', 'against', 'an', 'army', 'of', 'hardened', 'criminals', 'and', 'tricked-out', 'cars.', 'Action', 'Thriller', 'ScienceFiction']"
63943,West Is West,AndydeEmmony,http://www.westiswest.ca/,"['Comedy', 'sequel', 'to', '""East', 'is', 'East"".', 'Manchester,', 'North', 'of', 'England,', '1975.', 'The', 'now', 'much', 'diminished,', 'but', 'still', 'claustrophobic', 'and', 'dysfunctional,', 'Khan', 'family', 'continues', 'to', 'struggle', 'for', 'survival.', 'Sajid,', 'the', 'youngest', 'Khan,', 'the', 'runt', 'of', 'the', 'litter,', 'is', 'deep', 'in', 'pubescent', 'crisis', 'under', 'heavy', 'assault', 'both', 'from', 'his', ""father's"", 'tyrannical', 'insistence', 'on', 'Pakistani', 'tradition,', 'and', 'from', 'the', 'fierce', 'bullies', 'in', 'the', 'schoolyard.', 'So,', 'in', 'a', 'last,', 'desperate', 'attempt', 'to', ""'sort"", 'him', ""out',"", 'his', 'father', 'decides', 'to', 'pack', 'him', 'off', 'to', 'Mrs', 'Khan', 'No', '1', 'and', 'family', 'in', 'the', 'Punjab,', 'the', 'wife', 'and', 'daughters', 'he', 'had', 'abandoned', '35', 'years', 'earlier.', 'It', 'is', 'not', 'long', 'before', 'Ella', 'Khan', '(Mrs', 'Khan', 'No2)', 'with', 'a', 'small', 'entourage', 'from', 'Salford,', 'England,', 'swiftly', 'follows', 'to', 'sort', 'out', 'the', 'mess,', 'past', 'and', 'present.', 'Comedy']"
61791,Rise of the Planet of the Apes,RupertWyatt,http://www.apeswillrise.com/,"['Scientist', 'Will', 'Rodman', 'is', 'determined', 'to', 'find', 'a', 'cure', 'for', ""Alzheimer's,"", 'the', 'disease', 'which', 'has', 'slowly', 'consumed', 'his', 'father.', 'Will', 'feels', 'certain', 'he', 'is', 'close', 'to', 'a', 'breakthrough', 'and', 'tests', 'his', 'latest', 'serum', 'on', 'apes,', 'noticing', 'dramatic', 'increases', 'in', 'intelligence', 'and', 'brain', 'activity', 'in', 'the', 'primate', 'subjects', '–', 'especially', 'Caesar,', 'his', 'pet', 'chimpanzee.', 'Thriller', 'Action', 'Drama', 'ScienceFiction']"
56832,Gantz,ShinsukeSato,http://www.gantz-movie.com/,"['After', 'trying', 'to', 'rescue', 'a', 'man', 'on', 'the', 'subway', 'tracks,', 'two', 'teens', 'wake', 'up', 'in', 'a', 'room', 'dominated', 'by', 'a', 'mysterious', 'black', 'sphere', 'that', 'sends', 'them', 'to', 'hunt', 'down', 'and', 'kill', 'aliens', 'hiding', 'on', 'Earth.', 'Horror', 'Action', 'ScienceFiction']"
55779,Final Destination 5,StevenQuale,http://finaldestinationmovie.warnerbros.com/index.html,"['In', 'this', 'fifth', 'installment,', 'Death', 'is', 'just', 'as', 'omnipresent', 'as', 'ever,', 'and', 'is', 'unleashed', 'after', 'one', 'man’s', 'premonition', 'saves', 'a', 'group', 'of', 'coworkers', 'from', 'a', 'terrifying', 'suspension', 'bridge', 'collapse.', 'But', 'this', 'group', 'of', 'unsuspecting', 'souls', 'was', 'never', 'supposed', 'to', 'survive,', 'and,', 'in', 'a', 'terrifying', 'race', 'against', 'time,', 'the', 'ill-fated', 'group', 'frantically', 'tries', 'to', 'discover', 'a', 'way', 'to', 'escape', 'Death’s', 'sinister', 'agenda.', 'Horror', 'Mystery']"
55465,A Very Harold & Kumar Christmas,ToddStrauss-Schulson,http://haroldandkumar.warnerbros.com,"['Six', 'years', 'have', 'elapsed', 'since', 'Guantanamo', 'Bay,', 'leaving', 'Harold', 'and', 'Kumar', 'estranged', 'from', 'one', 'another', 'with', 'very', 'different', 'families,', 'friends', 'and', 'lives.', 'But', 'when', 'Kumar', 'arrives', 'on', ""Harold's"", 'doorstep', 'during', 'the', 'holiday', 'season', 'with', 'a', 'mysterious', 'package', 'in', 'hand,', 'he', 'inadvertently', 'burns', 'down', ""Harold's"", ""father-in-law's"", 'beloved', 'Christmas', 'tree.', 'To', 'fix', 'the', 'problem,', 'Harold', 'and', 'Kumar', 'embark', 'on', 'a', 'mission', 'through', 'New', 'York', 'City', 'to', 'find', 'the', 'perfect', 'Christmas', 'tree,', 'once', 'again', 'stumbling', 'into', 'trouble', 'at', 'every', 'single', 'turn.', 'Comedy']"
56288,Spy Kids: All the Time in the World,RobertRodriguez,http://spykidsmovie.net/,"['Eight', 'years', 'after', 'the', 'third', 'film,', 'the', 'OSS', 'has', 'become', 'the', ""world's"", 'top', 'spy', 'agency,', 'while', 'the', 'Spy', 'Kids', 'department', 'has', 'since', 'become', 'defunct.', 'A', 'retired', 'spy', 'Marissa', '(Jessica', 'Alba)', 'is', 'thrown', 'back', 'into', 'the', 'action', 'along', 'with', 'her', 'stepchildren', 'when', 'a', 'maniacal', 'Timekeeper', '(Jeremy', 'Piven)', 'attempts', 'to', 'take', 'over', 'the', 'world.', 'In', 'order', 'to', 'save', 'the', 'world,', 'Rebecca', '(Rowan', 'Blanchard)', 'and', 'Cecil', '(Mason', 'Cook)', 'must', 'team', 'up', 'with', 'their', 'hated', 'stepmother.', 'Carmen', 'and', 'Juni', 'have', 'since', 'also', 'grown', 'up', 'and', 'will', 'provide', 'gadgets', 'to', 'them.', 'Family', 'Comedy', 'Action']"
58151,Fright Night,CraigGillespie,http://www.welcometofrightnight.com,"['A', 'teenager', 'suspects', 'his', 'new', 'neighbour', 'is', 'a', 'vampire.', 'Unable', 'to', 'convince', 'anyone,', 'he', 'tries', 'to', 'enlist', 'the', 'help', 'of', 'a', 'self-proclaimed', 'vampire', 'hunter', 'and', 'magician', 'in', 'this', 'remake', 'of', 'the', '1985', 'comedy-horror', 'classic.', 'Horror', 'Comedy']"
21786,Cold Prey,RoarUthaug,http://www.frittvilt.com/frittvilt/,"['Jannicke,', 'Morten', 'Tobias,', 'Eirik,', 'Mikael', 'and', 'Ingunn', 'are', 'on', 'a', 'snowboarding', 'vacation', 'in', 'Jotunheimen.', 'They', 'are', 'forced', 'to', 'take', 'shelter', 'in', 'an', 'abandoned', 'hotel', 'when', 'Morten', 'Tobias', 'breaks', 'his', 'leg', 'and', 'their', 'car', 'is', 'too', 'far', 'away', 'for', 'them', 'to', 'reach', 'within', 'nightfall.', 'They', 'quickly', 'discover', 'that', 'the', 'hotel', 'was', 'closed', 'in', 'the', 'seventies', 'due', 'to', 'the', 'disappearance', 'of', 'the', 'managers’', 'son.', 'Drama', 'Horror', 'Mystery', 'Thriller']"
52015,Stake Land,JimMickle,http://www.stakelandthefilm.com/,"['Martin', 'was', 'a', 'normal', 'teenage', 'boy', 'before', 'the', 'country', 'collapsed', 'in', 'an', 'empty', 'pit', 'of', 'economic', 'and', 'political', 'disaster.', 'A', 'vampire', 'epidemic', 'has', 'swept', 'across', 'what', 'is', 'left', 'of', 'the', ""nation's"", 'abandoned', 'towns', 'and', 'cities,', 'and', ""it's"", 'up', 'to', 'Mister,', 'a', 'death', 'dealing,', 'rogue', 'vampire', 'hunter,', 'to', 'get', 'Martin', 'safely', 'north', 'to', 'Canada,', 'the', ""continent's"", 'New', 'Eden.', 'Drama', 'Horror', 'Action', 'Thriller', 'ScienceFiction']"
40016,Birdemic: Shock and Terror,JamesNguyen,http://www.birdemic.com/,"['A', 'platoon', 'of', 'eagles', 'and', 'vultures', 'attacks', 'the', 'residents', 'of', 'a', 'small', 'town.', 'Many', 'people', 'die.', ""It's"", 'not', 'known', 'what', 'caused', 'the', 'flying', 'menace', 'to', 'attack.', 'Two', 'people', 'manage', 'to', 'fight', 'back,', 'but', 'will', 'they', 'survive', 'Birdemic?', 'Horror', 'ScienceFiction']"
69798,The Inbetweeners Movie,BenPalmer,https://itunes.apple.com/us/movie/the-inbetweeners/id586818977?ign-mpt=uo%3D4,"['High', 'school', 'graduation', 'just', 'wouldn’t', 'be', 'complete', 'without', 'an', 'un-chaperoned,', 'uninhibited', 'and', 'unforgettable', 'final', 'holiday.', 'At', 'least', 'that’s', 'what', 'Will,', 'Jay,', 'Simon', 'and', 'Neil', 'think', 'when', 'they', 'book', 'a', 'two-week', 'stay', 'on', 'an', 'exotic', 'Greek', 'island.', 'As', 'their', 'dreams', 'of', 'sun-drenched', 'days', 'and', 'booze-filled', 'nights', 'are', 'left', 'hopelessly', 'unfulfilled,', 'the', 'lads', 'fight', 'their', 'way', 'into', 'the', 'party', 'scene', 'with', 'hilariously', 'humiliating', 'results', 'in', 'this', 'smash', 'hit', 'UK', 'raunchy', 'comedy.', 'Comedy']"
72914,"Fat, Sick & Nearly Dead",JoeCross,http://www.fatsickandnearlydead.com,"['100', 'pounds', 'overweight,', 'loaded', 'up', 'on', 'steroids', 'and', 'suffering', 'from', 'a', 'debilitating', 'autoimmune', 'disease,', 'Joe', 'Cross', 'is', 'at', 'the', 'end', 'of', 'his', 'rope', 'and', 'the', 'end', 'of', 'his', 'hope.', 'In', 'the', 'mirror', 'he', 'saw', 'a', '310lb', 'man', 'whose', 'gut', 'was', 'bigger', 'than', 'a', 'beach', 'ball', 'and', 'a', 'path', 'laid', 'out', 'before', 'him', 'that', ""wouldn't"", 'end', 'well—', 'with', 'one', 'foot', 'already', 'in', 'the', 'grave,', 'the', 'other', ""wasn't"", 'far', 'behind.', 'FAT,', 'SICK', '&amp;', 'NEARLY', 'DEAD', 'is', 'an', 'inspiring', 'film', 'that', 'chronicles', ""Joe's"", 'personal', 'mission', 'to', 'regain', 'his', 'health.', 'Documentary']"
24428,The Avengers,JossWhedon,http://marvel.com/avengers_movie/,"['When', 'an', 'unexpected', 'enemy', 'emerges', 'and', 'threatens', 'global', 'safety', 'and', 'security,', 'Nick', 'Fury,', 'director', 'of', 'the', 'international', 'peacekeeping', 'agency', 'known', 'as', 'S.H.I.E.L.D.,', 'finds', 'himself', 'in', 'need', 'of', 'a', 'team', 'to', 'pull', 'the', 'world', 'back', 'from', 'the', 'brink', 'of', 'disaster.', 'Spanning', 'the', 'globe,', 'a', 'daring', 'recruitment', 'effort', 'begins!', 'ScienceFiction', 'Action', 'Adventure']"
60935,The Thing,MatthijsvanHeijningenJr.,http://www.uphe.com/movies/the-thing-2011,"['When', 'paleontologist', 'Kate', 'Lloyd', 'travels', 'to', 'an', 'isolated', 'outpost', 'in', 'Antarctica', 'for', 'the', 'expedition', 'of', 'a', 'lifetime,', 'she', 'joins', 'an', 'international', 'team', 'that', 'unearths', 'a', 'remarkable', 'discovery.', 'Their', 'elation', 'quickly', 'turns', 'to', 'fear', 'as', 'they', 'realize', 'that', 'their', 'experiment', 'has', 'freed', 'a', 'mysterious', 'being', 'from', 'its', 'frozen', 'prison.', 'Paranoia', 'spreads', 'like', 'an', 'epidemic', 'as', 'a', 'creature', 'that', 'can', 'mimic', 'anything', 'it', 'touches', 'will', 'pit', 'human', 'against', 'human', 'as', 'it', 'tries', 'to', 'survive', 'and', 'flourish', 'in', 'this', 'spine-tingling', 'thriller.', 'Horror', 'ScienceFiction', 'Mystery', 'Thriller']"
10005,Behind Enemy Lines II: Axis of Evil,JamesDodson,http://www.foxhome.com/behindenemylinesiiaxisofevil,"['Navy', 'SEALS,', 'headed', 'by', 'Lt.', 'Bobby', 'James,', 'are', 'dispatched', 'to', 'North', 'Korea', 'on', 'a', 'covert', 'mission,', 'all', 'in', 'an', 'effort', 'to', 'take', 'out', 'a', 'missile', 'site...', 'Action', 'Adventure', 'Thriller']"
52297,Alaska: Silence And Solitude,BobSwererJr.,http://www.dickproenneke.com/alaska.html,"['Alaska', 'Silence', '&amp;', 'Solitude', 'is', 'the', 'follow', 'up', 'to', 'Alone', 'in', 'the', 'Wilderness,', 'filmed', '20', 'years', 'later.', 'Bob', 'Swerer', 'and', 'Bob', 'Swerer', 'Sr.', 'visit', 'Dick', 'Proenneke', 'at', 'his', 'famous', 'cabin', 'on', 'Twin', 'Lakes', 'where', 'the', 'wildlife', 'is', 'still', 'abundant', 'and', 'the', 'scenery', 'is', 'spectacular.', 'Documentary']"
85766,The Frozen North,DickProenneke,http://www.dickproenneke.com/videos.html,"['For', 'more', 'than', '30', 'years', 'a', 'man', 'by', 'the', 'name', 'of', 'Dick', 'Proenneke', 'lived', 'alone', 'in', 'the', 'Alaskan', 'Bush.', 'His', 'only', 'neighbors', 'were', 'the', 'wolves', 'and', 'grizzly', 'bears', 'and', 'his', 'only', 'transportation', 'was', 'his', 'canoe', 'and', 'a', 'good', 'set', 'of', 'legs.', 'Through', 'the', 'years,', 'Dick', 'kept', 'written', 'journals', 'of', 'daily', 'life', 'at', 'Twin', 'Lakes', 'but', 'would', 'also', 'document', 'much', 'of', 'his', 'adventure', 'on', 'film', 'with', 'his', '16', 'mms', 'Bolex', 'camera.', 'The', 'Frozen', 'North', 'is', ""Dick's"", 'own', 'filmed', 'account', 'of', 'his', 'life', 'alone', 'in', 'this', '""One', ""Man's"", 'Wilderness"",', 'produced', 'from', 'original', 'footage', 'not', 'included', 'in', '""Alone', 'in', 'the', 'Wilderness""', 'or', '""Alaska', 'Silence', '&amp;', 'Solitude"".', 'Documentary', 'History']"
72571,Paranormal Activity 3,HenryJoost,http://www.paranormalmovie.com/,"['In', '1988,', 'evil', 'begins', 'to', 'terrorize', 'young', 'sisters', 'Katie', 'and', 'Kristi', 'for', 'the', 'first', 'time', 'when', 'an', 'invisible', 'entity', 'resides', 'in', 'their', 'home.', 'Horror']"
58233,Johnny English Reborn,OliverParker,http://www.johnnyenglishreborn.com/,"['The', 'most', 'prominent', 'heads', 'of', 'state', 'in', 'the', 'world', 'begin', 'gathering', 'for', 'a', 'conference', 'that', 'could', 'have', 'a', 'major', 'impact', 'on', 'global', 'politics.', 'When', 'MI-7', 'receives', 'word', 'that', 'the', 'Chinese', 'premier', 'has', 'become', 'the', 'target', 'of', 'some', 'high-powered', 'killers,', 'it', 'falls', 'on', 'Johnny', 'English', 'to', 'save', 'the', 'day.', 'Armed', 'with', 'the', 'latest', 'high-tech', 'weaponry', 'and', 'gadgets', 'that', 'would', 'make', 'even', 'James', 'Bond', 'jealous,', 'the', 'once-disgraced', 'agent', 'uncovers', 'evidence', 'of', 'a', 'massive', 'conspiracy', 'involving', 'some', 'of', 'the', ""world's"", 'most', 'powerful', 'organisations,', 'and', 'vows', 'to', 'redeem', 'his', 'tarnished', 'reputation', 'by', 'stopping', 'the', 'killers', 'before', 'they', 'can', 'strike.', 'Crime', 'Adventure', 'Action', 'Comedy', 'Thriller']"
64328,The Muppets,JamesBobin,http://disney.go.com/muppets/,"['When', 'Kermit', 'the', 'Frog', 'and', 'the', 'Muppets', 'learn', 'that', 'their', 'beloved', 'theater', 'is', 'slated', 'for', 'demolition,', 'a', 'sympathetic', 'human,', 'Gary,', 'and', 'his', 'puppet', 'roommate,', 'Walter,', 'swoop', 'in', 'to', 'help', 'the', 'gang', 'put', 'on', 'a', 'show', 'and', 'raise', 'the', '$10', 'million', 'they', 'need', 'to', 'save', 'the', 'day.', 'Comedy', 'Family', 'Music']"
50619,The Twilight Saga: Breaking Dawn - Part 1,BillCondon,http://www.breakingdawn-themovie.com/,"['The', 'new', 'found', 'married', 'bliss', 'of', 'Bella', 'Swan', 'and', 'vampire', 'Edward', 'Cullen', 'is', 'cut', 'short', 'when', 'a', 'series', 'of', 'betrayals', 'and', 'misfortunes', 'threatens', 'to', 'destroy', 'their', 'world.', 'Bella', 'soon', 'discovers', 'she', 'is', 'pregnant,', 'and', 'during', 'a', 'nearly', 'fatal', 'childbirth,', 'Edward', 'finally', 'fulfills', 'her', 'wish', 'to', 'become', 'immortal.', 'But', 'the', 'arrival', 'of', 'their', 'remarkable', 'daughter,', 'Renesmee,', 'sets', 'in', 'motion', 'a', 'perilous', 'chain', 'of', 'events', 'that', 'pits', 'the', 'Cullens', 'and', 'their', 'allies', 'against', 'the', 'Volturi,', 'the', 'fearsome', 'council', 'of', 'vampire', 'leaders,', 'setting', 'the', 'stage', 'for', 'an', 'all-out', 'battle.', 'Adventure', 'Fantasy', 'Romance']"
15157,Another Cinderella Story,DamonSantostefano,http://anothercinderellastory.warnerbros.com/,"['A', 'guy', 'who', 'danced', 'with', 'what', 'could', 'be', 'the', 'girl', 'of', 'his', 'dreams', 'at', 'a', 'costume', 'ball', 'only', 'has', 'one', 'hint', 'at', 'her', 'identity:', 'the', 'Zune', 'she', 'left', 'behind', 'as', 'she', 'rushed', 'home', 'in', 'order', 'to', 'make', 'her', 'curfew.', 'And', 'with', 'a', 'once-in-a-lifetime', 'opportunity', 'in', 'front', 'of', 'him,', 'he', 'sets', 'out', 'to', 'find', 'his', 'masked', 'beauty.', 'Music']"
74135,Gantz: Perfect Answer,ShinsukeSato,http://gantz-movie.com/index.html,"['Perfect', 'Answer', 'begins', 'several', 'months', 'after', 'the', 'events', 'of', 'the', 'first', 'film.', 'Kurono', 'is', 'still', 'fighting', 'aliens', 'under', 'the', 'order', 'of', 'Gantz,', 'a', 'mysterious', 'giant', 'black', 'orb,', 'and', 'he', 'is', 'close', 'to', 'reaching', 'the', 'score', 'he', 'needs', 'to', 'resurrect', 'his', 'friend', 'Kato.', 'Outside', 'his', 'night', 'time', 'missions,', 'Kurono', 'continues', 'to', 'live', 'his', 'normal', 'life,', 'spending', 'time', 'with', 'his', 'new', 'girlfriend', 'Tae.', 'Meanwhile,', 'young', 'pop', 'star', 'Eriko', 'is', 'being', 'secretly', 'ordered', 'by', 'Gantz', 'to', 'carry', 'out', 'assassinations,', 'and', 'cop', 'Shigeta', 'inches', 'closer', 'towards', 'finding', 'out', 'the', 'truth', 'about', 'the', 'Gantz', 'missions.', 'As', 'the', 'missions', 'begin', 'to', 'get', 'increasingly', 'dangerous', 'for', 'both', 'the', 'alien', 'fighters', 'and', 'the', 'general', 'public,', 'Kurono', 'discovers', 'that', 'the', 'endgame', 'for', 'Gantz', 'is', 'quickly', 'approaching.', 'Action', 'Mystery', 'ScienceFiction']"
65759,Happy Feet Two,GeorgeMiller,http://happyfeettwo.warnerbros.com/index.html,"['Mumble', 'the', 'penguin', 'has', 'a', 'problem:', 'his', 'son', 'Erik,', 'who', 'is', 'reluctant', 'to', 'dance,', 'encounters', 'The', 'Mighty', 'Sven,', 'a', 'penguin', 'who', 'can', 'fly!', 'Things', 'get', 'worse', 'for', 'Mumble', 'when', 'the', 'world', 'is', 'shaken', 'by', 'powerful', 'forces,', 'causing', 'him', 'to', 'brings', 'together', 'the', 'penguin', 'nations', 'and', 'their', 'allies', 'to', 'set', 'things', 'right.', 'Animation', 'Comedy', 'Family']"
76163,The Expendables 2,SimonWest,http://theexpendables2film.com/,"['Mr.', 'Church', 'reunites', 'the', 'Expendables', 'for', 'what', 'should', 'be', 'an', 'easy', 'paycheck,', 'but', 'when', 'one', 'of', 'their', 'men', 'is', 'murdered', 'on', 'the', 'job,', 'their', 'quest', 'for', 'revenge', 'puts', 'them', 'deep', 'in', 'enemy', 'territory', 'and', 'up', 'against', 'an', 'unexpected', 'threat.', 'Action', 'Adventure', 'Thriller']"
70160,The Hunger Games,GaryRoss,http://www.thehungergames.movie/,"['Every', 'year', 'in', 'the', 'ruins', 'of', 'what', 'was', 'once', 'North', 'America,', 'the', 'nation', 'of', 'Panem', 'forces', 'each', 'of', 'its', 'twelve', 'districts', 'to', 'send', 'a', 'teenage', 'boy', 'and', 'girl', 'to', 'compete', 'in', 'the', 'Hunger', 'Games.', 'Part', 'twisted', 'entertainment,', 'part', 'government', 'intimidation', 'tactic,', 'the', 'Hunger', 'Games', 'are', 'a', 'nationally', 'televised', 'event', 'in', 'which', '“Tributes”', 'must', 'fight', 'with', 'one', 'another', 'until', 'one', 'survivor', 'remains.', 'Pitted', 'against', 'highly-trained', 'Tributes', 'who', 'have', 'prepared', 'for', 'these', 'Games', 'their', 'entire', 'lives,', 'Katniss', 'is', 'forced', 'to', 'rely', 'upon', 'her', 'sharp', 'instincts', 'as', 'well', 'as', 'the', 'mentorship', 'of', 'drunken', 'former', 'victor', 'Haymitch', 'Abernathy.', 'If', 'she’s', 'ever', 'to', 'return', 'home', 'to', 'District', '12,', 'Katniss', 'must', 'make', 'impossible', 'choices', 'in', 'the', 'arena', 'that', 'weigh', 'survival', 'against', 'humanity', 'and', 'life', 'against', 'love.', 'The', 'world', 'will', 'be', 'watching.', 'ScienceFiction', 'Adventure', 'Fantasy']"
49026,The Dark Knight Rises,ChristopherNolan,http://www.thedarkknightrises.com/,"['Following', 'the', 'death', 'of', 'District', 'Attorney', 'Harvey', 'Dent,', 'Batman', 'assumes', 'responsibility', 'for', ""Dent's"", 'crimes', 'to', 'protect', 'the', 'late', ""attorney's"", 'reputation', 'and', 'is', 'subsequently', 'hunted', 'by', 'the', 'Gotham', 'City', 'Police', 'Department.', 'Eight', 'years', 'later,', 'Batman', 'encounters', 'the', 'mysterious', 'Selina', 'Kyle', 'and', 'the', 'villainous', 'Bane,', 'a', 'new', 'terrorist', 'leader', 'who', 'overwhelms', ""Gotham's"", 'finest.', 'The', 'Dark', 'Knight', 'resurfaces', 'to', 'protect', 'a', 'city', 'that', 'has', 'branded', 'him', 'an', 'enemy.', 'Action', 'Crime', 'Drama', 'Thriller']"
49040,The Bourne Legacy,TonyGilroy,http://www.thebournelegacy.com/,"['New', 'CIA', 'operative,', 'Aaron', 'Cross', 'experiences', 'life-or-death', 'stakes', 'that', 'have', 'been', 'triggered', 'by', 'the', 'previous', 'actions', 'of', 'Jason', 'Bourne.', 'Action', 'Thriller']"
58574,Sherlock Holmes: A Game of Shadows,GuyRitchie,http://sherlockholmes2.warnerbros.com/index.html,"['There', 'is', 'a', 'new', 'criminal', 'mastermind', 'at', 'large', '(Professor', 'Moriarty)', 'and', 'not', 'only', 'is', 'he', 'Holmes’', 'intellectual', 'equal,', 'but', 'his', 'capacity', 'for', 'evil', 'and', 'lack', 'of', 'conscience', 'may', 'give', 'him', 'an', 'advantage', 'over', 'the', 'detective.', 'Adventure', 'Action', 'Crime', 'Mystery']"
56292,Mission: Impossible - Ghost Protocol,BradBird,http://www.missionimpossible.com/,"['In', 'the', '4th', 'installment', 'of', 'the', 'Mission', 'Impossible', 'series,', 'Ethan', 'Hunt', '(Cruise)', 'and', 'his', 'team', 'are', 'racing', 'against', 'time', 'to', 'track', 'down', 'a', 'dangerous', 'terrorist', 'named', 'Hendricks', '(Nyqvist),', 'who', 'has', 'gained', 'access', 'to', 'Russian', 'nuclear', 'launch', 'codes', 'and', 'is', 'planning', 'a', 'strike', 'on', 'the', 'United', 'States.', 'An', 'attempt', 'to', 'stop', 'him', 'ends', 'in', 'an', 'explosion', 'causing', 'severe', 'destruction', 'to', 'the', 'Kremlin', 'and', 'the', 'IMF', 'to', 'be', 'implicated', 'in', 'the', 'bombing,', 'forcing', 'the', 'President', 'to', 'disavow', 'them.', 'No', 'longer', 'being', 'aided', 'by', 'the', 'government,', 'Ethan', 'and', 'his', 'team', 'chase', 'Hendricks', 'around', 'the', 'globe,', 'although', 'they', 'might', 'still', 'be', 'too', 'late', 'to', 'stop', 'a', 'disaster.', 'Action', 'Thriller', 'Adventure']"
55301,Alvin and the Chipmunks: Chipwrecked,MikeMitchell,http://www.munkyourself.com/,"['Playing', 'around', 'while', 'aboard', 'a', 'cruise', 'ship,', 'the', 'Chipmunks', 'and', 'Chipettes', 'accidentally', 'go', 'overboard', 'and', 'end', 'up', 'marooned', 'in', 'a', 'tropical', 'paradise.', 'They', 'discover', 'their', 'new', 'turf', 'is', 'not', 'as', 'deserted', 'as', 'it', 'seems.', 'Comedy', 'Fantasy', 'Family', 'Music', 'Animation']"
74523,Born To Race,AlexRanarivelo,http://www.borntoracemovie.com/Site/Home.html,"['Born', 'To', 'Race', 'is', 'the', 'story', 'of', 'Danny', 'Krueger,', 'a', 'rebellious', 'young', 'street', 'racer', 'on', 'a', 'collision', 'course', 'with', 'trouble.', 'After', 'an', 'accident', 'at', 'an', 'illegal', 'street', 'race,', 'he', 'is', 'sent', 'to', 'a', 'small', 'town', 'to', 'live', 'with', 'his', 'estranged', 'father,', 'a', 'washed', 'up', 'NASCAR', 'racer.', 'When', 'Danny', 'decides', 'to', 'enter', 'the', 'NHRA', 'High', 'School', 'Drags,', ""he's"", 'forced', 'to', 'seek', 'his', ""father's"", 'help', 'in', 'taking', 'down', 'the', 'local', 'hot', 'shot', 'Action']"
62837,Dolphin Tale,CharlesMartinSmith,http://dolphintalemovie.warnerbros.com/index.html,"['A', 'story', 'centered', 'on', 'the', 'friendship', 'between', 'a', 'boy', 'and', 'a', 'dolphin', 'whose', 'tail', 'was', 'lost', 'in', 'a', 'crab', 'trap.', 'Drama', 'Family']"
57353,Cat Run,JohnStockwell,http://www.catrunmovie.com/,"['When', 'a', 'sexy,', 'high-end', 'escort', 'holds', 'the', 'key', 'evidence', 'to', 'a', 'scandalous', 'government', 'cover-up,', 'two', 'bumbling', 'young', 'detectives', 'become', 'her', 'unlikely', 'protectors', 'from', 'a', 'ruthless', 'assassin', 'hired', 'to', 'silence', 'her.', 'Action', 'Comedy', 'Thriller']"
52520,Underworld: Awakening,MånsMårlind,http://www.entertheunderworld.com/,"['After', 'being', 'held', 'in', 'a', 'coma-like', 'state', 'for', 'fifteen', 'years,', 'vampire', 'Selene', 'learns', 'that', 'she', 'has', 'a', 'fourteen-year-old', 'vampire/Lycan', 'hybrid', 'daughter', 'named', 'Nissa,', 'and', 'when', 'she', 'finds', 'her,', 'they', 'must', 'stop', 'BioCom', 'from', 'creating', 'super', 'Lycans', 'that', 'will', 'kill', 'them', 'all.', 'Fantasy', 'Action', 'Horror']"
58704,The Wonderful World of Puss 'n Boots,KimioYabuki,http://corp.toei-anim.co.jp/english/film/pussn_boots.php,"['His', 'goal', 'is', 'to', 'help', 'the', 'weak', 'and', 'defenseless,', 'but', 'his', 'saving', 'a', 'mouse', 'makes', 'him', 'the', 'most', 'wanted', 'in', 'all', 'the', 'land.', 'On', 'the', 'run', 'from', 'incessant,', 'dim-witted', 'mice,', 'Perro', 'befriends', 'a', 'young', ""miller's"", 'boy,', 'Pierre;', 'together,', 'they', 'decide', 'to', 'seek', 'fame', 'and', 'fortune.', 'When', 'they', 'cross', 'paths', 'with', 'the', 'lovely', 'Princess', 'Rosa,', 'Perro', 'determines', 'to', 'get', 'Pierre', 'hitched', 'to', 'Her', 'Royal', 'Highness.', 'Family', 'Action', 'Adventure', 'Comedy', 'Animation']"
50698,Grave Encounters,ColinMinihan,http://www.grave-encounters.tv/,"['A', 'crew', 'from', 'a', 'paranormal', 'reality', 'television', 'show', 'lock', 'themselves', 'in', 'a', 'haunted', 'psychiatric', 'hospital.', 'They', 'search', 'for', 'evidence', 'of', 'paranormal', 'activity', 'as', 'they', 'shoot', 'what', 'ends', 'up', 'becoming', 'their', 'final', 'episode.', 'Thriller', 'Horror']"
65086,The Woman in Black,JamesWatkins,http://womaninblack.com/,"['The', 'story', 'follows', 'a', 'young', 'lawyer,', 'Arthur', 'Kipps,', 'who', 'is', 'ordered', 'to', 'travel', 'to', 'a', 'remote', 'village', 'and', 'sort', 'out', 'a', 'recently', 'deceased', 'client’s', 'papers.', 'As', 'he', 'works', 'alone', 'in', 'the', 'client’s', 'isolated', 'house,', 'Kipps', 'begins', 'to', 'uncover', 'tragic', 'secrets,', 'his', 'unease', 'growing', 'when', 'he', 'glimpses', 'a', 'mysterious', 'woman', 'dressed', 'only', 'in', 'black.', 'Receiving', 'only', 'silence', 'from', 'the', 'locals,', 'Kipps', 'is', 'forced', 'to', 'uncover', 'the', 'true', 'identity', 'of', 'the', 'Woman', 'in', 'Black', 'on', 'his', 'own,', 'leading', 'to', 'a', 'desperate', 'race', 'against', 'time', 'when', 'he', 'discovers', 'her', 'true', 'identity.', 'Drama', 'Horror', 'Thriller']"
72545,Journey 2: The Mysterious Island,BradPeyton,http://www.themysteriousisland.com/,"['Sean', 'Anderson', 'partners', 'with', 'his', ""mom's"", 'boyfriend', 'on', 'a', 'mission', 'to', 'find', 'his', 'grandfather,', 'who', 'is', 'thought', 'to', 'be', 'missing', 'on', 'a', 'mythical', 'island.', 'Adventure', 'Action', 'ScienceFiction']"
53174,Kokowaah,TilSchweiger,http://wwws.warnerbros.de/kokowaa/,"['Henry', 'is', 'a', 'playboy', 'who', 'has', 'no', 'idea', 'that', 'he', 'is', 'the', 'father', 'of', 'a', 'beautiful,', 'cute', 'girl', 'out', 'of', 'a', 'One-night-Stand.', 'Her', 'mother', 'left', 'the', 'daughter', 'in', 'front', 'of', 'Henry', 'door', 'after', 'her', 'husband', 'realized', 'after', '8', 'years', 'of', 'marriage', 'that', 'he', 'is', 'not', 'the', 'father', 'so', 'their', 'relationship', 'now', 'is', 'breaking', 'up...', 'By', 'the', 'way:', 'Kokowääh,', 'is', 'how', 'a', 'German', '(in', 'this', 'case', 'an', '8', 'Year', 'old', 'child)', 'that', 'has', 'never', 'heard', 'the', 'dish', 'before', '-', 'would', 'pronounce', '""Coq', 'Au', 'Vin""', '(chicken', 'in', 'a', 'wine', 'sauce).', 'Comedy']"
29564,Smokin' Aces 2: Assassins' Ball,P.J.Pesce,http://www.universalstudiosentertainment.com/smokin-aces-2-assassins-ball/,"['Walter', 'Weed', 'is', 'an', 'unassuming', 'desk', 'jockey', 'at', 'the', 'FBI', 'when', 'the', 'Bureau', 'uncovers', 'a', 'plot', 'to', 'assassinate', 'him.', 'A', 'team', 'of', 'degenerate,', 'psychotic', 'assassins', 'dispatched', 'by', 'mystery', 'man', 'Hal', 'Leuco', 'to', 'win', 'a', 'huge', 'bounty', 'includes', 'a', 'resourceful', 'beauty', 'who', 'has', 'a', 'unique', 'method', 'of', 'killing', 'her', 'prey,', 'a', 'power-tool', 'wielding', 'psychopath', 'and', 'a', 'deadly', 'master', 'of', 'disguise.', 'Action', 'Comedy', 'Crime', 'Thriller']"
71676,Ghost Rider: Spirit of Vengeance,BrianTaylor,http://www.thespiritofvengeance.com/,"['When', 'the', 'devil', 'resurfaces', 'with', 'aims', 'to', 'take', 'over', 'the', 'world', 'in', 'human', 'form,', 'Johnny', 'Blaze', 'reluctantly', 'comes', 'out', 'of', 'hiding', 'to', 'transform', 'into', 'the', 'flame-spewing', 'supernatural', 'hero', 'Ghost', 'Rider', '--', 'and', 'rescue', 'a', '10-year-old', 'boy', 'from', 'an', 'unsavory', 'end.', 'Action', 'Fantasy', 'Thriller']"
52454,Mega Shark vs. Crocosaurus,ChristopherRay,http://www.theasylum.cc/product.php?id=180,"['When', 'the', 'prehistoric', 'warm-water', 'beast', 'the', 'Crocosaurus', 'crosses', 'paths', 'with', 'that', 'cold-water', 'monster', 'the', 'Mega', 'Shark,', 'all', 'hell', 'breaks', 'loose', 'in', 'the', 'oceans', 'as', 'the', ""world's"", 'top', 'scientists', 'explore', 'every', 'option', 'to', 'halt', 'the', 'aquatic', 'frenzy.', 'Swallowing', 'everything', 'in', 'their', 'paths', '--', 'including', 'a', 'submarine', 'or', 'two', '--', 'Croc', 'and', 'Mega', 'lead', 'an', 'explorer', 'and', 'an', 'oceanographer', 'on', 'a', 'wild', 'chase.', 'Eventually,', 'the', 'desperate', 'men', 'turn', 'to', 'a', 'volcano', 'for', 'aid.', 'Action', 'Horror', 'ScienceFiction']"
74387,Goon,MichaelDowse,http://www.goonfilm.com/,"['Doug', 'Glatt,', 'a', 'slacker', 'who', 'discovers', 'he', 'has', 'a', 'talent', 'for', 'brawling', 'is', 'approached', 'by', 'a', 'minor', 'league', 'hockey', 'coach', 'and', 'invited', 'to', 'join', 'the', 'team', 'as', 'the', '""muscle.""', 'Despite', 'the', 'fact', 'that', 'Glatt', ""can't"", 'skate', 'his', 'best', 'friend,', 'Pat,', 'convinces', 'him', 'to', 'give', 'it', 'a', 'shot,', 'and', 'Glatt', 'becomes', 'a', 'hero', 'to', 'the', 'team', 'and', 'their', 'fans,', 'until', 'the', ""league's"", 'reigning', 'goon', 'becomes', 'threatened', 'by', ""Glatt's"", 'success', 'and', 'decides', 'to', 'even', 'the', 'score.', 'Comedy']"
64688,21 Jump Street,PhilLord,http://www.21jumpstreet-movie.com/,"['In', 'high', 'school,', 'Schmidt', 'was', 'a', 'dork', 'and', 'Jenko', 'was', 'the', 'popular', 'jock.', 'After', 'graduation,', 'both', 'of', 'them', 'joined', 'the', 'police', 'force', 'and', 'ended', 'up', 'as', 'partners', 'riding', 'bicycles', 'in', 'the', 'city', 'park.', 'Since', 'they', 'are', 'young', 'and', 'look', 'like', 'high', 'school', 'students,', 'they', 'are', 'assigned', 'to', 'an', 'undercover', 'unit', 'to', 'infiltrate', 'a', 'drug', 'ring', 'that', 'is', 'supplying', 'high', 'school', 'students', 'synthetic', 'drugs.', 'Action', 'Comedy', 'Crime']"
35435,Eden of the East Movie I: The King of Eden,KenjiKamiyama,http://juiz.jp/special/,"['Takizawa', 'prevented', ""Japan's"", 'destruction', '-', 'and', 'then', 'he', 'vanished.', 'Six', 'months', 'later,', 'clues', 'lead', 'Saki', 'to', 'the', 'Big', 'Apple', 'in', 'search', 'of', 'her', 'missing', 'friend.', 'Meanwhile,', 'the', 'remaining', 'Selecao', 'are', 'plotting', 'their', 'final', 'move.', 'Some', 'of', 'them', 'would', 'prefer', 'Takizawa', 'dead', 'and', 'out', 'of', 'the', 'way.', 'Some', 'might', 'even', 'be', 'willing', 'to', 'help', 'him', 'achieve', 'his', 'goals.', 'Unfortunately,', 'some', 'are', 'prepared', 'to', 'destroy', 'everything', 'if', 'it', 'means', 'claiming', 'checkmate', 'in', 'Mr.', ""Outside's"", 'puzzling', 'game.', 'Animation', 'Drama', 'Mystery', 'ScienceFiction']"
44734,Eden of the East Movie II: Paradise Lost,KenjiKamiyama,http://juiz.jp/special/,"['Accused', 'of', 'terrorism', 'and', 'feeling', 'the', 'heat,', ""Saki's"", 'high-tech', 'crew', 'is', 'in', 'the', 'crosshairs.', 'Meanwhile,', 'the', 'shroud', 'of', 'mystery', 'covering', 'Takizawa', 'is', 'lifted', 'as', 'he', 'and', 'his', 'fellow', 'Selecao', 'make', 'their', 'final', 'moves.', 'Every', 'game', 'must', 'come', 'to', 'an', 'end.', 'For', 'those', 'playing', 'Mr.', ""Outside's"", 'twisted', 'game', 'of', 'conspiracy', 'thrills,', 'the', 'end', 'comes', 'now.', 'Animation', 'Mystery']"
57165,Wrath of the Titans,JonathanLiebesman,http://www.wrathofthetitansmovie.org,"['A', 'decade', 'after', 'his', 'heroic', 'defeat', 'of', 'the', 'monstrous', 'Kraken,', 'Perseus-the', 'demigod', 'son', 'of', 'Zeus-is', 'attempting', 'to', 'live', 'a', 'quieter', 'life', 'as', 'a', 'village', 'fisherman', 'and', 'the', 'sole', 'parent', 'to', 'his', '10-year', 'old', 'son,', 'Helius.', 'Meanwhile,', 'a', 'struggle', 'for', 'supremacy', 'rages', 'between', 'the', 'gods', 'and', 'the', 'Titans.', 'Dangerously', 'weakened', 'by', ""humanity's"", 'lack', 'of', 'devotion,', 'the', 'gods', 'are', 'losing', 'control', 'of', 'the', 'imprisoned', 'Titans', 'and', 'their', 'ferocious', 'leader,', 'Kronos,', 'father', 'of', 'the', 'long-ruling', 'brothers', 'Zeus,', 'Hades', 'and', 'Poseidon.', 'Adventure']"
10679,Iron Sky,TimoVuorensola,http://www.ironsky.net/,"['In', 'the', 'last', 'moments', 'of', 'World', 'War', 'II,', 'a', 'secret', 'Nazi', 'space', 'program', 'evaded', 'destruction', 'by', 'fleeing', 'to', 'the', 'Dark', 'Side', 'of', 'the', 'Moon.', 'During', '70', 'years', 'of', 'utter', 'secrecy,', 'the', 'Nazis', 'construct', 'a', 'gigantic', 'space', 'fortress', 'with', 'a', 'massive', 'armada', 'of', 'flying', 'saucers.', 'Action', 'Comedy', 'ScienceFiction']"
71552,American Reunion,JonHurwitz,http://www.americanreunionmovie.com/,"['The', 'characters', 'we', 'met', 'a', 'little', 'more', 'than', 'a', 'decade', 'ago', 'are', 'returning', 'to', 'East', 'Great', 'Falls', 'for', 'their', 'high-school', 'reunion.', 'In', 'one', 'long-overdue', 'weekend,', 'they', 'will', 'discover', 'what', 'has', 'changed,', 'who', 'hasn’t', 'and', 'that', 'time', 'and', 'distance', 'can’t', 'break', 'the', 'bonds', 'of', 'friendship.', 'It', 'was', 'summer', '1999', 'when', 'four', 'small-town', 'Michigan', 'boys', 'began', 'a', 'quest', 'to', 'lose', 'their', 'virginity.', 'In', 'the', 'years', 'that', 'have', 'passed,', 'Jim', 'and', 'Michelle', 'married', 'while', 'Kevin', 'and', 'Vicky', 'said', 'goodbye.', 'Oz', 'and', 'Heather', 'grew', 'apart,', 'but', 'Finch', 'still', 'longs', 'for', 'Stifler’s', 'mom.', 'Now', 'these', 'lifelong', 'friends', 'have', 'come', 'home', 'as', 'adults', 'to', 'reminisce', 'about', '–', 'and', 'get', 'inspired', 'by', '–', 'the', 'hormonal', 'teens', 'who', 'launched', 'a', 'comedy', 'legend.', 'Comedy']"
94329,The Raid,GarethEvans,http://www.sonyclassics.com/theraid/,"['Deep', 'in', 'the', 'heart', 'of', ""Jakarta's"", 'slums', 'lies', 'an', 'impenetrable', 'safe', 'house', 'for', 'the', ""world's"", 'most', 'dangerous', 'killers', 'and', 'gangsters.', 'Until', 'now,', 'the', 'run-down', 'apartment', 'block', 'has', 'been', 'considered', 'untouchable', 'to', 'even', 'the', 'bravest', 'of', 'police.', 'Cloaked', 'under', 'the', 'cover', 'of', 'pre-dawn', 'darkness', 'and', 'silence,', 'an', 'elite', 'swat', 'team', 'is', 'tasked', 'with', 'raiding', 'the', 'safe', 'house', 'in', 'order', 'to', 'take', 'down', 'the', 'notorious', 'drug', 'lord', 'that', 'runs', 'it.', 'But', 'when', 'a', 'chance', 'encounter', 'with', 'a', 'spotter', 'blows', 'their', 'cover', 'and', 'news', 'of', 'their', 'assault', 'reaches', 'the', 'drug', 'lord,', 'the', ""building's"", 'lights', 'are', 'cut', 'and', 'all', 'the', 'exits', 'blocked.', 'Stranded', 'on', 'the', 'sixth', 'floor', 'with', 'no', 'way', 'out,', 'the', 'unit', 'must', 'fight', 'their', 'way', 'through', 'the', ""city's"", 'worst', 'to', 'survive', 'their', 'mission.', 'Starring', 'Indonesian', 'martial', 'arts', 'sensation', 'Iko', 'Uwais.', 'Action', 'Thriller', 'Crime']"
74534,The Best Exotic Marigold Hotel,JohnMadden,http://www.foxsearchlight.com/thebestexoticmarigoldhotel/,"['British', 'retirees', 'travel', 'to', 'India', 'to', 'take', 'up', 'residence', 'in', 'what', 'they', 'believe', 'is', 'a', 'newly', 'restored', 'hotel.', 'Less', 'luxurious', 'than', 'its', 'advertisements,', 'the', 'Marigold', 'Hotel', 'nevertheless', 'slowly', 'begins', 'to', 'charm', 'in', 'unexpected', 'ways', 'as', 'the', 'residents', 'find', 'new', 'purpose', 'in', 'their', 'old', 'age.', 'Drama', 'Comedy']"
61410,Spud,DonovanMarsh,http://spudthemovie.com/,"[""It's"", 'South', 'Africa', '1990.', 'Two', 'major', 'events', 'are', 'about', 'to', 'happen:', 'The', 'release', 'of', 'Nelson', 'Mandela', 'and,', 'more', 'importantly,', ""it's"", 'Spud', ""Milton's"", 'first', 'year', 'at', 'an', 'elite', 'boys', 'only', 'private', 'boarding', 'school.', 'John', 'Milton', 'is', 'a', 'boy', 'from', 'an', 'ordinary', 'background', 'who', 'wins', 'a', 'scholarship', 'to', 'a', 'private', 'school', 'in', 'Kwazulu-Natal,', 'South', 'Africa.', 'Surrounded', 'by', 'boys', 'with', 'nicknames', 'like', 'Gecko,', 'Rambo,', 'Rain', 'Man', 'and', 'Mad', 'Dog,', 'Spud', 'has', 'his', 'hands', 'full', 'trying', 'to', 'adapt', 'to', 'his', 'new', 'home.', 'Along', 'the', 'way', 'Spud', 'takes', 'his', 'first', 'tentative', 'steps', 'along', 'the', 'path', 'to', 'manhood.', '(The', 'path', 'it', 'seems', 'could', 'be', 'a', 'rather', 'long', 'road).', 'Spud', 'is', 'an', 'only', 'child.', 'He', 'is', 'cursed', 'with', 'parents', 'from', 'well', 'beyond', 'the', 'lunatic', 'fringe', 'and', 'a', 'senile', 'granny.', 'His', 'dad', 'is', 'a', 'fervent', 'anti-communist', 'who', 'is', 'paranoid', 'that', 'the', 'family', 'domestic', 'worker', 'is', 'running', 'a', 'shebeen', 'from', 'her', 'room', 'at', 'the', 'back', 'of', 'the', 'family', 'home.', 'His', 'mom', 'is', 'a', 'free', 'spirit', 'and', 'a', ""teenager's"", 'worst', 'nightmare,', 'whether', ""it's"", 'shopping', 'for', ""Spud's"", 'underwear', 'in', 'the', 'local', 'supermarket', 'Comedy', 'Drama']"
67660,Think Like a Man,TimStory,http://www.sonypictures.com/movies/thinklikeaman/,"['The', 'balance', 'of', 'power', 'in', 'four', 'couples’', 'relationships', 'is', 'upset', 'when', 'the', 'women', 'start', 'using', 'the', 'advice', 'in', 'Steve', 'Harvey’s', 'book,', 'Act', 'Like', 'A', 'Lady,', 'Think', 'Like', 'A', 'Man,', 'to', 'get', 'more', 'of', 'what', 'they', 'want', 'from', 'their', 'men.', 'When', 'the', 'men', 'realize', 'that', 'the', 'women', 'have', 'gotten', 'a', 'hold', 'of', 'their', 'relationship', '“playbook,”', 'they', 'decide', 'that', 'the', 'best', 'defense', 'is', 'a', 'good', 'offense', 'and', 'come', 'up', 'with', 'a', 'plan', 'to', 'use', 'this', 'information', 'to', 'their', 'advantage.', 'Comedy', 'Romance']"
13486,The Scorpion King: Rise of a Warrior,RussellMulcahy,http://www.ign.com/scorpionking/,"['The', 'heroic', 'tale', 'of', 'young', 'Mathayus', 'and', 'his', 'relentless', 'quest', 'for', 'justice', 'against', 'an', 'evil', 'and', 'powerful', 'villain,', 'King', 'Sargon.', 'Mathayus', 'faces', 'heart-stopping', 'tribulations', 'during', 'his', 'adventurous,', 'odds-defying', 'trajectory', 'toward', 'his', 'ultimate', 'destiny:', 'becoming', 'the', 'formidable', 'warrior', 'king', 'of', 'an', 'ancient', 'desert', 'empire.', 'Fantasy', 'Action', 'Adventure']"
84177,Big Boys Gone Bananas!*,FredrikGertten,http://www.bigboysgonebananas.com/,"['Dole', 'Food', 'Company', 'wages', 'a', 'campaign', 'to', 'prevent', 'a', 'pair', 'of', 'Swedish', 'filmmakers', 'from', 'showing', 'their', 'documentary', 'about', 'a', 'lawsuit', 'against', 'the', 'company.', 'Documentary']"
61979,Three Steps Above Heaven,FernandoGonzálezMolina,http://www.3msc.es,"['Story', 'of', 'two', 'young', 'people', 'who', 'belong', 'to', 'different', 'worlds.', 'It', 'is', 'the', 'chronicle', 'of', 'a', 'love', 'improbable,', 'almost', 'impossible', 'but', 'inevitable', 'dragging', 'in', 'a', 'frantic', 'journey', 'they', 'discover', 'the', 'first', 'great', 'love.', 'Babi', '(Maria', 'Valverde)', 'is', 'a', 'girl', 'from', 'upper-middle', 'class', 'that', 'is', 'educated', 'in', 'goodness', 'and', 'innocence', '.', 'Hache', '(Mario', 'Casas)', 'is', 'a', 'rebellious', 'boy,', 'impulsive,', 'unconscious,', 'has', 'a', 'appetite', 'for', 'risk', 'and', 'danger', 'embodied', 'in', 'endless', 'fights', 'and', 'illegal', 'motorbike', 'races,', 'the', 'limit', 'of', 'common', 'sense', 'Romance', 'Drama']"
41154,Men in Black 3,BarrySonnenfeld,http://www.sonypictures.com/movies/meninblack3/,"['Agents', 'J', '(Will', 'Smith)', 'and', 'K', '(Tommy', 'Lee', 'Jones)', 'are', 'back...in', 'time.', 'J', 'has', 'seen', 'some', 'inexplicable', 'things', 'in', 'his', '15', 'years', 'with', 'the', 'Men', 'in', 'Black,', 'but', 'nothing,', 'not', 'even', 'aliens,', 'perplexes', 'him', 'as', 'much', 'as', 'his', 'wry,', 'reticent', 'partner.', 'But', 'when', ""K's"", 'life', 'and', 'the', 'fate', 'of', 'the', 'planet', 'are', 'put', 'at', 'stake,', 'Agent', 'J', 'will', 'have', 'to', 'travel', 'back', 'in', 'time', 'to', 'put', 'things', 'right.', 'J', 'discovers', 'that', 'there', 'are', 'secrets', 'to', 'the', 'universe', 'that', 'K', 'never', 'told', 'him', '-', 'secrets', 'that', 'will', 'reveal', 'themselves', 'as', 'he', 'teams', 'up', 'with', 'the', 'young', 'Agent', 'K', '(Josh', 'Brolin)', 'to', 'save', 'his', 'partner,', 'the', 'agency,', 'and', 'the', 'future', 'of', 'humankind.', 'Action', 'Comedy', 'ScienceFiction']"
58595,Snow White and the Huntsman,RupertSanders,http://www.snowwhiteandthehuntsman.com/,"['After', 'the', 'Evil', 'Queen', 'marries', 'the', 'King,', 'she', 'performs', 'a', 'violent', 'coup', 'in', 'which', 'the', 'King', 'is', 'murdered', 'and', 'his', 'daughter,', 'Snow', 'White,', 'is', 'taken', 'captive.', 'Almost', 'a', 'decade', 'later,', 'a', 'grown', 'Snow', 'White', 'is', 'still', 'in', 'the', 'clutches', 'of', 'the', 'Queen.', 'In', 'order', 'to', 'obtain', 'immortality,', 'The', 'Evil', 'Queen', 'needs', 'the', 'heart', 'of', 'Snow', 'White.', 'After', 'Snow', 'escapes', 'the', 'castle,', 'the', 'Queen', 'sends', 'the', 'Huntsman', 'to', 'find', 'her', 'in', 'the', 'Dark', 'Forest.', 'Adventure', 'Fantasy', 'Drama']"
70981,Prometheus,RidleyScott,http://www.projectprometheus.com/,"['A', 'team', 'of', 'explorers', 'discover', 'a', 'clue', 'to', 'the', 'origins', 'of', 'mankind', 'on', 'Earth,', 'leading', 'them', 'on', 'a', 'journey', 'to', 'the', 'darkest', 'corners', 'of', 'the', 'universe.', 'There,', 'they', 'must', 'fight', 'a', 'terrifying', 'battle', 'to', 'save', 'the', 'future', 'of', 'the', 'human', 'race.', 'ScienceFiction', 'Adventure', 'Mystery']"
22855,Superman/Batman: Public Enemies,SamLiu,http://www.warnervideo.com/supermanbatmandvd/,"['United', 'States', 'President', 'Lex', 'Luthor', 'uses', 'the', 'oncoming', 'trajectory', 'of', 'a', 'Kryptonite', 'meteor', 'to', 'frame', 'Superman', 'and', 'declare', 'a', '$1', 'billion', 'bounty', 'on', 'the', 'heads', 'of', 'the', 'Man', 'of', 'Steel', 'and', 'his', '‘partner', 'in', 'crime’,', 'Batman.', 'Heroes', 'and', 'villains', 'alike', 'launch', 'a', 'relentless', 'pursuit', 'of', 'Superman', 'and', 'Batman,', 'who', 'must', 'unite—and', 'recruit', 'help—to', 'try', 'and', 'stave', 'off', 'the', 'action-packed', 'onslaught,', 'stop', 'the', 'meteor', 'Luthors', 'plot.', 'Animation', 'Action', 'Adventure']"
72105,Ted,SethMacFarlane,http://www.tedisreal.com/,"['John', 'Bennett,', 'a', 'man', 'whose', 'childhood', 'wish', 'of', 'bringing', 'his', 'teddy', 'bear', 'to', 'life', 'came', 'true,', 'now', 'must', 'decide', 'between', 'keeping', 'the', 'relationship', 'with', 'the', 'bear', 'or', 'his', 'girlfriend,', 'Lori.', 'Comedy', 'Fantasy']"
77930,Magic Mike,StevenSoderbergh,http://magicmikemovie.warnerbros.com,"['Mike,', 'an', 'experienced', 'stripper,', 'takes', 'a', 'younger', 'performer', 'called', 'The', 'Kid', 'under', 'his', 'wing', 'and', 'schools', 'him', 'in', 'the', 'arts', 'of', 'partying,', 'picking', 'up', 'women,', 'and', 'making', 'easy', 'money.', 'Drama', 'Comedy']"
1930,The Amazing Spider-Man,MarcWebb,http://www.theamazingspiderman.com,"['Peter', 'Parker', 'is', 'an', 'outcast', 'high', 'schooler', 'abandoned', 'by', 'his', 'parents', 'as', 'a', 'boy,', 'leaving', 'him', 'to', 'be', 'raised', 'by', 'his', 'Uncle', 'Ben', 'and', 'Aunt', 'May.', 'Like', 'most', 'teenagers,', 'Peter', 'is', 'trying', 'to', 'figure', 'out', 'who', 'he', 'is', 'and', 'how', 'he', 'got', 'to', 'be', 'the', 'person', 'he', 'is', 'today.', 'As', 'Peter', 'discovers', 'a', 'mysterious', 'briefcase', 'that', 'belonged', 'to', 'his', 'father,', 'he', 'begins', 'a', 'quest', 'to', 'understand', 'his', ""parents'"", 'disappearance', '–', 'leading', 'him', 'directly', 'to', 'Oscorp', 'and', 'the', 'lab', 'of', 'Dr.', 'Curt', 'Connors,', 'his', ""father's"", 'former', 'partner.', 'As', 'Spider-Man', 'is', 'set', 'on', 'a', 'collision', 'course', 'with', ""Connors'"", 'alter', 'ego,', 'The', 'Lizard,', 'Peter', 'will', 'make', 'life-altering', 'choices', 'to', 'use', 'his', 'powers', 'and', 'shape', 'his', 'destiny', 'to', 'become', 'a', 'hero.', 'Action', 'Adventure', 'Fantasy']"
57800,Ice Age: Continental Drift,SteveMartino,http://www.iceagemovies.com/films/ice-age-continental-drift,"['Manny,', 'Diego,', 'and', 'Sid', 'embark', 'upon', 'another', 'adventure', 'after', 'their', 'continent', 'is', 'set', 'adrift.', 'Using', 'an', 'iceberg', 'as', 'a', 'ship,', 'they', 'encounter', 'sea', 'creatures', 'and', 'battle', 'pirates', 'as', 'they', 'explore', 'a', 'new', 'world.', 'Animation', 'Comedy', 'Adventure', 'Family']"
37724,Skyfall,SamMendes,http://www.skyfall-movie.com,"['When', ""Bond's"", 'latest', 'assignment', 'goes', 'gravely', 'wrong', 'and', 'agents', 'around', 'the', 'world', 'are', 'exposed,', 'MI6', 'is', 'attacked', 'forcing', 'M', 'to', 'relocate', 'the', 'agency.', 'These', 'events', 'cause', 'her', 'authority', 'and', 'position', 'to', 'be', 'challenged', 'by', 'Gareth', 'Mallory,', 'the', 'new', 'Chairman', 'of', 'the', 'Intelligence', 'and', 'Security', 'Committee.', 'With', 'MI6', 'now', 'compromised', 'from', 'both', 'inside', 'and', 'out,', 'M', 'is', 'left', 'with', 'one', 'ally', 'she', 'can', 'trust:', 'Bond.', '007', 'takes', 'to', 'the', 'shadows', '-', 'aided', 'only', 'by', 'field', 'agent,', 'Eve', '-', 'following', 'a', 'trail', 'to', 'the', 'mysterious', 'Silva,', 'whose', 'lethal', 'and', 'hidden', 'motives', 'have', 'yet', 'to', 'reveal', 'themselves.', 'Action', 'Adventure', 'Thriller']"
14128,Cinderella II: Dreams Come True,JohnKafka,http://movies.disney.com/cinderella-2-dreams-come-true,"['As', 'a', 'newly', 'crowned', 'princess,', 'Cinderella', 'quickly', 'learns', 'that', 'life', 'at', 'the', 'Palace', '-', 'and', 'her', 'royal', 'responsibilities', '-', 'are', 'more', 'challenging', 'than', 'she', 'had', 'imagined.', 'In', 'three', 'heartwarming', 'tales,', 'Cinderella', 'calls', 'on', 'her', 'animal', 'friends', 'and', 'her', 'Fairy', 'Godmother', 'to', 'help', 'as', 'she', 'brings', 'her', 'own', 'grace', 'and', 'charm', 'to', 'her', 'regal', 'role', 'and', 'discovers', 'that', 'being', 'true', 'to', 'yourself', 'is', 'the', 'best', 'way', 'to', 'make', 'your', 'dreams', 'come', 'true.', 'Family', 'Animation', 'Romance', 'Fantasy']"
71668,Piranha 3DD,JohnGulager,http://piranha-3d.com/,"['After', 'the', 'events', 'at', 'Lake', 'Victoria,', 'the', 'prehistoric', 'school', 'of', 'blood-thirsty', 'piranhas', 'make', 'their', 'way', 'into', 'swimming', 'pools,', 'plumbing,', 'and', 'a', 'newly', 'opened', 'water', 'park.', 'Horror', 'Thriller', 'Comedy']"
83660,Paradise Lost 3: Purgatory,JoeBerlinger,http://paradiselost3themovie.com/,"['A', 'further', 'investigation', 'into', 'the', 'arrest', 'of', 'three', 'teenagers', 'convicted', 'of', 'killing', 'three', 'young', 'boys', 'in', 'Arkansas', 'who', 'spent', 'nearly', '20', 'years', 'in', 'prison', 'before', 'being', 'released', 'after', 'new', 'DNA', 'evidence', 'indicated', 'they', 'may', 'be', 'innocent.', 'Documentary']"
114150,Pitch Perfect,JasonMoore,http://www.pitchperfectmovie.com/,"['College', 'student', 'Beca', 'knows', 'she', 'does', 'not', 'want', 'to', 'be', 'part', 'of', 'a', 'clique,', 'but', ""that's"", 'exactly', 'where', 'she', 'finds', 'herself', 'after', 'arriving', 'at', 'her', 'new', 'school.', 'Thrust', 'in', 'among', 'mean', 'gals,', 'nice', 'gals', 'and', 'just', 'plain', 'weird', 'gals,', 'Beca', 'finds', 'that', 'the', 'only', 'thing', 'they', 'have', 'in', 'common', 'is', 'how', 'well', 'they', 'sing', 'together.', 'She', 'takes', 'the', 'women', 'of', 'the', 'group', 'out', 'of', 'their', 'comfort', 'zone', 'of', 'traditional', 'arrangements', 'and', 'into', 'a', 'world', 'of', 'amazing', 'harmonic', 'combinations', 'in', 'a', 'fight', 'to', 'the', 'top', 'of', 'college', 'music', 'competitions.', 'Comedy', 'Music', 'Romance']"
71679,Resident Evil: Retribution,PaulW.S.Anderson,http://www.residentevil-movie.com/site/,"['The', 'Umbrella', 'Corporation’s', 'deadly', 'T-virus', 'continues', 'to', 'ravage', 'the', 'Earth,', 'transforming', 'the', 'global', 'population', 'into', 'legions', 'of', 'the', 'flesh', 'eating', 'Undead.', 'The', 'human', 'race’s', 'last', 'and', 'only', 'hope,', 'Alice,', 'awakens', 'in', 'the', 'heart', 'of', 'Umbrella’s', 'most', 'clandestine', 'operations', 'facility', 'and', 'unveils', 'more', 'of', 'her', 'mysterious', 'past', 'as', 'she', 'delves', 'further', 'into', 'the', 'complex.', 'Without', 'a', 'safe', 'haven,', 'Alice', 'continues', 'to', 'hunt', 'those', 'responsible', 'for', 'the', 'outbreak;', 'a', 'chase', 'that', 'takes', 'her', 'from', 'Tokyo', 'to', 'New', 'York,', 'Washington,', 'D.C.', 'and', 'Moscow,', 'culminating', 'in', 'a', 'mind-blowing', 'revelation', 'that', 'will', 'force', 'her', 'to', 'rethink', 'everything', 'that', 'she', 'once', 'thought', 'to', 'be', 'true.', 'Aided', 'by', 'new', 'found', 'allies', 'and', 'familiar', 'friends,', 'Alice', 'must', 'fight', 'to', 'survive', 'long', 'enough', 'to', 'escape', 'a', 'hostile', 'world', 'on', 'the', 'brink', 'of', 'oblivion.', 'The', 'countdown', 'has', 'begun.', 'Action', 'Horror', 'ScienceFiction']"
55723,ChromeSkull: Laid to Rest 2,RobertHall,http://www.myspace.com/chromeskull,"['""ChromeSkull""', 'is', 'the', 'sequel', 'to', 'the', '2009', 'horror', 'hit', '""Laid', 'to', 'Rest.""', 'It', 'brings', 'back', 'ChromeSkull,', 'who', 'barely', 'escaped', 'death', 'in', 'the', 'first', 'movie', 'and', 'is', 'hell-bent', 'on', 'continuing', 'where', 'he', 'left', 'off...', 'and', 'forging', 'a', 'new', 'path', 'of', 'terror', 'and', 'destruction.', 'Horror']"
84348,V/H/S,JoeSwanberg,http://www.magnetreleasing.com/vhs/,"['When', 'a', 'group', 'of', 'misfits', 'is', 'hired', 'by', 'an', 'unknown', 'third', 'party', 'to', 'burglarize', 'a', 'desolate', 'house', 'and', 'acquire', 'a', 'rare', 'VHS', 'tape,', 'they', 'discover', 'more', 'found', 'footage', 'than', 'they', 'bargained', 'for.', 'Thriller', 'Horror']"
17165,Bleach the Movie: Fade to Black,NoriyukiAbe,http://www.bleach-movie.com/,"['A', 'mysterious', 'reiatsu', '(spiritual', 'particle)', 'explosion', 'occurs', 'in', 'the', 'center', 'of', 'Seireitei', 'in', 'Soul', 'Society,', 'causing', 'it', 'to', 'be', 'destroyed.', 'At', 'the', 'exact', 'same', 'time,', 'a', 'major', 'change', 'overwhelms', 'Kuchiki', 'Rukia,', 'which', 'leaves', 'her', 'losing', 'something', 'important', 'inside.', 'Urahara', 'Kisuke', 'sends', 'Kurosaki', 'Ichigo', 'to', 'Soul', 'Society', 'to', 'investigate', 'the', 'disturbance.', 'Upon', 'reaching', 'Seireitei,', 'Ichigo', 'is', 'attacked', 'by', 'his', 'ally', 'shinigamis', 'Action', 'Animation', 'Adventure']"
77269,Urbanized,GaryHustwit,http://urbanizedfilm.com/,"['A', 'documentary', 'about', 'the', 'design', 'of', 'cities,', 'which', 'looks', 'at', 'the', 'issues', 'and', 'strategies', 'behind', 'urban', 'design', 'and', 'features', 'some', 'of', 'the', ""world's"", 'foremost', 'architects,', 'planners,', 'policymakers,', 'builders,', 'and', 'thinkers.', 'Documentary']"
76492,Hotel Transylvania,GenndyTartakovsky,http://www.welcometohotelt.com,"['Dracula,', 'who', 'operates', 'a', 'high-end', 'resort', 'away', 'from', 'the', 'human', 'world,', 'goes', 'into', 'overprotective', 'mode', 'when', 'a', 'boy', 'discovers', 'the', 'resort', 'and', 'falls', 'for', 'the', ""count's"", 'teen-aged', 'daughter.', 'Animation', 'Comedy', 'Family', 'Fantasy']"
40709,We Are From The Future,AndreyMalyukov,http://m-i-b.ru/,"['Four', '21st', 'century', 'treasure', 'seekers', 'are', 'transported', 'back', 'into', 'the', 'middle', 'of', 'a', 'WWII', 'battles', 'in', 'Soviet', 'Union...', 'War', 'Fantasy', 'Action', 'Drama']"
134371,Atlas Shrugged Part II,JohnPutch,http://www.AtlasShruggedMovie.com,"['The', 'global', 'economy', 'is', 'on', 'the', 'brink', 'of', 'collapse.', 'Brilliant', 'creators,', 'from', 'artists', 'to', 'industrialists,', 'continue', 'to', 'mysteriously', 'disappear.', 'Unemployment', 'has', 'risen', 'to', '24%.', 'Gas', 'is', 'now', '$42', 'per', 'gallon.', 'Dagny', 'Taggart,', 'Vice', 'President', 'in', 'Charge', 'of', 'Operations', 'for', 'Taggart', 'Transcontinental,', 'has', 'discovered', 'what', 'may', 'very', 'well', 'be', 'the', 'answer', 'to', 'the', 'mounting', 'energy', 'crisis', '-', 'found', 'abandoned', 'amongst', 'ruins,', 'a', 'miraculous', 'motor', 'that', 'could', 'seemingly', 'power', 'the', 'World.', 'But,', 'the', 'motor', 'is', 'dead...', 'there', 'is', 'no', 'one', 'left', 'to', 'decipher', 'its', 'secret...', 'and,', 'someone', 'is', 'watching.', 'It’s', 'a', 'race', 'against', 'the', 'clock', 'to', 'find', 'the', 'inventor', 'and', 'stop', 'the', 'destroyer', 'before', 'the', 'motor', 'of', 'the', 'World', 'is', 'stopped', 'for', 'good.', 'A', 'motor', 'that', 'would', 'power', 'the', 'World.', 'A', 'World', 'whose', 'motor', 'would', 'be', 'stopped.', 'Who', 'is', 'John', 'Galt?', 'Drama', 'ScienceFiction', 'Mystery']"
105210,Thermae Romae,HidekiTakeuchi,http://thermaeromae.com/,"['The', 'story', 'follows', 'a', 'Roman', 'architect', 'named', 'Lucius,', 'who', 'is', 'having', 'trouble', 'coming', 'up', 'with', 'ideas.', 'One', 'day,', 'he', 'discovers', 'a', 'hidden', 'tunnel', 'underneath', 'a', 'spa', 'that', 'leads', 'him', 'to', 'a', 'modern', 'Japanese', 'bath', 'house.', 'Inspired', 'by', 'the', 'innovations', 'found', 'there,', 'he', 'creates', 'his', 'own', 'spa,', 'Roma', 'Thermae,', 'bringing', 'in', 'the', 'modern', 'ideas', 'to', 'his', 'time.', 'Drama', 'Comedy', 'ScienceFiction']"
57089,Hoodwinked Too! Hood VS. Evil,MikeDisa,http://www.hoodwinkedtoomovie.com/,"['Red', 'Riding', 'Hood', 'is', 'training', 'in', 'the', 'group', 'of', 'Sister', 'Hoods,', 'when', 'she', 'and', 'the', 'Wolf', 'are', 'called', 'to', 'examine', 'the', 'sudden', 'mysterious', 'disappearance', 'of', 'Hansel', 'and', 'Gretel.', 'Comedy', 'Animation', 'Family']"
80280,[REC]³ Genesis,PacoPlaza,http://www.magnetreleasing.com/rec3/,"['The', 'action', 'now', 'takes', 'place', 'miles', 'away', 'from', 'the', 'original', 'location', 'and', 'partly', 'in', 'broad', 'daylight,', 'giving', 'the', 'film', 'an', 'entirely', 'fresh', 'yet', 'disturbing', 'new', 'reality.', 'The', 'infection', 'has', 'left', 'the', 'building.', 'In', 'a', 'clever', 'twist', 'that', 'draws', 'together', 'the', 'plots', 'of', 'the', 'first', 'two', 'movies,', 'this', 'third', 'part', 'of', 'the', 'saga', 'also', 'works', 'as', 'a', 'decoder', 'to', 'uncover', 'information', 'hidden', 'in', 'the', 'first', 'two', 'films', 'and', 'leaves', 'the', 'door', 'open', 'for', 'the', 'final', 'installment,', 'the', 'future', ""'[REC]"", '4', ""Apocalypse.'"", 'Horror']"
82690,Wreck-It Ralph,RichMoore,http://disney.go.com/wreck-it-ralph,"['Wreck-It', 'Ralph', 'is', 'the', '9-foot-tall,', '643-pound', 'villain', 'of', 'an', 'arcade', 'video', 'game', 'named', 'Fix-It', 'Felix', 'Jr.,', 'in', 'which', 'the', ""game's"", 'titular', 'hero', 'fixes', 'buildings', 'that', 'Ralph', 'destroys.', 'Wanting', 'to', 'prove', 'he', 'can', 'be', 'a', 'good', 'guy', 'and', 'not', 'just', 'a', 'villain,', 'Ralph', 'escapes', 'his', 'game', 'and', 'lands', 'in', ""Hero's"", 'Duty,', 'a', 'first-person', 'shooter', 'where', 'he', 'helps', 'the', ""game's"", 'hero', 'battle', 'against', 'alien', 'invaders.', 'He', 'later', 'enters', 'Sugar', 'Rush,', 'a', 'kart', 'racing', 'game', 'set', 'on', 'tracks', 'made', 'of', 'candies,', 'cookies', 'and', 'other', 'sweets.', 'There,', 'Ralph', 'meets', 'Vanellope', 'von', 'Schweetz', 'who', 'has', 'learned', 'that', 'her', 'game', 'is', 'faced', 'with', 'a', 'dire', 'threat', 'that', 'could', 'affect', 'the', 'entire', 'arcade,', 'and', 'one', 'that', 'Ralph', 'may', 'have', 'inadvertently', 'started.', 'Family', 'Animation', 'Comedy', 'Adventure']"
65851,Jackass 3.5,JeffTremaine,http://www.jackassmovie.com/#/dvd,"['Jackass', '3.5', 'is', 'a', '2011', 'sequel', 'to', 'Jackass', '3D,', 'composed', 'of', 'unused', 'footage', 'shot', 'during', 'the', 'filming', 'of', 'Jackass', '3D', 'and', 'interviews', 'from', 'cast', 'and', 'crew', 'Comedy', 'Documentary', 'Action']"
94380,Bad Ass,CraigMoss,http://www.heisbadass.com/,"['Decorated', 'Vietnam', 'hero', 'Frank', 'Vega', 'returns', 'home', 'only', 'to', 'get', 'shunned', 'by', 'society', 'leaving', 'him', 'without', 'a', 'job', 'or', 'his', 'high', 'school', 'sweetheart.', ""It's"", 'not', 'until', 'forty', 'years', 'later', 'when', 'an', 'incident', 'on', 'a', 'commuter', 'bus', '(where', 'he', 'protects', 'an', 'elderly', 'black', 'man', 'from', 'a', 'pair', 'of', 'skin', 'heads)', 'makes', 'him', 'a', 'local', 'hero', 'where', ""he's"", 'suddenly', 'celebrated', 'once', 'again.', 'But', 'his', 'good', 'fortune', 'suddenly', 'turns', 'for', 'the', 'worse', 'when', 'his', 'best', 'friend', 'Klondike', 'is', 'murdered', 'and', 'the', 'police', ""aren't"", 'doing', 'anything', 'about', 'it.', 'Action', 'Drama']"
49522,Nativity!,DebbieIsitt,http://www.nativitythemovie.co.uk/,"['Martin', 'Freeman', 'is', 'lovelorn', 'teacher', 'Mr', 'Maddens,', 'a', 'former', 'am-dram', 'star', 'whose', 'girlfriend', '(Ashley', 'Jensen)', 'dumped', 'him', 'over', 'Christmas', 'five', 'years', 'ago', 'and', 'upped', 'sticks,', 'inexplicably,', 'to', 'La-La', 'Land.', 'Yuletide', 'cheer', 'is', 'not', 'his', 'forte,', 'but', ""he's"", 'forced', 'to', 'drum', 'some', 'up', 'when', 'Pam', ""Ferris's"", 'headmistress', 'earmarks', 'him', 'to', 'direct', 'the', 'Nativity', 'play.', 'Comedy', 'Family']"
49051,The Hobbit: An Unexpected Journey,PeterJackson,http://www.thehobbit.com/,"['Bilbo', 'Baggins,', 'a', 'hobbit', 'enjoying', 'his', 'quiet', 'life,', 'is', 'swept', 'into', 'an', 'epic', 'quest', 'by', 'Gandalf', 'the', 'Grey', 'and', 'thirteen', 'dwarves', 'who', 'seek', 'to', 'reclaim', 'their', 'mountain', 'home', 'from', 'Smaug,', 'the', 'dragon.', 'Adventure', 'Fantasy', 'Action']"
117629,Yossi,EytanFox,http://yossifilm.com/,"['The', 'sequel', 'to', '""Yossi', 'and', 'Jagger""', 'finds', 'character', 'Yossi', '(Ohad', 'Knoller)', 'leading', 'a', 'sad', 'existence', 'after', 'losing', 'his', 'partner', 'Jagger', 'on', 'the', 'battlefield.', 'A', 'chance', 'encounter', 'with', 'a', 'middle-aged', 'woman', 'linked', 'to', 'his', 'past', 'shakes', 'up', 'his', 'otherwise', 'staid', 'routine', 'and', 'sends', 'him', 'on', 'a', 'spontaneous', 'pilgrimage', 'to', 'Tel', 'Aviv.', 'It', 'is', 'on', 'the', 'roads', 'of', 'southern', 'Israel', 'that', 'he', 'reignites', 'the', 'fire', 'of', 'his', 'former', 'self.', 'Drama', 'Romance']"
75780,Jack Reacher,ChristopherMcQuarrie,http://www.jackreachermovie.com/,"['In', 'an', 'innocent', 'heartland', 'city,', 'five', 'are', 'shot', 'dead', 'by', 'an', 'expert', 'sniper.', 'The', 'police', 'quickly', 'identify', 'and', 'arrest', 'the', 'culprit,', 'and', 'build', 'a', 'slam-dunk', 'case.', 'But', 'the', 'accused', 'man', 'claims', ""he's"", 'innocent', 'and', 'says', '""Get', 'Jack', 'Reacher.""', 'Reacher', 'himself', 'sees', 'the', 'news', 'report', 'and', 'turns', 'up', 'in', 'the', 'city.', 'The', 'defense', 'is', 'immensely', 'relieved,', 'but', 'Reacher', 'has', 'come', 'to', 'bury', 'the', 'guy.', 'Shocked', 'at', 'the', ""accused's"", 'request,', 'Reacher', 'sets', 'out', 'to', 'confirm', 'for', 'himself', 'the', 'absolute', 'certainty', 'of', 'the', ""man's"", 'guilt,', 'but', 'comes', 'up', 'with', 'more', 'than', 'he', 'bargained', 'for.', 'Crime', 'Drama', 'Thriller']"
95511,Kevin Smith: Burn in Hell,ZakKnutson,http://www.epixhd.com/kevin-smith-burn-in-hell/,"['In', 'this', 'hour', 'and', 'a', 'half', 'special,', 'writer/director/comedian/podcaster', 'Kevin', 'Smith', 'conducts', 'a', 'riotous', 'and', 'outrageous', 'Q&amp;A', 'session', 'about', 'the', 'aftermath', 'of', 'his', 'latest', 'film,', 'Red', 'State.', 'Topics', 'include', 'such', 'misadventures', 'as', 'his', 'pissing', 'off', 'the', 'entire', 'movie', 'blogger', 'community', 'at', 'the', 'Sundance', 'Film', 'Festival', 'and', 'being', 'followed', 'around', 'the', 'country', 'by', 'the', 'highly', 'devout,', 'and', 'highly', 'angered,', 'Phelps', 'Family.', 'Comedy']"
44244,Camp Rock 2: The Final Jam,PaulHoen,http://tv.disney.go.com/disneychannel/originalmovies/camprock2/,"['Mitchie', ""can't"", 'wait', 'to', 'go', 'back', 'to', 'Camp', 'Rock', 'and', 'spend', 'the', 'summer', 'making', 'new', 'music', 'with', 'her', 'friends', 'and', 'superstar', 'Shane', 'Gray.', 'But', 'the', 'slick', 'new', 'camp', 'across', 'the', 'lake,', 'Camp', 'Star,', 'has', 'drummed', 'up', 'some', 'serious', 'competition', '—', 'featuring', 'newcomers', 'Luke', '(Matthew', '""Mdot""', 'Finley)', 'and', 'Dana', '(Chloe', 'Bridges).', 'In', 'a', 'sensational', 'battle', 'of', 'the', 'bands,', 'with', 'Camp', ""Rock's"", 'future', 'at', 'stake,', 'will', 'Camp', ""Star's"", 'flashy', 'production', 'and', 'over-the-top', 'antics', 'win', 'out,', 'or', 'will', 'Camp', 'Rockers', 'prove', 'that', 'music,', 'teamwork,', 'and', 'spirit', 'are', 'what', 'truly', 'matter?', 'Comedy', 'Music', 'TVMovie']"
41592,StreetDance 3D,MaxGiwa,http://www.streetdancethemovie.co.uk/,"['In', 'order', 'to', 'win', 'the', 'Street', 'Dance', 'Championships,', 'a', 'dance', 'crew', 'is', 'forced', 'to', 'work', 'with', 'ballet', 'dancers', 'from', 'the', 'Royal', 'Dance', 'School', 'in', 'exchange', 'for', 'rehearsal', 'space.', 'Drama']"
127533,Rurouni Kenshin,KeishiOhtomo,http://wwws.warnerbros.co.jp/rurouni-kenshin/index.html,"['Former', 'legendary', 'assassin', 'Kenshin', 'Himura', 'has', 'now', 'become', 'a', 'wandering', 'samurai.', 'Offering', 'aid', '&amp;', 'protecting', 'those', 'in', 'need', 'as', 'atonement', 'for', 'his', 'past', 'deeds.', 'During', 'this', 'time', 'Kenshin', 'Himura', 'comes', 'across', 'and', 'aides', 'Kaoru', 'Kamiya', '(Emi', 'Takei).', 'Her', 'father', 'opened', 'the', 'Kamiya', 'Kasshin-ryu,', 'a', 'kendo', 'school', 'located', 'in', 'Tokyo', 'and', 'Kaoru', 'is', 'now', 'an', 'instructor', 'there.', 'Kaoru', 'then', 'invites', 'Kenshin', 'to', 'stay', 'at', 'her', 'dojo.', 'Their', 'relationship', 'develops', 'further,', 'but', 'Kenshin', 'is', 'still', 'haunted', 'by', 'his', 'violent', 'past', '...', 'Action', 'Drama', 'History']"
33303,Confessions of a Window Cleaner,ValGuest,http://www.imdb.com/title/tt0071357/,"['Young', 'Timmy', 'starts', 'as', 'a', 'window', 'cleaner', 'in', 'the', 'little', 'company', 'of', 'his', 'brother.', 'Soon', 'he', 'learns', 'that', 'some', 'female', 'customers', 'expect', 'additional', 'service.', 'Young', 'and', 'curious', 'as', 'he', 'is,', 'he', 'reluctantly', 'accepts', 'the', 'juicy', 'duty.', 'However', 'his', 'heart', 'belongs', 'to', 'Liz,', 'who', 'demands', 'the', 'highest', 'commitment', 'until', 'she', 'lets', 'him', 'go', 'all', 'the', 'way.', 'Comedy']"
147405,Dabangg 2,ArbaazKhan,https://www.facebook.com/DabanggMovieOfficial,"['Chulbul', 'Pandey', 'is', 'transferred', 'and', 'promoted', 'to', 'Kanpur.', 'He', 'is', 'happily', 'married', 'with', 'Rajjo.', 'Kanpur', 'witness', 'a', 'lot', 'of', 'criminal', 'activities', 'daily', 'and', 'kidnapping,', 'rape', 'and', 'murders', 'are', 'done', 'in', 'broad', 'daylight.', 'The', 'main', 'antagonist/villain', 'is', 'Baccha', 'Bhaiyaa,', 'politician', 'and', 'a', 'strong', 'contender', 'for', 'the', 'upcoming', 'elections', 'and', 'Chulbul', 'Pandey', 'sabotages', 'his', 'political', 'image', 'by', 'revealing', 'his', 'immoral', 'activities', 'to', 'the', 'public,', 'media', 'and', 'police', 'force.', 'Chulbul', 'Pandey', 'takes', 'Baccha', 'Bhaiya', 'head', 'on', '&amp;', 'remains', ""'Dabang'"", 'as', 'always', 'Written', 'by', 'Dhrumil', 'Parekh', 'Salman', 'Khan', 'is', 'back', 'as', 'Chulbul', 'Pandey', 'in', 'Dabangg', '2,', 'the', 'second', 'adventure', 'in', 'one', 'of', 'the', 'most', 'successful', 'franchises', 'of', 'all', 'time', 'in', 'Indian', 'cinema.', 'In', 'Dabangg', '2,', 'Chulbul', 'Pandey', 'has', 'to', 'battle', 'the', 'evil', 'goon', 'turned', 'politician', 'Baccha', 'Bhaiyya.', 'As', 'he', 'tries', 'to', 'strengthen', 'his', 'family', 'ties', 'with', 'his', 'father', 'and', 'brother.', 'And', 'romance', 'his', 'newly', 'wed', 'wife.', 'And', 'remain', ""'Dabangg'"", '(fearless)', 'no', 'matter', 'what.', 'Action', 'Comedy']"
139038,A Haunted House,MichaelTiddes,https://www.facebook.com/AHauntedHouse?fref=ts,"['A', 'spoof', 'of', 'all', 'the', '""found-footage/documentary', 'style""', 'films', 'released', 'in', 'recent', 'years.', 'Comedy', 'Horror']"
115223,Pokémon the Movie Black: Victini and Reshiram,KunihikoYuyama,http://www.pokemon.com,"['The', 'Kingdom', 'of', 'the', 'People', 'of', 'the', 'Vale', 'once', 'ruled', 'over', 'the', 'land,', 'but', 'now', 'all', 'that', 'remains', 'is', 'the', 'Sword', 'of', 'the', 'Vale.', 'in', 'the', 'city', 'of', 'Eindoak.', 'Ash,', 'Iris,', 'and', 'Cilan', 'arrive', 'in', 'Eindoak', 'during', 'a', 'harvest', ""festival's"", 'Pokémon', 'Tournament', 'and', 'meet', 'the', 'legendary', 'Pokémon', 'Victini', 'who', 'wishes', 'to', 'share', 'its', 'powers', 'of', 'victory', 'to', 'someone.', 'Elsewhere', 'in', 'the', 'city,', 'a', 'descendant', 'of', 'the', 'People', 'of', 'the', 'Vale', 'named', 'Damon', 'has', 'arrived', 'who', 'seeks', 'to', 'revive', 'the', ""kingdom's"", 'power', 'with', 'the', 'Sword', 'of', 'the', 'Vale,', 'bringing', 'them', 'back', 'into', 'power', 'over', 'the', 'land,', 'and', 'Ash', 'and', 'his', 'friends', 'must', 'stop', 'him', 'before', 'he', 'destroys', 'the', 'land', 'along', 'with', 'Victini.', 'Animation', 'Family', 'Adventure']"
88557,Pokémon the Movie White: Victini and Zekrom,KunihikoYuyama,http://www.pokemonthemovie.com/victini/white/,"['The', 'Kingdom', 'of', 'the', 'People', 'of', 'the', 'Vale', 'once', 'ruled', 'over', 'the', 'land,', 'but', 'now', 'all', 'that', 'remains', 'is', 'the', 'Sword', 'of', 'the', 'Vale.', 'in', 'the', 'city', 'of', 'Eindoak.', 'Ash,', 'Iris,', 'and', 'Cilan', 'arrive', 'in', 'Eindoak', 'during', 'a', 'harvest', ""festival's"", 'Pokémon', 'Tournament', 'and', 'meet', 'the', 'legendary', 'Pokémon', 'Victini', 'who', 'wishes', 'to', 'share', 'its', 'powers', 'of', 'victory', 'to', 'someone.', 'Elsewhere', 'in', 'the', 'city,', 'a', 'descendant', 'of', 'the', 'People', 'of', 'the', 'Vale', 'named', 'Damon', 'has', 'arrived', 'who', 'seeks', 'to', 'revive', 'the', ""kingdom's"", 'power', 'with', 'the', 'Sword', 'of', 'the', 'Vale,', 'bringing', 'them', 'back', 'into', 'power', 'over', 'the', 'land,', 'and', 'Ash', 'and', 'his', 'friends', 'must', 'stop', 'him', 'before', 'he', 'destroys', 'the', 'land', 'along', 'with', 'Victini.', 'Adventure', 'Animation', 'Family']"
31046,Jesse Stone: Stone Cold,RobertHarmon,http://www.cbs.com/specials/stone_cold/,"['Jesse', 'Stone', 'is', 'a', 'former', 'L.A.', 'homicide', 'detective', 'who', 'left', 'behind', 'the', 'big', 'city', 'and', 'an', 'ex-wife', 'to', 'become', 'the', 'police', 'chief', 'of', 'the', 'quiet', 'New', 'England', 'fishing', 'town', 'of', 'Paradise.', ""Stone's"", 'old', 'habits', 'die', 'hard', 'as', 'he', 'continues', 'to', 'indulge', 'his', 'two', 'favorite', 'things--scotch', 'and', 'women.', 'When', 'a', 'series', 'of', 'murders', 'takes', 'place', 'and', 'a', 'high', 'school', 'girl', 'is', 'raped,', ""he's"", 'forced', 'to', 'face', 'his', 'own', 'demons', 'in', 'order', 'to', 'solve', 'the', 'crimes.', 'And,', 'since', 'these', 'are', 'the', 'first', 'murders', 'to', 'occur', 'in', 'Paradise,', 'Jesse', 'must', 'also', 'train', 'his', 'inexperienced', 'staff', 'of', 'police', 'officers', 'to', 'assist', 'in', 'the', 'investigation', 'to', 'find', 'the', 'killers', 'and', 'the', 'rapist', 'before', 'they', 'can', 'strike', 'again.', 'TVMovie', 'Crime', 'Drama', 'Thriller']"
30347,Jesse Stone: Death in Paradise,RobertHarmon,http://www.cbs.com/specials/death_in_paradise/,"['Small-time', 'police', 'chief', 'and', 'struggling', 'alcoholic', 'Jesse', 'Stone', 'looks', 'into', 'the', 'murder', 'of', 'a', 'teen-age', 'girl', 'whose', 'body', 'is', 'found', 'floating', 'in', 'a', 'local', 'lake.', 'The', 'case', 'brings', 'the', 'former', 'LAPD', 'cop', 'up', 'against', 'the', 'Boston', 'mob', 'and', 'into', 'the', 'affluent', 'world', 'of', 'a', 'bestselling', 'writer', 'who', 'exploits', 'troubled', 'teens.', 'Drama', 'Thriller', 'Crime', 'Mystery']"
100183,Outpost: Black Sun,SteveBarker,http://www.outpostthemovies.com/,"['A', 'pair', 'of', 'investigators', 'team', 'up', 'with', 'a', 'Special', 'Forces', 'Unit', 'to', 'venture', 'deep', 'inside', 'a', 'war', 'raging', 'between', 'the', 'military', 'and', 'a', 'massive', 'army', 'of', 'Nazi', 'Zombie', 'Stormtroopers.', 'Their', 'mission', 'is', 'to', 'fight', 'their', 'way', 'behind', 'enemy', 'lines,', 'locate', 'the', 'technology', 'at', 'the', 'source', 'of', 'this', 'growing', 'threat', 'and', 'prevent', 'the', 'seemingly', 'inevitable', 'rise', 'of', 'the', '4th', 'Reich.', 'Action', 'Horror']"
13648,Resident Evil: Degeneration,MakotoKamiya,http://www.sonypictures.com/homevideo/residentevildegeneration,"['A', 'zombie', 'attack', 'brings', 'chaos', 'to', 'Harvardville', 'Airport.', 'Leon', 'Kennedy', 'and', 'Claire', 'Redfield', ',', 'who', 'fought', 'the', 'sinister', 'Umbrella', 'Corporation', 'during', 'the', 'Raccoon', 'City', 'tragedy', '7', 'years', 'ago,', 'are', 'back.', 'In', 'high-octane', 'Resident', 'Evil', 'style,', ""they're"", 'ready', 'to', 'battle', 'a', 'rogue', 'warrior', 'who', 'is', 'seeking', 'revenge', 'after', 'his', 'family', 'was', 'killed', 'in', 'Raccoon', 'City.', 'The', 'deadly', 'G-Virus', 'is', 'unleashed', 'and', 'a', 'new', 'mutated', 'monster', 'rampages.', 'Animation', 'Horror', 'Action', 'ScienceFiction']"
133121,Resident Evil: Damnation,MakotoKamiya,http://www.sonypictures.com/homevideo/residentevildamnation/,"['U.S.', 'federal', 'agent', 'Leon', 'S.', 'Kennedy', 'sneaks', 'into', 'the', '""East', 'Slavic', 'Republic""', 'to', 'verify', 'rumors', 'that', 'Bio-Organic', 'Weapons', '(BOWs)', 'are', 'being', 'used', 'in', 'the', ""country's"", 'civil', 'war,', 'which', 'the', 'U.S.', 'and', 'Russia', 'are', 'making', 'preparations', 'to', 'jointly', 'intervene', 'in.', 'Right', 'after', 'his', 'infiltration,', 'the', 'U.S.', 'government', 'orders', 'him', 'to', 'leave', 'immediately.', 'Determined', 'to', 'uncover', 'the', 'truth,', 'Leon', 'ignores', 'the', 'order', 'and', 'enters', 'the', 'battlefield', 'to', 'end', 'the', 'chain', 'of', 'tragedies', 'caused', 'by', 'the', 'BOWs.', 'Animation']"
98567,Chinese Zodiac,JackieChan,http://hbpictures.ayomovie.com/12shengxiao//,"['Asian', 'Hawk', '(Jackie', 'Chan)', 'leads', 'a', 'mercenary', 'team', 'to', 'recover', 'several', 'lost', 'artifacts', 'from', 'the', 'Old', 'Summer', 'Palace,', 'the', 'bronze', 'heads', 'of', 'the', '12', 'Chinese', 'Zodiac', 'animals', 'which', 'were', 'sacked', 'by', 'the', 'French', 'and', 'British', 'armies', 'from', 'the', 'imperial', 'Summer', 'Palace', 'in', 'Beijing', 'in', '1860.', 'Assisted', 'by', 'a', 'Chinese', 'student', '&', 'a', 'Parisian', 'lady,', 'Hawk', 'stops', 'at', 'nothing', 'to', 'accomplish', 'the', 'mission.', 'Action', 'Adventure']"
47964,A Good Day to Die Hard,JohnMoore,http://www.diehardmovie.com/,"['Iconoclastic,', 'take-no-prisoners', 'cop', 'John', 'McClane,', 'finds', 'himself', 'for', 'the', 'first', 'time', 'on', 'foreign', 'soil', 'after', 'traveling', 'to', 'Moscow', 'to', 'help', 'his', 'wayward', 'son', 'Jack', '-', 'unaware', 'that', 'Jack', 'is', 'really', 'a', 'highly-trained', 'CIA', 'operative', 'out', 'to', 'stop', 'a', 'nuclear', 'weapons', 'heist.', 'With', 'the', 'Russian', 'underworld', 'in', 'pursuit,', 'and', 'battling', 'a', 'countdown', 'to', 'war,', 'the', 'two', 'McClanes', 'discover', 'that', 'their', 'opposing', 'methods', 'make', 'them', 'unstoppable', 'heroes.', 'Action', 'Thriller']"
114478,Starship Troopers: Invasion,ShinjiAramaki,http://www.starshiptroopersinvasion-movie.com/,"['A', 'distant', 'Federation', 'outpost', 'Fort', 'Casey', 'comes', 'under', 'attack', 'by', 'bugs.', 'The', 'team', 'on', 'the', 'fast', 'attack', 'ship', 'Alesia', 'is', 'assigned', 'to', 'help', 'the', 'Starship', 'John', 'A.', 'Warden', 'stationed', 'in', 'Fort', 'Casey', 'evacuate', 'along', 'with', 'the', 'survivors', 'and', 'bring', 'military', 'intelligence', 'safely', 'back', 'to', 'Earth.', 'Carl', 'Jenkins,', 'now', 'ministry', 'of', 'Paranormal', 'Warfare,', 'takes', 'the', 'starship', 'on', 'a', 'clandestine', 'mission', 'before', 'its', 'rendezvous', 'with', 'the', 'Alesia', 'and', 'goes', 'missing', 'in', 'the', 'nebula.', 'Now,', 'the', 'battle-hardened', 'troopers', 'are', 'charged', 'with', 'a', 'rescue', 'mission', 'that', 'may', 'lead', 'to', 'a', 'much', 'more', 'sinister', 'consequence', 'than', 'they', 'ever', 'could', 'have', 'imagined....', 'Animation', 'Action', 'ScienceFiction']"
72559,G.I. Joe: Retaliation,JonM.Chu,http://www.gijoemovie.com,"['Framed', 'for', 'crimes', 'against', 'the', 'country,', 'the', 'G.I.', 'Joe', 'team', 'is', 'terminated', 'by', 'Presidential', 'order.', 'This', 'forces', 'the', 'G.I.', 'Joes', 'into', 'not', 'only', 'fighting', 'their', 'mortal', 'enemy', 'Cobra;', 'they', 'are', 'forced', 'to', 'contend', 'with', 'threats', 'from', 'within', 'the', 'government', 'that', 'jeopardize', 'their', 'very', 'existence.', 'Adventure', 'Action', 'ScienceFiction', 'Thriller']"
49519,The Croods,ChrisSanders,http://www.thecroodsmovie.com/,"['The', 'Croods', 'is', 'a', 'prehistoric', 'comedy', 'adventure', 'that', 'follows', 'the', ""world's"", 'first', 'family', 'as', 'they', 'embark', 'on', 'a', 'journey', 'of', 'a', 'lifetime', 'when', 'the', 'cave', 'that', 'has', 'always', 'shielded', 'them', 'from', 'danger', 'is', 'destroyed.', 'Traveling', 'across', 'a', 'spectacular', 'landscape,', 'the', 'Croods', 'discover', 'an', 'incredible', 'new', 'world', 'filled', 'with', 'fantastic', 'creatures', '--', 'and', 'their', 'outlook', 'is', 'changed', 'forever.', 'Adventure', 'Animation', 'Comedy', 'Family', 'Fantasy']"
17501,Don : The Chase Begins Again,FarhanAkhtar,http://www.donthefilm.com/,"['A', 'huge', 'South', 'Asian', 'law', 'enforcement', 'contingent', 'embarks', 'on', 'a', 'dangerous', 'cat-and-mouse', 'game', 'of', 'capturing', 'DON', '(Shah', 'Rukh', 'Khan)', '-', 'high-ranking', 'member', 'of', 'the', 'ruthless', 'drug', 'mafia', 'in', 'Malaysia.', 'When', 'DON', 'gets', 'seriously', 'injured', 'in', 'a', 'police', 'encounter,', 'the', 'word', 'that', 'he', 'is', 'dead', 'begins', 'to', 'do', 'the', 'rounds.', 'The', 'reality,', 'of', 'course,', 'is', 'that', 'DON', 'is', 'held', 'captive', 'in', 'a', 'secret', 'location,', 'while', 'his', 'bumpkin', 'of', 'a', 'look-alike,', 'Vijay,', 'is', 'polished', 'and', 'sent', 'to', 'infiltrate', ""DON's"", 'gang.', 'In', 'a', 'bizarre', 'twist', 'of', 'fate,', 'when', 'the', 'policeman', 'shielding', 'the', 'humble', 'street', 'singer', 'Vijay,', 'is', 'killed,', 'the', 'latter', 'comes', 'to', 'terms', 'with', 'the', 'horrifying', 'realization', 'that', 'both', 'the', 'police', 'and', 'the', 'gang', 'are', 'out', 'to', 'get', 'him', 'for', 'different', 'reasons.', 'In', 'a', 'desperate', 'attempt', 'to', 'prove', 'his', 'innocence,', 'he', 'is', 'aided', 'by', 'the', 'glamorous', 'Roma', '(Priyanka', 'Chopra),', 'and', 'ex-con', 'Jasjit', '(Arjun', 'Rampal),', 'who', 'owes', 'Vijay', 'a', 'debt', 'for', 'caring', 'for', 'his', 'son', 'during', 'his', 'imprisonment.', 'But', 'will', 'Vijay', 'be', 'successful', 'in', 'his', 'mission?', 'Action', 'Drama', 'Thriller']"
127544,009 Re: Cyborg,KenjiKamiyama,http://009.ph9.jp/,"['009', 'Re:Cyborg', 'follows', 'a', 'group', 'of', 'nine', 'cyborgs,', 'each', 'of', 'them', 'created', 'by', 'a', 'shadowy', 'organization', 'for', 'use', 'as', 'weapons', 'against', 'humanity.', 'The', 'group', 'turns', 'on', 'their', 'creators', 'to', 'protect', 'the', 'population', 'instead,', 'using', 'the', 'powers', 'given', 'them', 'to', 'fight', 'their', 'creators.', 'Action', 'Animation', 'ScienceFiction']"
76589,Justice League: Doom,LaurenMontgomery,http://www.warnerbros.com/justice-league-doom,"['An', 'adaptation', 'of', 'Mark', ""Waid's"", '""Tower', 'of', 'Babel""', 'story', 'from', 'the', 'JLA', 'comic.', 'Vandal', 'Savage', 'steals', 'confidential', 'files', 'Batman', 'has', 'compiled', 'on', 'the', 'members', 'of', 'the', 'Justice', 'League,', 'and', 'learns', 'all', 'their', 'weaknesses.', 'Action', 'Animation', 'Thriller']"
68721,Iron Man 3,ShaneBlack,http://marvel.com/ironman3,"['When', 'Tony', ""Stark's"", 'world', 'is', 'torn', 'apart', 'by', 'a', 'formidable', 'terrorist', 'called', 'the', 'Mandarin,', 'he', 'starts', 'an', 'odyssey', 'of', 'rebuilding', 'and', 'retribution.', 'Action', 'Adventure', 'ScienceFiction']"
82992,Fast & Furious 6,JustinLin,http://www.thefastandthefurious.com/,"['Hobbs', 'has', 'Dominic', 'and', 'Brian', 'reassemble', 'their', 'crew', 'to', 'take', 'down', 'a', 'team', 'of', 'mercenaries:', 'Dominic', 'unexpectedly', 'gets', 'convoluted', 'also', 'facing', 'his', 'presumed', 'deceased', 'girlfriend,', 'Letty.', 'Action', 'Thriller', 'Crime']"
100493,The Devil's Carnival,DarrenLynnBousman,http://www.thedevilscarnival.com/,"['Sinners', 'are', 'invited', 'to', 'a', 'theme', 'park', 'where', 'they', 'endure', 'the', 'repetition', 'of', 'their', 'transgressions.', 'What', 'chances', 'do', 'a', 'conniving', 'kleptomaniac,', 'a', 'gullible', 'teenager,', 'and', 'an', 'obsessed', 'father', 'stand', 'when', 'facing', 'their', 'own', 'moral', 'failings?', 'Lucifer', 'and', 'his', 'colorful', 'cast', 'of', 'singing', 'carnies', 'invite', 'you', 'to', 'grab', 'a', 'ticket', 'to', 'The', 'Devil’s', 'Carnival', 'to', 'find', 'out!', 'Horror']"
49521,Man of Steel,ZackSnyder,http://www.manofsteel.com/,"['A', 'young', 'boy', 'learns', 'that', 'he', 'has', 'extraordinary', 'powers', 'and', 'is', 'not', 'of', 'this', 'earth.', 'As', 'a', 'young', 'man,', 'he', 'journeys', 'to', 'discover', 'where', 'he', 'came', 'from', 'and', 'what', 'he', 'was', 'sent', 'here', 'to', 'do.', 'But', 'the', 'hero', 'in', 'him', 'must', 'emerge', 'if', 'he', 'is', 'to', 'save', 'the', 'world', 'from', 'annihilation', 'and', 'become', 'the', 'symbol', 'of', 'hope', 'for', 'all', 'mankind.', 'Action', 'Adventure', 'Fantasy', 'ScienceFiction']"
52034,Tetsuo: The Bullet Man,ShinyaTsukamoto,http://www.tetsuo-project.jp/,"['An', 'American', 'named', 'Anthony', 'is', 'living', 'and', 'working', 'in', 'Tokyo', 'and', 'married', 'to', 'a', 'Japanese', 'woman.', 'When', 'their', 'son', 'is', 'killed', 'by', 'the', 'same', 'driver', 'who', 'creates', 'the', 'Tetsuos', 'in', 'previous', 'films,', 'he', 'makes', 'the', 'transformation', 'into', 'Tetsuo.', 'Action', 'ScienceFiction', 'Horror', 'Thriller']"
105965,Beverly Hills Chihuahua 3 - Viva La Fiesta!,LevL.Spiro,http://disney.go.com/beverly-hills-chihuahua/,"['When', 'Papi', '&amp;', 'co', 'move', 'into', 'a', 'luxurious', 'hotel,', 'his', 'youngest', 'pup', 'Rosa', 'feels', 'neglected', 'and', 'he', 'must', 'show', 'her', 'how', 'special', 'she', 'is.', 'Comedy', 'Family']"
80518,Fullmetal Alchemist: The Sacred Star of Milos,KazuyaMurata,http://www.hagaren-movie.net/,"['After', 'a', 'mysterious', 'prisoner', 'with', 'only', 'a', 'few', 'weeks', 'left', 'on', 'his', 'sentence', 'breaks', 'out', 'of', 'prison', 'in', 'Central', 'City,', 'the', 'Elric', 'brothers', 'attempt', 'to', 'track', 'him', 'down.', 'The', 'search', 'leads', 'them', 'to', 'Table', 'City', 'in', 'the', 'southwestern', 'country', 'of', 'Creta,', 'where', 'Alphonse', 'rescues', 'a', 'young', 'alchemist', 'named', 'Julia', 'from', 'the', 'very', 'man', 'they', 'are', 'trying', 'to', 'capture.', 'In', 'the', 'thick', 'of', 'the', 'fight,', 'they', 'literally', 'tumble', 'into', ""Julia's"", 'home', 'turf,', 'the', 'slums', 'of', 'Milos', 'Valley,', 'and', 'are', 'embroiled', 'in', 'the', 'grassroots', 'rebellion', 'of', 'her', 'people.', 'Adventure', 'Fantasy', 'Animation', 'Action', 'ScienceFiction']"
68726,Pacific Rim,GuillermodelToro,http://www.pacificrimmovie.com/,"['When', 'legions', 'of', 'monstrous', 'creatures,', 'known', 'as', 'Kaiju,', 'started', 'rising', 'from', 'the', 'sea,', 'a', 'war', 'began', 'that', 'would', 'take', 'millions', 'of', 'lives', 'and', 'consume', ""humanity's"", 'resources', 'for', 'years', 'on', 'end.', 'To', 'combat', 'the', 'giant', 'Kaiju,', 'a', 'special', 'type', 'of', 'weapon', 'was', 'devised:', 'massive', 'robots,', 'called', 'Jaegers,', 'which', 'are', 'controlled', 'simultaneously', 'by', 'two', 'pilots', 'whose', 'minds', 'are', 'locked', 'in', 'a', 'neural', 'bridge.', 'But', 'even', 'the', 'Jaegers', 'are', 'proving', 'nearly', 'defenseless', 'in', 'the', 'face', 'of', 'the', 'relentless', 'Kaiju.', 'On', 'the', 'verge', 'of', 'defeat,', 'the', 'forces', 'defending', 'mankind', 'have', 'no', 'choice', 'but', 'to', 'turn', 'to', 'two', 'unlikely', 'heroes—a', 'washed-up', 'former', 'pilot', '(Charlie', 'Hunnam)', 'and', 'an', 'untested', 'trainee', '(Rinko', 'Kikuchi)—who', 'are', 'teamed', 'to', 'drive', 'a', 'legendary', 'but', 'seemingly', 'obsolete', 'Jaeger', 'from', 'the', 'past.', 'Together,', 'they', 'stand', 'as', ""mankind's"", 'last', 'hope', 'against', 'the', 'mounting', 'apocalypse.', 'Action', 'ScienceFiction', 'Adventure']"
177271,Lego Batman: The Movie - DC Super Heroes Unite,JonBurton,http://www.dccomics.com/movies/lego-batman-the-movie-dc-super-heroes-unite-2013,"['Joker', 'teams', 'up', 'with', 'Lex', 'Luthor', 'to', 'destroy', 'the', 'world', 'one', 'brick', 'at', 'a', 'time.', ""It's"", 'up', 'to', 'Batman,', 'Superman', 'and', 'the', 'rest', 'of', 'the', 'Justice', 'League', 'to', 'stop', 'them.', 'Animation', 'Adventure', 'Family']"
72190,World War Z,MarcForster,http://www.worldwarzmovie.com,"['Life', 'for', 'former', 'United', 'Nations', 'investigator', 'Gerry', 'Lane', 'and', 'his', 'family', 'seems', 'content.', 'Suddenly,', 'the', 'world', 'is', 'plagued', 'by', 'a', 'mysterious', 'infection', 'turning', 'whole', 'human', 'populations', 'into', 'rampaging', 'mindless', 'zombies.', 'After', 'barely', 'escaping', 'the', 'chaos,', 'Lane', 'is', 'persuaded', 'to', 'go', 'on', 'a', 'mission', 'to', 'investigate', 'this', 'disease.', 'What', 'follows', 'is', 'a', 'perilous', 'trek', 'around', 'the', 'world', 'where', 'Lane', 'must', 'brave', 'horrific', 'dangers', 'and', 'long', 'odds', 'to', 'find', 'answers', 'before', 'human', 'civilization', 'falls.', 'Action', 'Drama', 'Horror', 'ScienceFiction', 'Thriller']"
93456,Despicable Me 2,PierreCoffin,http://www.despicableme.com/,"['Gru', 'is', 'recruited', 'by', 'the', 'Anti-Villain', 'League', 'to', 'help', 'deal', 'with', 'a', 'powerful', 'new', 'super', 'criminal.', 'Animation', 'Comedy', 'Family']"
205321,Sharknado,AnthonyC.Ferrante,http://www.theasylum.cc/product.php?id=230,"['A', 'freak', 'hurricane', 'hits', 'Los', 'Angeles,', 'causing', 'man-eating', 'sharks', 'to', 'be', 'scooped', 'up', 'in', 'tornadoes', 'and', 'flooding', 'the', 'city', 'with', 'shark-infested', 'seawater.', 'Surfer', 'and', 'bar-owner', 'Fin', 'sets', 'out', 'with', 'his', 'friends', 'Baz', 'and', 'Nova', 'to', 'rescue', 'his', 'estranged', 'wife', 'April', 'and', 'teenage', 'daughter', 'Claudia', 'TVMovie', 'Horror']"
183011,Justice League: The Flashpoint Paradox,JayOliva,http://www.dccomics.com/movies/justice-league-the-flashpoint-paradox-2013,"['When', 'time', 'travel', 'allows', 'a', 'past', 'wrong', 'to', 'be', 'righted', 'for', 'The', 'Flash', 'and', 'his', 'family,', 'the', 'ripples', 'of', 'the', 'event', 'prove', 'disastrous', 'as', 'a', 'fractured,', 'alternate', 'reality', 'now', 'exists', 'where', 'a', 'Justice', 'League', 'never', 'formed,', 'and', 'even', 'Superman', 'is', 'nowhere', 'to', 'be', 'found.', 'Teaming', 'with', 'a', 'grittier,', 'more', 'violent', 'Dark', 'Knight', 'and', 'Cyborg,', 'Flash', 'races', 'to', 'restore', 'the', 'continuity', 'of', 'his', 'original', 'timeline', 'while', 'this', 'new', 'world', 'is', 'ravaged', 'by', 'a', 'fierce', 'war', 'between', 'Wonder', ""Woman's"", 'Amazons', 'and', 'Aquaman’s', 'Atlanteans.', 'Fantasy', 'ScienceFiction', 'Animation', 'Action', 'Adventure']"
138843,The Conjuring,JamesWan,http://theconjuring.warnerbros.com,"['Paranormal', 'investigators', 'Ed', 'and', 'Lorraine', 'Warren', 'work', 'to', 'help', 'a', 'family', 'terrorized', 'by', 'a', 'dark', 'presence', 'in', 'their', 'farmhouse.', 'Forced', 'to', 'confront', 'a', 'powerful', 'entity,', 'the', 'Warrens', 'find', 'themselves', 'caught', 'in', 'the', 'most', 'terrifying', 'case', 'of', 'their', 'lives.', 'Horror', 'Thriller']"
174322,Gasland Part II,JoshFox,http://www.gaslandthemovie.com/,"['Two', 'years', 'ago,', 'Josh', 'Fox', 'introduced', 'us', 'to', 'hydraulic', 'fracturing', 'with', 'his', 'Oscar®-nominated', 'exposé', 'Gasland.', 'Now', 'this', 'once-touted', 'energy', 'source', 'has', 'become', 'a', 'widely', 'discussed,', 'contentious', 'topic.', 'In', 'his', 'follow-up,', 'Fox', 'reveals', 'the', 'extreme', 'circumstances', 'facing', 'those', 'affected', 'by', 'fracking,', 'from', 'earthquakes', 'to', 'the', 'use', 'of', 'federal', 'anti-terror', 'psychological', 'operations', 'tactics.', 'Gasland', 'Part', 'II', 'is', 'the', 'definitive', 'proof', 'that', 'issues', 'raised', 'by', 'fracking', 'cannot', 'be', 'ignored', 'for', 'long.', 'Documentary']"
76170,The Wolverine,JamesMangold,http://www.thewolverinemovie.com,"['Wolverine', 'faces', 'his', 'ultimate', 'nemesis', '-', 'and', 'tests', 'of', 'his', 'physical,', 'emotional,', 'and', 'mortal', 'limits', '-', 'in', 'a', 'life-changing', 'voyage', 'to', 'modern-day', 'Japan.', 'Action', 'ScienceFiction', 'Adventure', 'Fantasy']"
146216,RED 2,DeanParisot,http://red-themovie.com/,"['Retired', 'C.I.A.', 'agent', 'Frank', 'Moses', 'reunites', 'his', 'unlikely', 'team', 'of', 'elite', 'operatives', 'for', 'a', 'global', 'quest', 'to', 'track', 'down', 'a', 'missing', 'portable', 'nuclear', 'device.', 'Action', 'Comedy', 'Crime', 'Thriller']"
102234,Vares - The Path Of The Righteous Men,AndersEngström,https://solarfilms.com/portfolio-posts/vares-kaidan-tien-kulkijat/,"['The', 'body', 'of', 'a', 'young', 'woman', 'whose', 'heart', 'has', 'been', 'ripped', 'out', 'of', 'her', 'chest', 'is', 'found', 'in', 'a', 'remote', 'are', 'in', 'Finland.', 'The', 'finder', 'of', 'the', 'body,', 'a', 'dismissed', 'pastor,', 'hires', 'private', 'investigator', 'Jussi', 'Vares', 'to', 'investigate', 'the', 'crime.', 'Vares', 'uncovers', 'a', 'criminal', 'ring', 'involved', 'in', 'extortion,', 'religious', 'scams,', 'exploitation', 'of', 'minors', 'and', 'stock', 'market', 'speculation.', 'Action', 'Crime']"
76285,Percy Jackson: Sea of Monsters,ThorFreudenthal,http://www.percyjacksonthemovie.com/us/#!/home,"['In', 'their', 'quest', 'to', 'confront', 'the', 'ultimate', 'evil,', 'Percy', 'and', 'his', 'friends', 'battle', 'swarms', 'of', 'mythical', 'creatures', 'to', 'find', 'the', 'mythical', 'Golden', 'Fleece', 'and', 'to', 'stop', 'an', 'ancient', 'evil', 'from', 'rising.', 'Adventure', 'Family', 'Fantasy']"
77931,The Smurfs 2,RajaGosnell,http://smurfhappens.com,"['The', 'evil', 'wizard', 'Gargamel', 'creates', 'a', 'couple', 'of', 'mischievous', 'Smurf-like', 'creatures', 'called', 'the', 'Naughties', 'that', 'he', 'hopes', 'will', 'let', 'him', 'harness', 'the', 'all-powerful,', 'magical', 'Smurf-essence.', 'But', 'when', 'he', 'discovers', 'that', 'only', 'a', 'real', 'Smurf', 'can', 'give', 'him', 'what', 'he', 'wants,', 'and', 'only', 'a', 'secret', 'spell', 'that', 'Smurfette', 'knows', 'can', 'turn', 'the', 'Naughties', 'into', 'real', 'Smurfs,', 'Gargamel', 'kidnaps', 'Smurfette', 'and', 'brings', 'her', 'to', 'Paris,', 'where', 'he', 'has', 'been', 'winning', 'the', 'adoration', 'of', 'millions', 'as', 'the', 'world¹s', 'greatest', 'sorcerer.', ""It's"", 'up', 'to', 'Papa,', 'Clumsy,', 'Grouchy,', 'and', 'Vanity', 'to', 'return', 'to', 'our', 'world,', 'reunite', 'with', 'their', 'human', 'friends', 'Patrick', 'and', 'Grace', 'Winslow,', 'and', 'rescue', 'her!', 'Will', 'Smurfette,', 'who', 'has', 'always', 'felt', 'different', 'from', 'the', 'other', 'Smurfs,', 'find', 'a', 'new', 'connection', 'with', 'the', 'Naughties', 'Vexy', 'and', 'Hackus', 'or', 'will', 'the', 'Smurfs', 'convince', 'her', 'that', 'their', 'love', 'for', 'her', 'is', 'True', 'Blue?', 'Fantasy', 'Family', 'Comedy', 'Animation']"
201676,My Little Pony: Equestria Girls,JaysonThiessen,http://www.hasbro.com/equestriagirls/,"['Via', 'a', 'magic', 'mirror,', 'Twilight', 'Sparkle', 'travels', 'into', 'an', 'alternate', 'universe', 'in', 'order', 'to', 'recover', 'a', 'crown', 'that', 'was', 'stolen', 'from', 'the', 'Crystal', 'Empire.', 'Upon', 'her', 'arrival', 'she', 'is', 'horrified', 'to', 'learn', 'that', 'she', 'has', 'turned', 'into', 'a', 'human.', 'Animation', 'Comedy', 'Family', 'Fantasy', 'Music']"
30143,Lupin the Third: The Secret of Mamo,SojiYoshikawa,http://www.lupin-3rd.net/,"['In', 'Transylvania,', 'Lupin', 'III,', 'the', 'notorious', 'international', 'thief,', 'is', 'hung', 'and', 'no', 'one', 'is', 'more', 'suprised', 'to', 'learn', 'of', 'that', 'than', 'Lupin', 'III', 'himself,', 'who', 'was', 'alive', 'and', 'well', 'and', 'nowhere', 'near', 'that', 'area', 'at', 'that', 'time.', 'The', 'answer', 'to', 'that', 'mystery,', 'begins', 'to', 'surface', 'when', 'Lupin', 'gets', 'a', 'seemingly', 'ordinary', 'pebble', 'from', 'an', 'Egyptian', 'pyramid', 'for', 'his', 'would-be', 'girlfriend,', 'Fujiko,', 'the', 'mercenary', 'thief,', 'who', 'is', 'in', 'the', 'employ', 'of', 'a', 'mysterious', 'figure', 'known', 'only', 'as', 'Mamo.', 'Intrigued', 'by', 'this', 'bizarre', 'request,', 'Lupin', 'decides', 'to', 'get', 'involved', 'and', 'finds', 'himself', 'in', 'an', 'international', 'chase', 'that', 'has', 'a', 'greater', 'scope', 'and', 'danger', 'than', 'he', 'has', 'ever', 'faced.', 'Action', 'Adventure', 'Animation', 'Comedy', 'Crime']"
147276,Jay and Silent Bob Go Down Under,J.C.Reifenberg,http://smodcast.com/,"['Filmmaker', 'and', 'comedian', 'Kevin', 'Smith', 'returns', 'to', 'EPIX', 'with', 'an', 'all', 'new', 'special,', 'taped', 'in', 'front', 'of', 'a', 'sell', 'out', 'audience', 'in', 'Sydney,', 'Australia', 'Joined', 'by', 'his', 'notorious', 'cohort', 'Jason', 'Mewes,', 'this', 'off-the-cuff', 'uncensored', 'hour', 'is', 'filled', 'with', 'ribald', 'and', 'cautionary', 'tales', 'about', 'everything', 'from', 'Australian', ""children's"", 'television', 'to', 'mythical', 'Australian', 'drop', 'bears', 'Comedy']"
138832,We're the Millers,RawsonMarshallThurber,http://werethemillers.warnerbros.com,"['A', 'veteran', 'pot', 'dealer', 'creates', 'a', 'fake', 'family', 'as', 'part', 'of', 'his', 'plan', 'to', 'move', 'a', 'huge', 'shipment', 'of', 'weed', 'into', 'the', 'U.S.', 'from', 'Mexico.', 'Comedy', 'Crime']"
109418,Grown Ups 2,DennisDugan,http://www.sonypictures.com/movies/grownups2,"['The', 'all-star', 'comedy', 'cast', 'from', 'Grown', 'Ups', 'returns', '(with', 'some', 'exciting', 'new', 'additions)', 'for', 'more', 'summertime', 'laughs.', 'Lenny', '(Adam', 'Sandler)', 'has', 'relocated', 'his', 'family', 'back', 'to', 'the', 'small', 'town', 'where', 'he', 'and', 'his', 'friends', 'grew', 'up.', 'This', 'time', 'around,', 'the', 'grown', 'ups', 'are', 'the', 'ones', 'learning', 'lessons', 'from', 'their', 'kids', 'on', 'a', 'day', 'notoriously', 'full', 'of', 'surprises:', 'the', 'last', 'day', 'of', 'school.', 'Comedy']"
87421,Riddick,DavidTwohy,http://www.riddick-movie.com,"['Betrayed', 'by', 'his', 'own', 'kind', 'and', 'left', 'for', 'dead', 'on', 'a', 'desolate', 'planet,', 'Riddick', 'fights', 'for', 'survival', 'against', 'alien', 'predators', 'and', 'becomes', 'more', 'powerful', 'and', 'dangerous', 'than', 'ever', 'before.', 'Soon', 'bounty', 'hunters', 'from', 'throughout', 'the', 'galaxy', 'descend', 'on', 'Riddick', 'only', 'to', 'find', 'themselves', 'pawns', 'in', 'his', 'greater', 'scheme', 'for', 'revenge.', 'With', 'his', 'enemies', 'right', 'where', 'he', 'wants', 'them,', 'Riddick', 'unleashes', 'a', 'vicious', 'attack', 'of', 'vengeance', 'before', 'returning', 'to', 'his', 'home', 'planet', 'of', 'Furya', 'to', 'save', 'it', 'from', 'destruction.', 'ScienceFiction', 'Action', 'Thriller']"
15440,Cold Prey II,MatsStenberg,http://www.frittvilt2.com/,"['Jannicke', 'wakes', 'up', 'in', 'the', 'hospital.', 'All', 'of', 'her', 'friends', 'are', 'dead.', 'As', 'she', 'walks', 'through', 'the', 'dark', 'corridors,', 'she', 'thinks', 'she', 'is', 'left', 'alone.', 'But', 'the', 'nightmare', ""isn't"", 'over', 'yet.', 'Drama', 'Horror', 'Mystery', 'Thriller']"
56937,Cold Prey III,MikkelBrænneSandemose,http://www.frittvilt3.com/,"['Takes', 'place', 'in', 'the', ""'80s"", 'where', 'a', 'group', 'of', 'teenagers', 'go', 'to', 'visit', 'an', 'abandoned', 'hotel,', 'only', 'to', 'find', 'themselves', 'hunted', 'by', 'a', 'psychotic', 'killer', 'through', 'the', 'Norwegian', 'woods.', 'Horror']"
91586,Insidious: Chapter 2,JamesWan,http://www.insidiousch2.com/,"['The', 'haunted', 'Lambert', 'family', 'seeks', 'to', 'uncover', 'the', 'mysterious', 'childhood', 'secret', 'that', 'has', 'left', 'them', 'dangerously', 'connected', 'to', 'the', 'spirit', 'world.', 'Horror', 'Thriller']"
195757,The Ultimate Life,MichaelLandonJr.,http://www.theultimatelifemovie.com/,"['Despite', 'his', 'best', 'intentions,', 'billionaire', 'Jason', 'Stevens', 'can’t', 'find', 'enough', 'time', 'to', 'keep', 'his', 'beloved', 'Alexia', 'a', 'priority.', 'But', 'when', 'he', 'discovers', 'his', 'late', 'grandfather’s', 'journal,', 'he', 'is', 'transported', 'back', 'to', 'Red', 'Stevens’', 'incredible', 'world.', 'With', 'everything', 'he', 'loves', 'hanging', 'in', 'the', 'balance,', 'Jason', 'Stevens', 'hopes', 'the', 'past', 'will', 'prepare', 'him', 'well', 'for', 'the', 'future.', 'Drama', 'Romance']"
19658,Race,AbbasAlibhaiBurmawalla,http://www.race.tips.in/,"['Ranvir', 'and', 'Rajiv', 'are', 'half', 'brothers', 'who', 'own', 'a', 'huge', 'stud', 'farm', 'in', 'South', 'Africa.', 'Ranvir', 'is', 'a', 'very', 'shrewd', 'and', 'aggressive', 'man', 'while', 'Rajiv', 'is', 'laid', 'back,', 'and', 'a', 'chronic', 'alcoholic.', 'Sophia,', ""Ranvir's"", 'personal', 'secretary', 'adores', 'and', 'loves', 'him.', 'Ranvir', 'is', 'unaware', 'of', 'her', 'feelings.', 'Shaina,', 'an', 'Indian', 'ramp', 'model', 'in', 'Durban', 'loves', 'Ranvir', 'but', 'through', 'a', 'twist', 'of', 'fate', 'gets', 'married', 'to', 'his', 'younger', 'brother', 'Rajiv.', 'When', 'she', 'discovers', 'that', 'Rajiv', 'is', 'a', 'chronic', 'alcoholic,', 'her', 'world', 'is', 'shattered.', 'Ranvir', 'too', 'is', 'disturbed', 'as', 'he', 'has', 'sacrificed', 'his', 'love', 'for', 'his', 'younger', 'brother', 'because', 'Rajiv', 'had', 'promised', 'to', 'leave', 'alcohol', 'for', 'good', 'if', 'he', 'marries', 'Shaina.', 'In', 'a', 'weak', 'moment', 'Ranvir', 'and', 'Shaina', 'come', 'very', 'close', 'to', 'each', 'other.', 'When', 'Rajiv', 'starts', 'suspecting,', 'all', 'hell', 'breaks', 'loose.', 'A', 'murder', 'is', 'committed,', 'a', 'contract', 'killing', 'is', 'issued.', 'A', 'sharp', 'tongued', 'detective', 'R.D.,', 'getting', 'wise', 'on', 'the', 'proceedings,', 'starts', 'an', 'intriguing', 'investigation', 'with', 'his', 'brainless', 'bimbo', 'assistant', 'Mini', 'Drama', 'Action', 'Thriller', 'Crime']"
76338,Thor: The Dark World,AlanTaylor,http://marvel.com/thor,"['Thor', 'fights', 'to', 'restore', 'order', 'across', 'the', 'cosmos…', 'but', 'an', 'ancient', 'race', 'led', 'by', 'the', 'vengeful', 'Malekith', 'returns', 'to', 'plunge', 'the', 'universe', 'back', 'into', 'darkness.', 'Faced', 'with', 'an', 'enemy', 'that', 'even', 'Odin', 'and', 'Asgard', 'cannot', 'withstand,', 'Thor', 'must', 'embark', 'on', 'his', 'most', 'perilous', 'and', 'personal', 'journey', 'yet,', 'one', 'that', 'will', 'reunite', 'him', 'with', 'Jane', 'Foster', 'and', 'force', 'him', 'to', 'sacrifice', 'everything', 'to', 'save', 'us', 'all.', 'Action', 'Adventure', 'Fantasy']"
176983,One Piece Film Z,TatsuyaNagamine,http://www.onepiece-film.com/,"['Zephyr,', 'now', 'known', 'as', 'Z,', 'rides', 'the', 'seas', 'with', 'only', 'one', 'goal:', 'Destroy', 'all', 'pirates', 'and', 'their', 'dreams', 'at', 'becoming', 'King', 'of', 'Pirates.', 'When', 'Luffy', 'and', 'his', 'crew', 'encounter', 'him', 'at', 'sea,', 'not', 'only', 'are', 'they', 'utterly', 'defeated', 'by', 'the', 'man', 'with', 'an', 'arm', 'made', 'of', 'Seastone,', 'Nami,', 'Robin,', 'and', 'Chopper', 'are', 'turned', '10', 'years', 'younger', 'due', 'to', ""Z's"", 'minion', 'Ain.', 'Luffy', 'is', 'so', 'determined', 'to', 'win', 'against', 'him', 'that', 'he', 'does', 'not', 'even', 'notice', ""Z's"", 'master', 'plan', 'that', 'could', 'sacrifice', 'thousands', 'of', 'lives.', 'Action', 'Animation', 'Adventure']"
101299,The Hunger Games: Catching Fire,FrancisLawrence,http://www.thehungergames.movie/,"['Katniss', 'Everdeen', 'has', 'returned', 'home', 'safe', 'after', 'winning', 'the', '74th', 'Annual', 'Hunger', 'Games', 'along', 'with', 'fellow', 'tribute', 'Peeta', 'Mellark.', 'Winning', 'means', 'that', 'they', 'must', 'turn', 'around', 'and', 'leave', 'their', 'family', 'and', 'close', 'friends,', 'embarking', 'on', 'a', '""Victor\'s', 'Tour""', 'of', 'the', 'districts.', 'Along', 'the', 'way', 'Katniss', 'senses', 'that', 'a', 'rebellion', 'is', 'simmering,', 'but', 'the', 'Capitol', 'is', 'still', 'very', 'much', 'in', 'control', 'as', 'President', 'Snow', 'prepares', 'the', '75th', 'Annual', 'Hunger', 'Games', '(The', 'Quarter', 'Quell)', '-', 'a', 'competition', 'that', 'could', 'change', 'Panem', 'forever.', 'Adventure', 'Action', 'ScienceFiction']"
57158,The Hobbit: The Desolation of Smaug,PeterJackson,http://www.thehobbit.com/,"['The', 'Dwarves,', 'Bilbo', 'and', 'Gandalf', 'have', 'successfully', 'escaped', 'the', 'Misty', 'Mountains,', 'and', 'Bilbo', 'has', 'gained', 'the', 'One', 'Ring.', 'They', 'all', 'continue', 'their', 'journey', 'to', 'get', 'their', 'gold', 'back', 'from', 'the', 'Dragon,', 'Smaug.', 'Adventure', 'Fantasy']"
204435,Krrish 3,RakeshRoshan,http://www.krrish-3.com/,"['After', 'defeating', 'the', 'villainous', 'Dr.', 'Siddhant', 'Arya,', 'and', 'bringing', 'his', 'father', 'Rohit', 'back', 'from', 'the', 'dead,', 'Krrish', 'continued', 'fighting', 'against', 'evil', 'and', 'saving', 'innocent', 'lives.Now', 'Krishna', 'is', 'living', 'a', '...', 'Action', 'ScienceFiction']"
109445,Frozen,ChrisBuck,http://movies.disney.com/frozen,"['Young', 'princess', 'Anna', 'of', 'Arendelle', 'dreams', 'about', 'finding', 'true', 'love', 'at', 'her', 'sister', 'Elsa’s', 'coronation.', 'Fate', 'takes', 'her', 'on', 'a', 'dangerous', 'journey', 'in', 'an', 'attempt', 'to', 'end', 'the', 'eternal', 'winter', 'that', 'has', 'fallen', 'over', 'the', 'kingdom.', ""She's"", 'accompanied', 'by', 'ice', 'delivery', 'man', 'Kristoff,', 'his', 'reindeer', 'Sven,', 'and', 'snowman', 'Olaf.', 'On', 'an', 'adventure', 'where', 'she', 'will', 'find', 'out', 'what', 'friendship,', 'courage,', 'family,', 'and', 'true', 'love', 'really', 'means.', 'Animation', 'Adventure', 'Family']"
209232,Dampfnudelblues,EdHerzog,http://www.dampfnudelblues.de/,"['Franz,', 'the', 'local', 'police', 'officer', 'in', 'a', 'tiny', 'bavarian', 'village', 'has', 'to', 'investigate', 'in', 'a', 'case', 'involving', 'a', 'disliked', 'school', 'principal', 'who', 'commited', 'suicide?', 'Or', 'was', 'it', 'murder', 'after', 'all?', 'Comedy', 'Crime']"
229974,Bitterly!,ZhoraKryzhovnikov,http://gooorko.ru/,"['Progressive', 'and', 'talented', 'Natasha', 'and', 'Roma', 'dream', 'of', 'a', 'European', 'wedding', 'by', 'the', 'sea...', 'but', ""Natasha's"", 'stepfather', 'procured', 'a', 'different', 'scenario.', 'Rough', 'official', 'of', 'the', 'city', 'administration', 'considers', 'the', 'celebration', 'as', 'a', 'springboard', 'for', 'their', 'careers,', 'and', 'seeks', 'to', 'arrange', 'all', 'the', '«how', 'to».', 'Young', 'awaits', 'an', 'unforgettable', 'evening', 'in', 'the', 'restaurant', '«Golden»', 'with', 'a', 'complete', 'set', 'of', 'the', 'tedious', 'rites.', 'Not', 'fight,', 'the', 'guys', 'decide', 'to', 'spend', 'their', 'dream', 'wedding', 'in', 'secret', 'from', 'conservative', 'relatives.', 'But', 'by', 'accident', 'both', 'celebration', 'come', 'together.', 'Comedy']"
17478,Dhoom,SanjayGadhvi,http://www.yashrajfilms.com/microsites/dhoom/dhoommicro/microflash.htm,"['A', 'gang', 'of', 'bikers', 'headed', 'by', 'the', 'cool-headed', 'and', 'arrogant', 'Kabir', 'is', 'on', 'a', 'robbing', 'spree', 'in', 'Mumbai.', 'They', 'rob', 'establishments', 'and', 'then', 'zip', 'away', 'on', 'their', 'superbikes.', 'ACP', 'Jai', 'Dixit', 'is', 'the', 'case', 'in-charge', 'and', 'he', 'recruits', 'a', 'bumbling', 'bike', 'mechanic', 'and', 'racer', 'named', 'Ali', 'to', 'chase', 'the', 'gang', 'on', 'a', 'bike', 'and', 'help', 'Jai', 'nab', 'them.', 'Kabir', 'accepts', 'the', 'challenge,', 'and', 'pulls', 'off', 'another', 'robbery', 'amidst', 'a', 'function.', 'This', 'causes', 'Jai', 'and', 'Ali', 'to', 'call', 'it', 'off.', 'Jai', 'resigns', 'from', 'the', 'police', 'force', 'and', 'Ali', 'goes', 'back', 'to', 'his', 'daily', 'job.', 'Meanwhile', 'Kabir', 'has', 'lost', 'one', 'of', 'his', 'team', 'members', 'and', 'recruits', 'Ali', 'for', 'their', 'final', 'job', 'in', 'Goa.', 'The', 'action', 'shifts', 'from', 'the', 'congested', 'Mumbai', 'traffic', 'to', 'the', 'sunny', 'Goa', 'for', 'the', 'final', 'showdown', 'between', 'cops', 'and', 'robbers.', 'Action', 'Crime', 'Drama', 'Thriller']"
252385,American Addict,SashaKnezev,http://www.americanaddictthemovie.com/,"['Riveting', 'look', 'at', 'the', 'politics,', 'big', 'business', 'and', 'the', 'medical', 'industry', 'that', 'has', 'made', 'America', 'the', 'most', 'prescription-addicted', 'society', 'in', 'the', 'world.', 'America', 'is', 'less', 'than', '5%', 'of', 'the', ""World's"", 'population', 'but', 'consumes', '80%', 'of', 'the', ""World's"", 'prescription', 'narcotics.', 'We', 'have', 'gone', 'from', 'being', 'the', 'land', 'of', 'the', 'free', 'to', 'the', 'land', 'of', 'the', 'addicted.']"
126963,Dragon Ball Z: Battle of Gods,MasahiroHosoda,http://www.dragonball2013.com/,"['The', 'events', 'of', 'Battle', 'of', 'Gods', 'take', 'place', 'some', 'years', 'after', 'the', 'battle', 'with', 'Majin', 'Buu,', 'which', 'determined', 'the', 'fate', 'of', 'the', 'entire', 'universe.', 'After', 'awakening', 'from', 'a', 'long', 'slumber,', 'Beerus,', 'the', 'God', 'of', 'Destruction', 'is', 'visited', 'by', 'Whis,', 'his', 'attendant', 'and', 'learns', 'that', 'the', 'galactic', 'overlord', 'Frieza', 'has', 'been', 'defeated', 'by', 'a', 'Super', 'Saiyan', 'from', 'the', 'North', 'Quadrant', 'of', 'the', 'universe', 'named', 'Goku,', 'who', 'is', 'also', 'a', 'former', 'student', 'of', 'the', 'North', 'Kai.', 'Ecstatic', 'over', 'the', 'new', 'challenge,', 'Goku', 'ignores', 'King', ""Kai's"", 'advice', 'and', 'battles', 'Beerus,', 'but', 'he', 'is', 'easily', 'overwhelmed', 'and', 'defeated.', 'Beerus', 'leaves,', 'but', 'his', 'eerie', 'remark', 'of', '""Is', 'there', 'nobody', 'on', 'Earth', 'more', 'worthy', 'to', 'destroy?""', 'lingers', 'on.', 'Now', 'it', 'is', 'up', 'to', 'the', 'heroes', 'to', 'stop', 'the', 'God', 'of', 'Destruction', 'before', 'all', 'is', 'lost.', 'Animation', 'Action']"
206408,Chinese Puzzle,CédricKlapisch,http://www.cassetetechinois-lefilm.fr/,"['Xavier', 'is', 'a', '40-year-old', 'father', 'of', 'two', 'who', 'still', 'finds', 'life', 'very', 'complicated.', 'When', 'the', 'mother', 'of', 'his', 'children', 'moves', 'to', 'New', 'York,', 'he', ""can't"", 'bear', 'them', 'growing', 'up', 'far', 'away', 'from', 'him', 'and', 'so', 'he', 'decides', 'to', 'move', 'there', 'as', 'well.', 'Comedy', 'Drama', 'Romance']"
157350,Divergent,NeilBurger,http://www.thedivergentseries.movie/#divergent,"['In', 'a', 'world', 'divided', 'into', 'factions', 'based', 'on', 'personality', 'types,', 'Tris', 'learns', 'that', ""she's"", 'been', 'classified', 'as', 'Divergent', 'and', ""won't"", 'fit', 'in.', 'When', 'she', 'discovers', 'a', 'plot', 'to', 'destroy', 'Divergents,', 'Tris', 'and', 'the', 'mysterious', 'Four', 'must', 'find', 'out', 'what', 'makes', 'Divergents', 'dangerous', 'before', ""it's"", 'too', 'late.', 'Adventure', 'Action', 'ScienceFiction']"
217993,Justice League: War,JayOliva,http://www.dccomics.com/movies/justice-league-war-2014,"['The', 'world', 'is', 'under', 'attack', 'by', 'an', 'alien', 'armada', 'led', 'by', 'the', 'powerful', 'Apokoliptian,', 'Darkseid.', 'A', 'group', 'of', 'superheroes', 'consisting', 'of', 'Superman,', 'Batman,', 'Wonder', 'Woman,', 'The', 'Flash,', 'Green', 'Lantern,', 'Cyborg,', 'and', 'Shazam', 'must', 'set', 'aside', 'their', 'differences', 'and', 'gather', 'together', 'to', 'defend', 'Earth.', 'Animation']"
177888,Teen Beach Movie,JeffreyHornaday,http://www.disneychannel.disney.com/teen-beach-movie,"['Cowabunga!', 'Catch', 'a', 'perfect', 'wave', 'of', 'fun', 'in', 'the', 'sun,', 'splashed', 'with', 'excitement,', 'surprises', 'and', 'budding', 'romance.', ""Life's"", 'a', 'beach', 'for', 'surfers', 'Brady', '(Ross', 'Lynch)', 'and', 'McKenzie', '(Maia', 'Mitchell)', '–', 'until', 'a', 'rogue', 'wave', 'magically', 'transports', 'them', 'inside', 'the', 'classic', ""'60s"", 'beach', 'party', 'flick,', '""Wet', 'Side', 'Story,""', 'where', 'a', 'full-blown', 'rivalry', 'between', 'bikers', 'and', 'surfers', 'threatens', 'to', 'erupt.', 'There,', 'amidst', 'a', 'sea', 'of', 'surfing,', 'singing', 'and', 'dancing,', 'Brady', 'and', 'Mack', 'accidentally', 'change', 'the', 'storyline,', 'and', 'the', 'film’s', 'dreamy', 'hero', 'and', 'heroine', 'fall', 'for', 'them', 'instead', 'of', 'for', 'each', 'other!', 'Can', 'our', 'heroes', 'get', 'the', 'plot', 'back', 'on', 'track,', 'or', 'will', 'they', 'be', 'trapped', 'there', 'forever?', 'Overflowing', 'with', 'hilarious', 'comedy', 'and', 'high-energy', 'musical', 'numbers,', '""Teen', 'Beach', 'Movie""', 'makes', 'it', 'an', 'endless', 'summer', 'all', 'year', 'long!', 'Family', 'Music', 'TVMovie']"
14028,Behind Enemy Lines III: Colombia,TimMatheson,http://belc.wwe.com,"['Navy', 'SEALS', 'mount', 'an', 'attack', 'on', 'Colombian', 'special', 'forces', 'to', 'clear', 'their', 'names', 'and', 'rescue', 'a', 'hostage.', 'War', 'Action', 'Thriller']"
137106,The Lego Movie,PhilLord,http://www.thelegomovie.com,"['An', 'ordinary', 'Lego', 'mini-figure,', 'mistakenly', 'thought', 'to', 'be', 'the', 'extraordinary', 'MasterBuilder,', 'is', 'recruited', 'to', 'join', 'a', 'quest', 'to', 'stop', 'an', 'evil', 'Lego', 'tyrant', 'from', 'gluing', 'the', 'universe', 'together.', 'Adventure', 'Animation', 'Comedy', 'Family', 'Fantasy']"
97020,RoboCop,JoséPadilha,http://www.robocop.com,"['In', 'RoboCop,', 'the', 'year', 'is', '2028', 'and', 'multinational', 'conglomerate', 'OmniCorp', 'is', 'at', 'the', 'center', 'of', 'robot', 'technology.', 'Overseas,', 'their', 'drones', 'have', 'been', 'used', 'by', 'the', 'military', 'for', 'years,', 'but', 'have', 'been', 'forbidden', 'for', 'law', 'enforcement', 'in', 'America.', 'Now', 'OmniCorp', 'wants', 'to', 'bring', 'their', 'controversial', 'technology', 'to', 'the', 'home', 'front,', 'and', 'they', 'see', 'a', 'golden', 'opportunity', 'to', 'do', 'it.', 'When', 'Alex', 'Murphy', '–', 'a', 'loving', 'husband,', 'father', 'and', 'good', 'cop', 'doing', 'his', 'best', 'to', 'stem', 'the', 'tide', 'of', 'crime', 'and', 'corruption', 'in', 'Detroit', '–', 'is', 'critically', 'injured,', 'OmniCorp', 'sees', 'their', 'chance', 'to', 'build', 'a', 'part-man,', 'part-robot', 'police', 'officer.', 'OmniCorp', 'envisions', 'a', 'RoboCop', 'in', 'every', 'city', 'and', 'even', 'more', 'billions', 'for', 'their', 'shareholders,', 'but', 'they', 'never', 'counted', 'on', 'one', 'thing:', 'there', 'is', 'still', 'a', 'man', 'inside', 'the', 'machine.', 'Action', 'ScienceFiction']"
249397,Nymphomaniac: Vol. II,LarsvonTrier,http://www.magpictures.com/nymphomaniac/,"['The', 'continuation', 'of', ""Joe's"", 'sexually', 'dictated', 'life', 'delves', 'into', 'the', 'darker', 'aspects', 'of', 'her', 'adult', 'life', 'and', 'what', 'led', 'to', 'her', 'being', 'in', ""Seligman's"", 'care.', 'Drama', 'Mystery']"
41109,Don 2: The King is Back,FarhanAkhtar,http://don2thefilm.com/,"['In', '2006,', 'with', 'the', 'ever', 'looming', 'dangers', 'of', 'the', 'underworld', 'in', 'Malaysia,', 'Don', 'broke', 'the', 'morale', 'of', 'his', 'associates', 'by', 'infiltrating', 'the', 'gang', 'with', 'an', 'alias', 'and', 'taking', 'advantage', 'of', 'the', 'enmity', 'of', 'Singhania', '&amp;', 'Vardhaan.', 'He', 'rose', 'to', 'become', 'the', 'undisputed', 'King', 'of', 'the', 'Asian', 'underworld', 'with', 'his', 'shrewd', 'mind', 'and', 'merciless', 'tactics.', 'Now,', 'having', 'conquered', 'the', 'Asian', 'underworld,', 'Don', '(Khan)', 'has', 'his', 'sights', 'set', 'on', 'European', 'domination.', 'In', 'his', 'way', 'are', 'the', 'bosses', 'of', 'the', 'existing', 'European', 'underworld', 'and', 'all', 'law', 'enforcement', 'agencies.', 'The', 'action', 'shifts', 'from', 'Kuala', 'Lumpur', 'to', 'Berlin', 'as', 'Don', 'must', 'avoid', 'assassination', 'or', 'arrest,', 'whichever', 'comes', 'first,', 'in', 'order', 'for', 'his', 'plan', 'to', 'succeed.', 'Action', 'Thriller']"
21474,Bring It On: Fight to the Finish,BilleWoodruff,http://www.bringitonmovie.com,"['Christina', 'Milian', 'stars', 'as', 'sassy', 'cheer', 'captain', 'Lina', 'Cruz,', 'whose', 'world', 'is', 'turned', 'upside-down', 'when', 'her', 'family', 'moves', 'from', 'the', 'urban', 'streets', 'of', 'East', 'Los', 'Angeles', 'to', 'the', 'sunny', 'beach', 'town', 'of', 'Malibu.', 'At', 'her', 'new', 'school,', 'Lina', 'clashes', 'with', 'Avery,', 'the', 'ultra-competitive', 'all-star', 'cheer', 'captain,', 'while', 'also', 'falling', 'for', ""Avery's"", 'super-cute', 'brother,', 'Evan.', 'Comedy']"
53182,300: Rise of an Empire,NoamMurro,http://www.300themovie.com/,"['Based', 'on', 'Frank', ""Miller's"", 'latest', 'graphic', 'novel', 'Xerxes', 'and', 'told', 'in', 'the', 'breathtaking', 'visual', 'style', 'of', 'the', 'blockbuster', '""300,""', 'this', 'new', 'chapter', 'of', 'the', 'epic', 'saga', 'takes', 'the', 'action', 'to', 'a', 'fresh', 'battlefield--on', 'the', 'sea--as', 'Greek', 'general', 'Themistokles', 'attempts', 'to', 'unite', 'all', 'of', 'Greece', 'by', 'leading', 'the', 'charge', 'that', 'will', 'change', 'the', 'course', 'of', 'the', 'war.', '""300:', 'Rise', 'of', 'an', 'Empire""', 'pits', 'Themistokles', 'against', 'the', 'massive', 'invading', 'Persian', 'forces', 'led', 'by', 'mortal-turned-god', 'Xerxes', 'and', 'Artemesia,', 'the', 'vengeful', 'commander', 'of', 'the', 'Persian', 'navy.', 'Action', 'War']"
100402,Captain America: The Winter Soldier,AnthonyRusso,http://www.captainamericathewintersoldiermovie.com,"['After', 'the', 'cataclysmic', 'events', 'in', 'New', 'York', 'with', 'The', 'Avengers,', 'Steve', 'Rogers,', 'aka', 'Captain', 'America', 'is', 'living', 'quietly', 'in', 'Washington,', 'D.C.', 'and', 'trying', 'to', 'adjust', 'to', 'the', 'modern', 'world.', 'But', 'when', 'a', 'S.H.I.E.L.D.', 'colleague', 'comes', 'under', 'attack,', 'Steve', 'becomes', 'embroiled', 'in', 'a', 'web', 'of', 'intrigue', 'that', 'threatens', 'to', 'put', 'the', 'world', 'at', 'risk.', 'Joining', 'forces', 'with', 'the', 'Black', 'Widow,', 'Captain', 'America', 'struggles', 'to', 'expose', 'the', 'ever-widening', 'conspiracy', 'while', 'fighting', 'off', 'professional', 'assassins', 'sent', 'to', 'silence', 'him', 'at', 'every', 'turn.', 'When', 'the', 'full', 'scope', 'of', 'the', 'villainous', 'plot', 'is', 'revealed,', 'Captain', 'America', 'and', 'the', 'Black', 'Widow', 'enlist', 'the', 'help', 'of', 'a', 'new', 'ally,', 'the', 'Falcon.', 'However,', 'they', 'soon', 'find', 'themselves', 'up', 'against', 'an', 'unexpected', 'and', 'formidable', 'enemy—the', 'Winter', 'Soldier.', 'Action', 'Adventure', 'ScienceFiction']"
180299,The Raid 2,GarethEvans,http://www.sonyclassics.com/theraid2/,"['After', 'fighting', 'his', 'way', 'through', 'an', 'apartment', 'building', 'populated', 'by', 'an', 'army', 'of', 'dangerous', 'criminals', 'and', 'escaping', 'with', 'his', 'life,', 'SWAT', 'team', 'member', 'Rama', 'goes', 'undercover,', 'joining', 'a', 'powerful', 'Indonesian', 'crime', 'syndicate', 'to', 'protect', 'his', 'family', 'and', 'uncover', 'corrupt', 'members', 'of', 'his', 'own', 'force.', 'Action', 'Crime', 'Thriller']"
102382,The Amazing Spider-Man 2,MarcWebb,http://www.theamazingspiderman.com,"['For', 'Peter', 'Parker,', 'life', 'is', 'busy.', 'Between', 'taking', 'out', 'the', 'bad', 'guys', 'as', 'Spider-Man', 'and', 'spending', 'time', 'with', 'the', 'person', 'he', 'loves,', 'Gwen', 'Stacy,', 'high', 'school', 'graduation', 'cannot', 'come', 'quickly', 'enough.', 'Peter', 'has', 'not', 'forgotten', 'about', 'the', 'promise', 'he', 'made', 'to', 'Gwen’s', 'father', 'to', 'protect', 'her', 'by', 'staying', 'away,', 'but', 'that', 'is', 'a', 'promise', 'he', 'cannot', 'keep.', 'Things', 'will', 'change', 'for', 'Peter', 'when', 'a', 'new', 'villain,', 'Electro,', 'emerges,', 'an', 'old', 'friend,', 'Harry', 'Osborn,', 'returns,', 'and', 'Peter', 'uncovers', 'new', 'clues', 'about', 'his', 'past.', 'Action', 'Adventure', 'Fantasy']"
249660,God's Not Dead,HaroldCronk,http://www.godsnotdead.com,"['College', 'philosophy', 'professor', 'Mr.', ""Radisson's"", 'curriculum', 'is', 'challenged', 'by', 'his', 'new', 'student,', 'Josh,', 'who', 'believes', 'God', 'exists.', 'Drama']"
172385,Rio 2,CarlosSaldanha,http://www.riomovies.com/,"[""It's"", 'a', 'jungle', 'out', 'there', 'for', 'Blu,', 'Jewel', 'and', 'their', 'three', 'kids', 'after', ""they're"", 'hurtled', 'from', 'Rio', 'de', 'Janeiro', 'to', 'the', 'wilds', 'of', 'the', 'Amazon.', 'As', 'Blu', 'tries', 'to', 'fit', 'in,', 'he', 'goes', 'beak-to-beak', 'with', 'the', 'vengeful', 'Nigel,', 'and', 'meets', 'the', 'most', 'fearsome', 'adversary', 'of', 'all:', 'his', 'father-in-law.', 'Animation', 'Adventure', 'Comedy', 'Family']"
167575,Hatchet III,BJMcDonnell,http://ariescope.com/2011/04/12/hatchet-iii/,"['A', 'search', 'and', 'recovery', 'team', 'heads', 'into', 'the', 'haunted', 'swamp', 'to', 'pick', 'up', 'the', 'pieces', 'and', 'Marybeth', 'learns', 'the', 'secret', 'to', 'ending', 'the', 'voodoo', 'curse', 'that', 'has', 'left', 'Victor', 'Crowley', 'haunting', 'and', 'terrorizing', 'Honey', 'Island', 'Swamp', 'for', 'decades.', 'Horror', 'Thriller', 'Comedy', 'Action']"
258096,Alpha and Omega 3: The Great Wolf Games,RichardRich,http://www.lionsgatepublicity.com/home-entertainment/alphaandomega3greatwolfgames/,"['Join', 'the', 'pack', 'in', 'this', 'wild,', 'warmhearted', 'and', 'totally', 'pawsome', 'adventure', 'starring', ""everyone's"", 'favorite', 'alphas', 'and', 'omegas!', ""It's"", 'time', 'for', '""The', 'Great', 'Wolf', 'Games,""', 'when', 'all', 'the', 'alphas', 'in', 'the', 'packs', 'set', 'aside', 'their', 'differences', 'for', 'some', 'friendly', 'competition.', 'When', 'an', 'unexpected', 'accident', 'puts', 'many', 'of', 'our', ""pack's"", 'star', 'alpha', 'wolves', 'out', 'of', 'commission,', 'a', 'new', 'team', 'is', 'assembled', 'that', 'includes', 'forest', 'friends', 'not', 'in', 'the', 'pack.', 'Can', 'Coach', 'Humphrey', 'lead', 'his', 'ragtag', 'group', 'of', '""underdogs""', 'to', 'victory?', 'Find', 'out', 'in', 'this', 'thrilling', 'movie', 'that', 'will', 'leave', 'you', 'howling', 'for', 'more!', 'Animation', 'Family', 'Adventure', 'Comedy']"
195522,Redes,FredZinnemann,http://worldcinemafoundation.org/films/the-wave,"['A', 'Mexican', 'fishing', 'village', 'fights', 'against', 'government', 'exploitation.', 'History', 'Drama']"
127585,X-Men: Days of Future Past,BryanSinger,http://www.x-menmovies.com/,"['The', 'ultimate', 'X-Men', 'ensemble', 'fights', 'a', 'war', 'for', 'the', 'survival', 'of', 'the', 'species', 'across', 'two', 'time', 'periods', 'as', 'they', 'join', 'forces', 'with', 'their', 'younger', 'selves', 'in', 'an', 'epic', 'battle', 'that', 'must', 'change', 'the', 'past', '–', 'to', 'save', 'our', 'future.', 'Action', 'Adventure', 'Fantasy', 'ScienceFiction']"
215407,Trances,AhmedElMaanouni,http://worldcinemafoundation.org/films/transes,"['Documentary', 'about', 'the', 'Moroccan', 'musical', 'group', 'Nass', 'El', 'Ghiwane.', 'Documentary']"
177677,Mission: Impossible - Rogue Nation,ChristopherMcQuarrie,http://www.missionimpossible.com,"['Ethan', 'and', 'team', 'take', 'on', 'their', 'most', 'impossible', 'mission', 'yet,', 'eradicating', 'the', 'Syndicate', '-', 'an', 'International', 'rogue', 'organization', 'as', 'highly', 'skilled', 'as', 'they', 'are,', 'committed', 'to', 'destroying', 'the', 'IMF.', 'Action', 'Adventure', 'Thriller']"
255268,Bad Ass 2: Bad Asses,CraigMoss,http://www.TheyAreBadAss.com,"['Vietnam', 'vet', 'Frank', 'Vega', 'now', 'runs', 'an', 'East', 'L.A.', 'community', 'center', 'where', 'he', 'trains', 'young', 'boxers', 'to', 'survive', 'in', 'and', 'out', 'of', 'the', 'ring.', 'But', 'when', 'his', 'prize', 'student', 'falls', 'in', 'with', 'the', 'wrong', 'crowd', 'and', 'turns', 'up', 'dead,', 'Frank', 'teams', 'up', 'with', 'his', 'pal', 'Bernie', 'to', 'take', 'matters', 'into', 'their', 'own', 'fists', 'and', 'prove', 'that', 'justice', 'never', 'gets', 'old.', 'Action']"
128841,The Thompsons,PhilFlores,http://www.accentfilm.com/product.cfm?id=MTAwMDI4MA%3D%3D&cat=Mw%3D%3D,"['On', 'the', 'run', 'with', 'the', 'law', 'on', 'their', 'trail,', ""America's"", 'most', 'anguished', 'vampire', 'family', 'heads', 'to', 'England', 'to', 'find', 'an', 'ancient', 'vampire', 'clan.', 'What', 'they', 'find', 'instead', 'could', 'tear', 'their', 'family,', 'and', 'their', 'throats,', 'apart', 'forever.', 'Horror', 'Thriller']"
187017,22 Jump Street,PhilLord,http://www.22jumpstreetmovie.com,"['After', 'making', 'their', 'way', 'through', 'high', 'school', '(twice),', 'big', 'changes', 'are', 'in', 'store', 'for', 'officers', 'Schmidt', 'and', 'Jenko', 'when', 'they', 'go', 'deep', 'undercover', 'at', 'a', 'local', 'college.', 'But', 'when', 'Jenko', 'meets', 'a', 'kindred', 'spirit', 'on', 'the', 'football', 'team,', 'and', 'Schmidt', 'infiltrates', 'the', 'bohemian', 'art', 'major', 'scene,', 'they', 'begin', 'to', 'question', 'their', 'partnership.', 'Now', 'they', ""don't"", 'have', 'to', 'just', 'crack', 'the', 'case', '-', 'they', 'have', 'to', 'figure', 'out', 'if', 'they', 'can', 'have', 'a', 'mature', 'relationship.', 'If', 'these', 'two', 'overgrown', 'adolescents', 'can', 'grow', 'from', 'freshmen', 'into', 'real', 'men,', 'college', 'might', 'be', 'the', 'best', 'thing', 'that', 'ever', 'happened', 'to', 'them.', 'Crime', 'Comedy', 'Action']"
82702,How to Train Your Dragon 2,DeanDeBlois,http://www.howtotrainyourdragon.com/,"['The', 'thrilling', 'second', 'chapter', 'of', 'the', 'epic', 'How', 'To', 'Train', 'Your', 'Dragon', 'trilogy', 'brings', 'back', 'the', 'fantastical', 'world', 'of', 'Hiccup', 'and', 'Toothless', 'five', 'years', 'later.', 'While', 'Astrid,', 'Snotlout', 'and', 'the', 'rest', 'of', 'the', 'gang', 'are', 'challenging', 'each', 'other', 'to', 'dragon', 'races', '(the', ""island's"", 'new', 'favorite', 'contact', 'sport),', 'the', 'now', 'inseparable', 'pair', 'journey', 'through', 'the', 'skies,', 'charting', 'unmapped', 'territories', 'and', 'exploring', 'new', 'worlds.', 'When', 'one', 'of', 'their', 'adventures', 'leads', 'to', 'the', 'discovery', 'of', 'a', 'secret', 'ice', 'cave', 'that', 'is', 'home', 'to', 'hundreds', 'of', 'new', 'wild', 'dragons', 'and', 'the', 'mysterious', 'Dragon', 'Rider,', 'the', 'two', 'friends', 'find', 'themselves', 'at', 'the', 'center', 'of', 'a', 'battle', 'to', 'protect', 'the', 'peace.', 'Fantasy', 'Action', 'Adventure', 'Animation', 'Comedy', 'Family']"
133558,Saints and Soldiers: Airborne Creed,RyanLittle,http://www.airbornecreed.com/,"['A', 'group', 'of', 'American', 'GIs', 'work', 'their', 'way', 'through', 'war-torn', 'France', 'during', 'the', 'final', 'days', 'of', 'the', 'Second', 'World', 'War.', 'Drama']"
91314,Transformers: Age of Extinction,MichaelBay,http://www.transformersmovie.com,"['As', 'humanity', 'picks', 'up', 'the', 'pieces,', 'following', 'the', 'conclusion', 'of', '""Transformers:', 'Dark', 'of', 'the', 'Moon,""', 'Autobots', 'and', 'Decepticons', 'have', 'all', 'but', 'vanished', 'from', 'the', 'face', 'of', 'the', 'planet.', 'However,', 'a', 'group', 'of', 'powerful,', 'ingenious', 'businessman', 'and', 'scientists', 'attempt', 'to', 'learn', 'from', 'past', 'Transformer', 'incursions', 'and', 'push', 'the', 'boundaries', 'of', 'technology', 'beyond', 'what', 'they', 'can', 'control', '-', 'all', 'while', 'an', 'ancient,', 'powerful', 'Transformer', 'menace', 'sets', 'Earth', 'in', 'his', 'cross-hairs.', 'ScienceFiction', 'Action', 'Adventure']"
218836,Planes: Fire & Rescue,RobertsGannaway,http://movies.disney.com/planes-fire-and-rescue,"['When', 'world-famous', 'air', 'racer', 'Dusty', 'learns', 'that', 'his', 'engine', 'is', 'damaged', 'and', 'he', 'may', 'never', 'race', 'again,', 'he', 'must', 'shift', 'gears', 'and', 'is', 'launched', 'into', 'the', 'world', 'of', 'aerial', 'firefighting.', 'Dusty', 'joins', 'forces', 'with', 'veteran', 'fire', 'and', 'rescue', 'helicopter', 'Blade', 'Ranger', 'and', 'his', 'team,', 'a', 'bunch', 'of', 'all-terrain', 'vehicles', 'known', 'as', 'The', 'Smokejumpers.', 'Together,', 'the', 'fearless', 'team', 'battles', 'a', 'massive', 'wildfire,', 'and', 'Dusty', 'learns', 'what', 'it', 'takes', 'to', 'become', 'a', 'true', 'hero.', 'Animation', 'Comedy', 'Adventure', 'Family']"
119450,Dawn of the Planet of the Apes,MattReeves,http://www.dawnofapes.com/,"['A', 'group', 'of', 'scientists', 'in', 'San', 'Francisco', 'struggle', 'to', 'stay', 'alive', 'in', 'the', 'aftermath', 'of', 'a', 'plague', 'that', 'is', 'wiping', 'out', 'humanity,', 'while', 'Caesar', 'tries', 'to', 'maintain', 'dominance', 'over', 'his', 'community', 'of', 'intelligent', 'apes.', 'ScienceFiction', 'Action', 'Drama', 'Thriller']"
118340,Guardians of the Galaxy,JamesGunn,http://marvel.com/guardians,"['Light', 'years', 'from', 'Earth,', '26', 'years', 'after', 'being', 'abducted,', 'Peter', 'Quill', 'finds', 'himself', 'the', 'prime', 'target', 'of', 'a', 'manhunt', 'after', 'discovering', 'an', 'orb', 'wanted', 'by', 'Ronan', 'the', 'Accuser.', 'Action', 'ScienceFiction', 'Adventure']"
138103,The Expendables 3,PatrickHughes,http://theexpendables3film.com/,"['Barney,', 'Christmas', 'and', 'the', 'rest', 'of', 'the', 'team', 'comes', 'face-to-face', 'with', 'Conrad', 'Stonebanks,', 'who', 'years', 'ago', 'co-founded', 'The', 'Expendables', 'with', 'Barney.', 'Stonebanks', 'subsequently', 'became', 'a', 'ruthless', 'arms', 'trader', 'and', 'someone', 'who', 'Barney', 'was', 'forced', 'to', 'kill…', 'or', 'so', 'he', 'thought.', 'Stonebanks,', 'who', 'eluded', 'death', 'once', 'before,', 'now', 'is', 'making', 'it', 'his', 'mission', 'to', 'end', 'The', 'Expendables', '--', 'but', 'Barney', 'has', 'other', 'plans.', 'Barney', 'decides', 'that', 'he', 'has', 'to', 'fight', 'old', 'blood', 'with', 'new', 'blood,', 'and', 'brings', 'in', 'a', 'new', 'era', 'of', 'Expendables', 'team', 'members,', 'recruiting', 'individuals', 'who', 'are', 'younger,', 'faster', 'and', 'more', 'tech-savvy.', 'The', 'latest', 'mission', 'becomes', 'a', 'clash', 'of', 'classic', 'old-school', 'style', 'versus', 'high-tech', 'expertise', 'in', 'the', 'Expendables’', 'most', 'personal', 'battle', 'yet.', 'Action', 'Adventure', 'Thriller']"
243683,Step Up All In,TrishSie,http://stepupmovie.com/,"['All-stars', 'from', 'the', 'previous', 'Step', 'Up', 'installments', 'come', 'together', 'in', 'glittering', 'Las', 'Vegas,', 'battling', 'for', 'a', 'victory', 'that', 'could', 'define', 'their', 'dreams', 'and', 'their', 'careers.', 'Romance', 'Drama', 'Music']"
98566,Teenage Mutant Ninja Turtles,JonathanLiebesman,http://www.teenagemutantninjaturtlesmovie.com,"['The', 'city', 'needs', 'heroes.', 'Darkness', 'has', 'settled', 'over', 'New', 'York', 'City', 'as', 'Shredder', 'and', 'his', 'evil', 'Foot', 'Clan', 'have', 'an', 'iron', 'grip', 'on', 'everything', 'from', 'the', 'police', 'to', 'the', 'politicians.', 'The', 'future', 'is', 'grim', 'until', 'four', 'unlikely', 'outcast', 'brothers', 'rise', 'from', 'the', 'sewers', 'and', 'discover', 'their', 'destiny', 'as', 'Teenage', 'Mutant', 'Ninja', 'Turtles.', 'The', 'Turtles', 'must', 'work', 'with', 'fearless', 'reporter', 'April', 'and', 'her', 'wise-cracking', 'cameraman', 'Vern', 'Fenwick', 'to', 'save', 'the', 'city', 'and', 'unravel', ""Shredder's"", 'diabolical', 'plan.', 'ScienceFiction', 'Action', 'Adventure', 'Fantasy', 'Comedy']"
189,Sin City: A Dame to Kill For,RobertRodriguez,http://sincity-2.com/,"['Some', 'of', 'Sin', ""City's"", 'most', 'hard-boiled', 'citizens', 'cross', 'paths', 'with', 'a', 'few', 'of', 'its', 'more', 'reviled', 'inhabitants.', 'Crime', 'Thriller']"
199933,Atlas Shrugged Part III: Who is John Galt?,JamesManera,http://www.atlasshruggedmovie.com/,"['Approaching', 'collapse,', 'the', ""nation's"", 'economy', 'is', 'quickly', 'eroding.', 'As', 'crime', 'and', 'fear', 'take', 'over', 'the', 'countryside,', 'the', 'government', 'continues', 'to', 'exert', 'its', 'brutal', 'force', 'against', 'the', ""nation's"", 'most', 'productive', 'who', 'are', 'mysteriously', 'vanishing', '-', 'leaving', 'behind', 'a', 'wake', 'of', 'despair.', 'One', 'man', 'has', 'the', 'answer.', 'One', 'woman', 'stands', 'in', 'his', 'way.', 'Some', 'will', 'stop', 'at', 'nothing', 'to', 'control', 'him.', 'Others', 'will', 'stop', 'at', 'nothing', 'to', 'save', 'him.', 'He', 'swore', 'by', 'his', 'life.', 'They', 'swore', 'to', 'find', 'him.', 'Drama', 'ScienceFiction', 'Mystery']"
287590,Saint Seiya: Legend of Sanctuary,KeiichiSato,http://www.seintseiya2014.com,"['Warriors', 'called', '""Saints""', 'are', 'the', 'champions', 'of', 'hope', 'who', 'have', 'always', 'appeared', 'since', 'the', 'Age', 'of', 'Myth', 'whenever', 'evil', 'threatens', 'the', 'world.', 'In', 'this', 'present', 'day', 'story,', 'many', 'years', 'since', 'the', 'long', 'fought', '""Holy', 'War""', 'we', 'find', 'Saori', 'Kido,', 'a', 'girl', 'troubled', 'by', 'her', 'mysterious', 'powers.', 'She', 'is', 'saved', 'by', 'a', 'boy,', 'Seiya', '""Bronze', 'Saint""', 'from', 'a', 'sudden', 'attack', 'by', 'an', 'assassin,', 'through', 'the', 'accident', 'Saori', 'realizes', 'her', 'destiny', 'and', 'mission', 'and', 'decides', 'to', 'go', 'to', '""Sanctuary""', 'with', 'Seiya', 'and', 'his', 'company', 'of', 'Bronze', 'Saints.', 'In', 'Sanctuary', 'they', 'confront', '""Pope""', 'and', 'wage', 'a', 'desperate', 'battle', 'against', 'the', 'greatest', 'Saints,', 'the', '""Gold', 'Saints"".', 'Action', 'Animation', 'Fantasy']"
198663,The Maze Runner,WesBall,http://themazerunnermovie.com/,"['Set', 'in', 'a', 'post-apocalyptic', 'world,', 'young', 'Thomas', 'is', 'deposited', 'in', 'a', 'community', 'of', 'boys', 'after', 'his', 'memory', 'is', 'erased,', 'soon', 'learning', ""they're"", 'all', 'trapped', 'in', 'a', 'maze', 'that', 'will', 'require', 'him', 'to', 'join', 'forces', 'with', 'fellow', '""runners""', 'for', 'a', 'shot', 'at', 'escape.', 'Action', 'Mystery', 'ScienceFiction', 'Thriller']"
248504,Sharknado 2: The Second One,AnthonyC.Ferrante,http://www.theasylum.cc/product.php?id=253,"['A', 'freak', 'weather', 'system', 'turns', 'its', 'deadly', 'fury', 'on', 'New', 'York', 'City,', 'unleashing', 'a', 'Sharknado', 'on', 'the', 'population', 'and', 'its', 'most', 'cherished,', 'iconic', 'sites', '-', 'and', 'only', 'Fin', 'and', 'April', 'can', 'save', 'the', 'Big', 'Apple.', 'Thriller', 'Horror', 'ScienceFiction']"
250546,Annabelle,JohnR.Leonetti,http://annabellemovie.com/,"['John', 'Form', 'has', 'found', 'the', 'perfect', 'gift', 'for', 'his', 'expectant', 'wife,', 'Mia', '-', 'a', 'beautiful,', 'rare', 'vintage', 'doll', 'in', 'a', 'pure', 'white', 'wedding', 'dress.', 'But', ""Mia's"", 'delight', 'with', 'Annabelle', ""doesn't"", 'last', 'long.', 'On', 'one', 'horrific', 'night,', 'their', 'home', 'is', 'invaded', 'by', 'members', 'of', 'a', 'satanic', 'cult,', 'who', 'violently', 'attack', 'the', 'couple.', 'Spilled', 'blood', 'and', 'terror', 'are', 'not', 'all', 'they', 'leave', 'behind.', 'The', 'cultists', 'have', 'conjured', 'an', 'entity', 'so', 'malevolent', 'that', 'nothing', 'they', 'did', 'will', 'compare', 'to', 'the', 'sinister', 'conduit', 'to', 'the', 'damned', 'that', 'is', 'now...', 'Annabelle.', 'Horror']"
245891,John Wick,ChadStahelski,http://www.johnwickthemovie.com/,"['Ex-lunatic', 'John', 'Wick', 'comes', 'off', 'his', 'meds', 'to', 'track', 'down', 'the', 'bounders', 'that', 'killed', 'his', 'dog', 'and', 'made', 'off', 'with', 'his', 'self-respect', 'Action', 'Thriller']"
157829,The Disappearance of Eleanor Rigby: Them,NedBenson,http://eleanorrigby-movie.com/,"['A', 'New', 'York', ""couple's"", 'relationship', 'is', 'tested', 'after', 'the', 'loss', 'of', 'their', 'child.', 'This', 'film', 'is', 'the', 'wide-released', 'combination', 'of', 'the', 'original', 'two', ':him', 'and', ':her', 'volumes', 'that', 'premiered', 'at', 'the', 'Cannes', 'Film', 'Festival.', 'Drama']"
199534,Wolf Creek 2,GregMcLean,http://www.wolfcreek2.com.au/#sthash.QKVjnVr1.dpbs,"['Lured', 'by', 'the', 'promise', 'of', 'an', 'Australian', 'holiday,', 'backpackers', 'Rutger,', 'Katarina,', 'and', 'Paul', 'visit', 'the', 'notorious', 'Wolf', 'Creek', 'Crater.', 'Their', 'dream', 'Outback', 'adventure', 'soon', 'becomes', 'a', 'horrific', 'reality', 'when', 'they', 'encounter', 'the', 'site’s', 'most', 'infamous', 'local,', 'the', 'last', 'man', 'any', 'traveler', 'to', 'the', 'region', 'ever', 'wants', 'to', 'meet;', 'Mick', 'Taylor', '(John', 'Jarratt).', 'As', 'the', 'backpackers', 'flee,', 'Mick', 'pursues', 'them', 'on', 'an', 'epic', 'white', 'knuckled', 'rampage', 'across', 'hostile', 'wasteland.', 'Only', 'one', 'will', 'remain', 'to', 'be', 'dragged', 'back', 'to', 'his', 'lair', 'to', 'witness', 'the', 'true', 'magnitude', 'of', 'his', 'monstrosity.', 'And', 'if', 'the', 'last', 'man', 'standing', 'is', 'to', 'have', 'any', 'hope', 'of', 'surviving', 'where', 'no', 'one', 'else', 'has', 'survived', 'before,', 'he’ll', 'have', 'to', 'use', 'every', 'ounce', 'of', 'cunning', 'to', 'outwit', 'the', 'man', 'behind', 'the', 'monster', 'and', 'become', 'every', 'bit', 'as', 'ruthless', 'as', 'the', 'monster', 'inside', 'the', 'man.', 'Horror', 'Thriller']"
25475,Tinker Bell and the Lost Treasure,KlayHall,http://disneydvd.disney.go.com/tinker-bell-and-the-lost-treasure.html,"['A', 'blue', 'harvest', 'moon', 'will', 'rise,', 'allowing', 'the', 'fairies', 'to', 'use', 'a', 'precious', 'moonstone', 'to', 'restore', 'the', 'Pixie', 'Dust', 'Tree,', 'the', 'source', 'of', 'all', 'their', 'magic.', 'But', 'when', 'Tinker', 'Bell', 'accidentally', 'puts', 'all', 'of', 'Pixie', 'Hollow', 'in', 'jeopardy,', 'she', 'must', 'venture', 'out', 'across', 'the', 'sea', 'on', 'a', 'secret', 'quest', 'to', 'set', 'things', 'right.', 'Animation', 'Family', 'Adventure', 'Fantasy']"
105528,Cowgirls n' Angels,TimothyArmstrong,http://www.facebook.com/cowgirlsnangels,"['A', 'group', 'of', 'rodeo', 'trick-riders', 'recruits', 'a', 'young', 'girl', 'to', 'join', 'them.', 'Drama', 'Family']"
255476,Dakota's Summer,TimothyArmstrong,http://www.dakotassummer.com/,"['Cowgirls', ""'n"", 'Angels', ""Dakota's"", 'Summer', 'tells', 'the', 'story', 'of', 'Dakota', 'Rose,', 'a', 'cowgirl', 'and', 'competitive', 'trick', 'rider', 'who', 'finds', 'out', 'at', 'the', 'age', 'of', 'seventeen', 'that', 'she', 'was', 'adopted.', 'She', 'secretly', 'sets', 'out', 'to', 'discover', 'the', 'truth', 'about', 'her', 'adoption', 'and', 'meet', 'her', 'birth', 'parents', 'while', 'visiting', 'her', 'grandfather,', 'rodeo', 'legend', 'Austin', 'Rose.', 'At', ""Austin's"", 'ranch', 'on', 'break', 'from', 'the', 'Sweethearts', 'of', 'the', 'Rodeo', 'trick', 'riding', 'team,', 'Dakota', 'discovers', 'that', 'family', 'is', 'not', 'defined', 'by', 'blood,', 'but', 'rather', 'personal', 'commitment', 'and', 'by', 'the', 'love', 'they', 'share.', 'Finally', 'at', 'peace,', 'Dakota', 'trains', 'with', 'Austin', 'in', 'order', 'to', 'prepare', 'to', 'rejoin', 'the', 'Sweethearts', 'for', 'their', 'final', 'competition', 'against', 'the', 'talented', 'Lone', 'Star', 'trick', 'riding', 'team', 'and', 'become', 'the', 'champion', 'trick', 'rider', 'she', 'was', 'destined', 'to', 'be.', 'Family']"
79723,New Kids Nitro,SteffenHaars,http://www.newkidsnitro.nl/,"['Gerrie,', 'Richard,', 'Rikkert,', 'Robbie', 'and', 'Barry', 'from', 'Maaskantje', 'are', 'in', 'a', 'big', 'fight', 'with', 'the', 'village', 'of', 'Schijndel.', 'When', 'a', 'zombie', 'kills', 'someone', 'from', 'Brabant,', 'things', 'get', 'out', 'of', 'hand.', 'Action', 'Comedy']"
241842,Dead Snow 2: Red vs. Dead,TommyWirkola,http://www.deadsnow.com/,"['The', 'gruesome', 'Nazi', 'Zombies', 'are', 'back', 'to', 'finish', 'their', 'mission,', 'but', 'our', 'hero', 'is', 'not', 'willing', 'to', 'die.', 'He', 'is', 'gathering', 'his', 'own', 'army', 'to', 'give', 'them', 'a', 'final', 'fight.', 'Horror', 'Action', 'Comedy']"
291155,"Fat, Sick & Nearly Dead 2",KurtEngfehr,http://fatsickandnearlydead2.com/,"['Joe', 'Cross', 'took', 'viewers', 'on', 'his', 'journey', 'from', 'overweight', 'and', 'sick', 'to', 'healthy', 'and', 'fit', 'via', 'a', '60-day', 'juice', 'fast', 'in', 'the', 'award-winning', 'Fat', 'Sick', 'and', 'Nearly', 'Dead.', 'With', 'Fat,', 'Sick', '&amp;', 'Nearly', 'Dead', '2,', 'he', 'looks', 'at', 'keeping', 'healthy', 'habits', 'long-term.', 'Documentary']"
131631,The Hunger Games: Mockingjay - Part 1,FrancisLawrence,http://www.thehungergames.movie/,"['Katniss', 'Everdeen', 'reluctantly', 'becomes', 'the', 'symbol', 'of', 'a', 'mass', 'rebellion', 'against', 'the', 'autocratic', 'Capitol.', 'ScienceFiction', 'Adventure', 'Thriller']"
227735,Dolphin Tale 2,CharlesMartinSmith,http://www.seewinter.com/,"['The', 'team', 'of', 'people', 'who', 'saved', ""Winter's"", 'life', 'reassemble', 'in', 'the', 'wake', 'of', 'her', 'surrogate', ""mother's"", 'passing', 'in', 'order', 'to', 'find', 'her', 'a', 'companion', 'so', 'she', 'can', 'remain', 'at', 'the', 'Clearwater', 'Marine', 'Hospital.', 'Family', 'Drama']"
17780,A Kind of America 2,GáborHerendi,http://www.valamiamerika.hu,"['A', 'lottónyereménynek', 'hála,', 'Tamás', 'megcsinálhatta', 'a', 'filmjét,', 'ami', 'azonban', 'a', 'várakozásokkal', 'ellentétben', 'nagyot', 'bukott.', 'A', 'három', 'fiú', 'egy', 'képeslap', 'révén', 'Alex', 'nyomára', 'jut,', 'aki', 'most', 'szabadult', 'a', 'dutyiból', 'Amerikában', 'és', 'megint', 'csak', 'álnéven,', 'egy', 'színdarab', 'jogait', 'akarja', 'megszerezni.', 'A', 'fiúk', 'azt', 'remélik,', 'hogy', 'megtalálják', 'Alexet,', 'megveszik', 'előle', 'a', 'jogokat', 'és', 'végre', 'visszaszerzik', 'a', 'hatvan', 'milliójukat,', 'amivel', 'a', 'férfi', 'lelépett.', 'Irány', 'Amerika!', 'Ám', 'természetesen', 'a', 'dolgok', 'megint', 'nem', 'az', 'elképzelések', 'szerint', 'alakulnak.', 'Végül', 'Tamásra', 'vár', 'a', 'feladat,', 'hogy', 'Budapesten', 'rendezze', 'meg', 'a', 'darabot.', 'Comedy']"
36683,20th Century Boys - Chapter 1: Beginning of the End,YukihikoTsutsumi,http://www.4digitalmedia.com/20cb/index.html,"['In', '1969,', 'Kenji,', 'an', 'elementary', 'school', 'kid', 'and', 'his', 'friends', 'built', 'a', 'secret', 'base', 'during', 'their', 'summer', 'holidays.', 'They', 'fantasized', 'that', 'they', 'had', 'to', 'fight', 'villains', 'who', 'were', 'out', 'to', 'conquer', 'the', 'world', 'and', 'wrote', 'them', 'in', 'the', 'Book', 'of', 'Prophecies.', 'Years', 'later', 'in', '1997,', 'Kenji', 'becomes', 'a', 'convenience', 'store', 'manager', 'and', 'leads', 'a', 'regular', 'life', 'after', 'giving', 'up', 'his', 'dreams', 'to', 'become', 'a', 'rock', 'star.', 'His', 'boring', 'life', 'is', 'suddenly', 'turned', 'upside', 'down', 'when', 'his', 'old', 'classmate', 'dies', 'mysteriously', 'and', 'an', 'entire', 'family', 'in', 'the', 'neighbourhood', 'disappears.', 'At', 'the', 'same', 'time,', 'a', 'religious', 'cult', 'and', 'its', 'mysterious', 'leader,', 'Friend', 'emerges', 'and', 'a', 'strange', 'chain', 'of', 'events', 'duplicating', 'exactly', 'the', 'events', 'described', 'in', 'the', 'Book', 'of', 'Prophecies', 'follow.', 'Is', 'this', 'the', 'beginning', 'of', 'the', 'end', 'of', 'the', 'world?', 'Who', 'is', 'Friend?', 'ScienceFiction', 'Adventure', 'Mystery']"
241868,Lupin the 3rd,RyûheiKitamura,http://lupin-the-movie.jp/,"['Interpol', 'Inspector', 'Zenigata', 'begins', 'a', 'world-wide', 'hunt', 'for', 'the', 'infamous', 'thief', 'Lupin', 'The', '3rd.', 'But', 'together,', 'they', 'face', 'a', 'powerful', 'enemy', 'and', 'form', 'the', 'Lupin', 'team', 'in', 'response.', 'The', 'Lupin', 'team', 'then', 'faces', 'the', 'challenge', 'of', 'retrieving', 'the', '""Crimson', 'Heart', 'of', 'Cleopatra""', 'locked', 'away', 'in', 'a', 'fort', 'like', 'safe.', 'The', 'treasure', 'is', 'thought', 'to', 'allow', 'its', 'owner', 'to', 'control', 'the', 'world.', 'Action', 'Adventure', 'Comedy']"
119892,The Monkey King,SoiCheang,http://themonkeyking.com/,"['Sun', 'Wukong,', '(The', 'Monkey', 'King)', 'is', 'a', 'monkey', 'born', 'from', 'a', 'heavenly', 'stone', 'who', 'acquires', 'supernatural', 'powers.', 'After', 'rebelling', 'against', 'heaven', 'and', 'being', 'imprisoned', 'under', 'a', 'mountain', 'for', '500', 'years,', 'he', 'later', 'accompanies', 'the', 'monk', 'Xuanzang', 'on', 'a', 'journey', 'to', 'India.', 'Thus,', 'according', 'to', 'legend,', 'Buddhism', 'is', 'brought', 'to', 'ancient', 'China.', 'This', 'much', 'beloved', 'story,', 'is', 'as', 'much', 'a', 'part', 'of', 'Asian', 'culture', 'as', 'The', 'Iliad', 'and', 'The', 'Odyssey', 'or', 'The', 'Wizard', 'of', 'Oz', 'are', 'to', 'the', 'West.', 'This', 'first', 'installment', 'in', 'a', 'trilogy', 'of', 'live', 'action', '3-D', 'movies', 'is', 'actually', 'a', 'prequel', 'to', 'The', 'Journey', 'To', 'The', 'West,', 'the', 'much', 'told', 'story', 'of', 'the', 'Monkey', ""King's"", 'adventures', 'on', 'the', 'road', 'to', 'India.', 'Action', 'Adventure', 'Family']"
135397,Jurassic World,ColinTrevorrow,http://www.jurassicworld.com/,"['Twenty-two', 'years', 'after', 'the', 'events', 'of', 'Jurassic', 'Park,', 'Isla', 'Nublar', 'now', 'features', 'a', 'fully', 'functioning', 'dinosaur', 'theme', 'park,', 'Jurassic', 'World,', 'as', 'originally', 'envisioned', 'by', 'John', 'Hammond.', 'Action', 'Adventure', 'ScienceFiction', 'Thriller']"
170522,Asterix: The Mansions of the Gods,AlexandreAstier,http://www.sndm6group.com/Product/130/ASTERIX--the-Land-of-the-Gods,"['In', 'order', 'to', 'wipe', 'out', 'the', 'Gaulish', 'village', 'by', 'any', 'means', 'necessary,', 'Caesar', 'plans', 'to', 'absorb', 'the', 'villagers', 'into', 'Roman', 'culture', 'by', 'having', 'an', 'estate', 'built', 'next', 'to', 'the', 'village', 'to', 'start', 'a', 'new', 'Roman', 'colony.', 'Animation', 'Comedy', 'Adventure']"
294254,Maze Runner: The Scorch Trials,WesBall,http://mazerunnermovies.com,"['Thomas', 'and', 'his', 'fellow', 'Gladers', 'face', 'their', 'greatest', 'challenge', 'yet:', 'searching', 'for', 'clues', 'about', 'the', 'mysterious', 'and', 'powerful', 'organization', 'known', 'as', 'WCKD.', 'Their', 'journey', 'takes', 'them', 'to', 'the', 'Scorch,', 'a', 'desolate', 'landscape', 'filled', 'with', 'unimaginable', 'obstacles.', 'Teaming', 'up', 'with', 'resistance', 'fighters,', 'the', 'Gladers', 'take', 'on', 'WCKD’s', 'vastly', 'superior', 'forces', 'and', 'uncover', 'its', 'shocking', 'plans', 'for', 'them', 'all.', 'Action']"
134375,Home Alone: The Holiday Heist,PeterHewitt,http://www.facebook.com/HomeAloneFive,"['8-year-old', 'Finn', 'who', 'is', 'terrified', 'to', 'learn', 'his', 'family', 'is', 'relocating', 'from', 'sunny', 'California', 'to', 'Maine', 'in', 'the', 'scariest', 'house', 'he', 'has', 'ever', 'seen!', 'Convinced', 'that', 'his', 'new', 'house', 'is', 'haunted,', 'Finn', 'sets', 'up', 'a', 'series', 'of', 'elaborate', 'traps', 'to', 'catch', 'the', '“ghost”', 'in', 'action.', 'Left', 'home', 'alone', 'with', 'his', 'sister', 'while', 'their', 'parents', 'are', 'stranded', 'across', 'town,', 'Finn’s', 'traps', 'catch', 'a', 'new', 'target', '–', 'a', 'group', 'of', 'thieves', 'who', 'have', 'targeted', 'Finn’s', 'house.', 'Comedy', 'Crime', 'Family']"
74035,Ninjas vs. Zombies,JustinTimpane,http://www.nvzmovie.com,"['Seven', 'friends,', 'struggling', 'with', 'late', '20s,', 'early', ""30's"", 'life,', 'find', 'themselves', 'in', 'terrifying', 'danger', 'when', 'a', 'long-dead', 'loved', 'one', 'is', 'magically', 'resurrected', 'and', 'starts', 'devouring', 'souls.', 'To', 'make', 'matters', 'worse,', 'three', 'of', 'them', 'have', 'been', 'granted', 'the', 'power', 'of', 'the', 'Ninja,', 'and', 'now', 'must', 'lead', 'the', 'fight', 'against', 'a', 'power', 'they', 'cannot', 'hope', 'to', 'vanquish.', 'If', 'they', 'fail,', 'the', 'un-dead', 'will', 'overrun', 'their', 'little', 'town,', 'and', 'quite', 'possibly', 'the', 'world.', 'Horror', 'Action', 'Comedy']"
122917,The Hobbit: The Battle of the Five Armies,PeterJackson,http://www.thehobbit.com/,"['Immediately', 'after', 'the', 'events', 'of', 'The', 'Desolation', 'of', 'Smaug,', 'Bilbo', 'and', 'the', 'dwarves', 'try', 'to', 'defend', ""Erebor's"", 'mountain', 'of', 'treasure', 'from', 'others', 'who', 'claim', 'it:', 'the', 'men', 'of', 'the', 'ruined', 'Laketown', 'and', 'the', 'elves', 'of', 'Mirkwood.', 'Meanwhile', 'an', 'army', 'of', 'Orcs', 'led', 'by', 'Azog', 'the', 'Defiler', 'is', 'marching', 'on', 'Erebor,', 'fueled', 'by', 'the', 'rise', 'of', 'the', 'dark', 'lord', 'Sauron.', 'Dwarves,', 'elves', 'and', 'men', 'must', 'unite,', 'and', 'the', 'hope', 'for', 'Middle-Earth', 'falls', 'into', ""Bilbo's"", 'hands.', 'Action', 'Adventure', 'Fantasy']"
207703,Kingsman: The Secret Service,MatthewVaughn,http://www.kingsmanmovie.com/,"['The', 'story', 'of', 'a', 'super-secret', 'spy', 'organization', 'that', 'recruits', 'an', 'unrefined', 'but', 'promising', 'street', 'kid', 'into', 'the', ""agency's"", 'ultra-competitive', 'training', 'program', 'just', 'as', 'a', 'global', 'threat', 'emerges', 'from', 'a', 'twisted', 'tech', 'genius.', 'Crime', 'Comedy', 'Action', 'Adventure']"
16460,Garfield Gets Real,MarkA.Z.Dippé,http://garfield.com/d2v/index.html,"['Garfield', 'is', 'back', 'with', 'a', 'new', 'look.', 'Tired', 'with', 'his', 'routine', 'as', 'a', 'comic', 'strip', 'star,', 'Garfield', 'escapes', 'the', 'page', 'and', 'heads', 'into', 'the', '""real', 'world.""', 'While', 'living', 'the', 'low-key', 'life', 'of', 'a', 'real', 'housecat,', 'he', 'learns', 'his', 'comic', 'will', 'be', 'cancelled', 'if', 'he', ""doesn't"", 'return', 'before', 'the', 'newspaper', 'goes', 'to', 'print.', 'The', 'video', 'games', 'will', 'follow', 'the', 'storyline', 'as', 'Garfield', 'plows', 'through', 'obstacles', 'to', 'make', 'his', 'way', 'back', 'home.', 'Family', 'Animation', 'Comedy']"
260346,Taken 3,OlivierMegaton,http://www.taken3movie.com/,"['Ex-government', 'operative', 'Bryan', 'Mills', 'finds', 'his', 'life', 'is', 'shattered', 'when', ""he's"", 'falsely', 'accused', 'of', 'a', 'murder', 'that', 'hits', 'close', 'to', 'home.', 'As', ""he's"", 'pursued', 'by', 'a', 'savvy', 'police', 'inspector,', 'Mills', 'employs', 'his', 'particular', 'set', 'of', 'skills', 'to', 'track', 'the', 'real', 'killer', 'and', 'exact', 'his', 'unique', 'brand', 'of', 'justice.', 'Thriller', 'Action']"
87101,Terminator Genisys,AlanTaylor,http://www.terminatormovie.com/,"['The', 'year', 'is', '2029.', 'John', 'Connor,', 'leader', 'of', 'the', 'resistance', 'continues', 'the', 'war', 'against', 'the', 'machines.', 'At', 'the', 'Los', 'Angeles', 'offensive,', ""John's"", 'fears', 'of', 'the', 'unknown', 'future', 'begin', 'to', 'emerge', 'when', 'TECOM', 'spies', 'reveal', 'a', 'new', 'plot', 'by', 'SkyNet', 'that', 'will', 'attack', 'him', 'from', 'both', 'fronts;', 'past', 'and', 'future,', 'and', 'will', 'ultimately', 'change', 'warfare', 'forever.', 'ScienceFiction', 'Action', 'Thriller', 'Adventure']"
11752,Cheeky Girls,UteWieland,http://www.frechemaedchen.film.de/,"['Three', 'teen-aged', 'girlfriends', 'navigate', 'multiple', 'love', 'triangles.', 'Comedy', 'Drama']"
132601,The Reef 2: High Tide,MarkA.Z.Dippé,http://www.imdb.com/title/tt1978567/,"['Trained', 'in', 'the', 'skills', 'of', 'sea', 'power,', 'Pi', 'the', 'fish', 'can', 'fight', 'a', 'shark,', 'sink', 'a', 'squid', 'or', 'batter', 'any', 'random', 'predator', 'that', 'ever', 'threatens', 'his', 'friends', 'and', 'neighbors', 'on', 'the', 'reef.', 'Unfortunately,', 'being', 'the', 'only', 'hero', 'in', 'town', 'can', 'take', 'its', 'toll,', 'especially', 'when', 'a', 'group', 'of', 'sharks', 'declares', 'that', 'the', 'end', 'of', 'the', 'reef', 'is', 'soon', 'at', 'hand.', 'Animation', 'Family']"
30178,Stuart Little 3: Call of the Wild,AuduPaden,http://www.sonypictures.com/cthe/stuartlittle3/site/,"['With', 'school', 'out', 'for', 'the', 'summer,', 'the', 'Littles', 'are', 'vacationing', 'in', 'a', 'cabin', 'by', 'the', 'lake,', 'and', 'Stuart', 'is', 'so', 'excited', 'he', 'could', 'burst!', 'But', 'when', 'Snowbell', 'the', 'cat', 'is', 'captured', 'by', 'a', 'mean-spirited', 'creature', 'known', 'simply', 'as', 'the', 'Beast,', ""it's"", 'up', 'to', 'Stuart', 'and', 'a', 'skunk', 'named', 'Reeko', 'to', 'rescue', 'him', 'and', 'a', 'few', 'other', 'friends.', 'Fantasy', 'Animation', 'Comedy', 'ScienceFiction', 'Family']"
24554,The Land Before Time X: The Great Longneck Migration,CharlesGrosvenor,http://www.landbeforetime.com/,"['A', 'bedtime', 'story', 'leads', 'Littlefoot', 'and', 'his', 'grandparents', 'on', 'a', 'journey', 'to', 'a', 'new', 'land,', 'where', 'Littlefoot', 'discovers', 'someone', 'who', 'vanished', 'before', 'he', 'was', 'born:', 'his', 'father!', 'Now', 'Littlefoot', 'must', 'decide', 'between', 'two', 'worlds.', 'Will', 'he', 'leave', 'to', 'be', 'with', 'his', 'friends', 'in', 'the', 'Great', 'Valley,', 'or', 'stay', 'behind', 'and', 'start', 'a', 'new', 'life', 'with', 'his', 'father?', 'Adventure', 'Animation', 'Family']"
48844,The Search for Santa Paws,RobertVince,http://disneydvd.disney.go.com/the-search-for-santa-paws.html,"['In', 'the', 'tradition', 'of', ""disney's"", 'classic', 'holiday', 'tales', 'comes', 'a', 'heartwarming', 'movie', 'about', 'the', 'power', 'of', 'giving', 'and', 'the', 'true', 'meaning', 'of', 'christmas.', 'Discover', 'how', 'the', 'legendary', 'friendship', 'of', 'Santa', 'Claus', 'and', 'Santa', 'Paws', 'began', 'in', 'the', 'inspiring', 'original', 'film,', 'The', 'Search', 'For', 'Santa', 'Paws.', 'When', 'Santa', 'and', 'his', 'new', 'best', 'friend,', 'Paws,', 'discover', 'that', 'the', 'boys', 'and', 'girls', 'of', 'the', 'world', 'have', 'lost', 'the', 'spirit', 'of', 'the', 'season,', 'they', 'take', 'a', 'trip', 'to', 'New', 'York', 'City.', 'But', 'after', 'Santa', 'loses', 'his', 'memory,', ""it's"", 'up', 'to', 'Paws,', 'a', 'faithful', 'orphan', 'named', 'Quinn,', 'her', 'new', 'friend', 'Will', 'and', 'a', 'wonderful', 'group', 'of', 'magical', 'talking', 'dogs', 'to', 'save', 'St.', 'Nick', 'and', 'show', 'the', 'world', 'what', 'Christmas', 'is', 'really', 'all', 'about.', 'Adventure']"
58664,Mostly Ghostly,RichCorrell,http://www.rlstinemostlyghostly.com/,"['Based', 'on', 'the', 'successful', 'book', 'series', 'by', 'R.L.', 'Stine,', 'this', 'spooky', 'tale', 'finds', '11-year-old', 'Max', 'making', 'a', 'deal', 'with', 'the', 'ghosts', 'who', 'haunt', 'his', 'home.', 'If', 'Max', 'helps', 'them', 'find', 'what', 'was', 'responsible', 'for', 'their', ""parents'"", 'disappearance,', ""they'll"", 'help', 'him', 'transform', 'from', 'a', 'social', 'nobody', 'to', 'the', 'most', 'popular', 'kid', 'in', 'school.', 'Family', 'Fantasy', 'Horror']"
45662,Space Chimps 2: Zartog Strikes Back,JohnH.Williams,http://www.spacechimps2.com,"['Comet', 'longs', 'to', 'be', 'taken', 'seriously', 'as', 'a', 'full-fledged', 'space', 'chimp.', 'He', 'journeys', 'to', 'the', 'fantastical', 'Planet', 'Malgor', 'and', 'bonds', 'with', 'the', 'adorable', 'alien', 'Kilowatt,', 'living', 'out', 'his', 'ultimate', 'fantasy.', 'However,', ""it's"", 'time', 'for', 'Comet', 'to', 'prove', 'himself', 'when', 'the', 'feared', 'alien', 'ruler', 'Zartog', 'takes', 'over', 'Mission', 'Control!', 'Comet', 'must', 'show', 'he', 'has', 'the', 'right', 'stuff,', 'and', 'join', 'fellow', 'chimps', 'Ham,', 'Luna', 'and', 'Titan,', 'to', 'save', 'the', 'day.', 'Animation', 'Family']"
76341,Mad Max: Fury Road,GeorgeMiller,http://www.madmaxmovie.com/,"['An', 'apocalyptic', 'story', 'set', 'in', 'the', 'furthest', 'reaches', 'of', 'our', 'planet,', 'in', 'a', 'stark', 'desert', 'landscape', 'where', 'humanity', 'is', 'broken,', 'and', 'most', 'everyone', 'is', 'crazed', 'fighting', 'for', 'the', 'necessities', 'of', 'life.', 'Within', 'this', 'world', 'exist', 'two', 'rebels', 'on', 'the', 'run', 'who', 'just', 'might', 'be', 'able', 'to', 'restore', 'order.', ""There's"", 'Max,', 'a', 'man', 'of', 'action', 'and', 'a', 'man', 'of', 'few', 'words,', 'who', 'seeks', 'peace', 'of', 'mind', 'following', 'the', 'loss', 'of', 'his', 'wife', 'and', 'child', 'in', 'the', 'aftermath', 'of', 'the', 'chaos.', 'And', 'Furiosa,', 'a', 'woman', 'of', 'action', 'and', 'a', 'woman', 'who', 'believes', 'her', 'path', 'to', 'survival', 'may', 'be', 'achieved', 'if', 'she', 'can', 'make', 'it', 'across', 'the', 'desert', 'back', 'to', 'her', 'childhood', 'homeland.', 'Action', 'Adventure', 'ScienceFiction', 'Thriller']"
140607,Star Wars: The Force Awakens,J.J.Abrams,http://www.starwars.com/films/star-wars-episode-vii,"['Thirty', 'years', 'after', 'defeating', 'the', 'Galactic', 'Empire,', 'Han', 'Solo', 'and', 'his', 'allies', 'face', 'a', 'new', 'threat', 'from', 'the', 'evil', 'Kylo', 'Ren', 'and', 'his', 'army', 'of', 'Stormtroopers.', 'Action', 'Adventure', 'ScienceFiction', 'Fantasy']"
99861,Avengers: Age of Ultron,JossWhedon,http://marvel.com/movies/movie/193/avengers_age_of_ultron,"['When', 'Tony', 'Stark', 'tries', 'to', 'jumpstart', 'a', 'dormant', 'peacekeeping', 'program,', 'things', 'go', 'awry', 'and', 'Earth’s', 'Mightiest', 'Heroes', 'are', 'put', 'to', 'the', 'ultimate', 'test', 'as', 'the', 'fate', 'of', 'the', 'planet', 'hangs', 'in', 'the', 'balance.', 'As', 'the', 'villainous', 'Ultron', 'emerges,', 'it', 'is', 'up', 'to', 'The', 'Avengers', 'to', 'stop', 'him', 'from', 'enacting', 'his', 'terrible', 'plans,', 'and', 'soon', 'uneasy', 'alliances', 'and', 'unexpected', 'action', 'pave', 'the', 'way', 'for', 'an', 'epic', 'and', 'unique', 'global', 'adventure.', 'Action', 'Adventure', 'ScienceFiction']"
76600,Avatar 2,JamesCameron,http://www.avatarmovie.com/,"['A', 'sequel', 'to', 'Avatar', '(2009).', 'Action', 'Adventure', 'Fantasy', 'ScienceFiction']"
166426,Pirates of the Caribbean: Dead Men Tell No Tales,JoachimRønning,http://pirates.disney.com/pirates-of-the-caribbean-dead-men-tell-no-tales,"['Thrust', 'into', 'an', 'all-new', 'paycheck,', 'a', 'down-on-his-luck', 'Capt.', 'Jack', 'Sparrow', 'feels', 'the', 'winds', 'of', 'ill-fortune', 'blowing', 'even', 'more', 'strongly', 'when', 'deadly', 'ghost', 'sailors', 'led', 'by', 'his', 'old', 'nemesis,', 'the', 'evil', 'Capt.', 'Salazar,', 'escape', 'from', 'the', ""Devil's"", 'Triangle.', ""Jack's"", 'only', 'hope', 'of', 'a', 'payout', 'lies', 'in', 'seeking', 'out', 'the', 'legendary', 'Trident', 'of', 'Numbers,', 'but', 'to', 'find', 'it,', 'he', 'must', 'forge', 'an', 'uneasy', 'alliance', 'with', 'a', 'reasonably', 'intelligent', 'and', 'pretty', 'astronomer', 'and', 'a', 'irritating', 'young', 'man', 'in', 'the', 'British', 'navy.', 'Adventure', 'Action', 'Fantasy', 'Comedy']"
141052,Justice League,ZackSnyder,http://www.justiceleaguethemovie.com,"['Fueled', 'by', 'his', 'restored', 'faith', 'in', 'humanity', 'and', 'inspired', 'by', ""Superman's"", 'selfless', 'act,', 'Bruce', 'Wayne', 'and', 'Diana', 'Prince', 'assemble', 'a', 'team', 'of', 'metahumans', 'consisting', 'of', 'Barry', 'Allen,', 'Arthur', 'Curry,', 'and', 'Victor', 'Stone', 'to', 'face', 'the', 'catastrophic', 'threat', 'of', 'Steppenwolf', 'and', 'the', 'Parademons', 'who', 'are', 'on', 'the', 'hunt', 'for', 'three', 'Mother', 'Boxes', 'on', 'Earth.', 'Action', 'Adventure', 'Fantasy', 'ScienceFiction']"
102899,Ant-Man,PeytonReed,http://marvel.com/movies/movie/180/ant-man,"['Armed', 'with', 'the', 'astonishing', 'ability', 'to', 'shrink', 'in', 'scale', 'but', 'increase', 'in', 'strength,', 'master', 'thief', 'Scott', 'Lang', 'must', 'embrace', 'his', 'inner-hero', 'and', 'help', 'his', 'mentor,', 'Doctor', 'Hank', 'Pym,', 'protect', 'the', 'secret', 'behind', 'his', 'spectacular', 'Ant-Man', 'suit', 'from', 'a', 'new', 'generation', 'of', 'towering', 'threats.', 'Against', 'seemingly', 'insurmountable', 'obstacles,', 'Pym', 'and', 'Lang', 'must', 'plan', 'and', 'pull', 'off', 'a', 'heist', 'that', 'will', 'save', 'the', 'world.', 'ScienceFiction', 'Action', 'Adventure']"
293660,Deadpool,TimMiller,http://www.foxmovies.com/movies/deadpool,"['Deadpool', 'tells', 'the', 'origin', 'story', 'of', 'former', 'Special', 'Forces', 'operative', 'turned', 'mercenary', 'Wade', 'Wilson,', 'who', 'after', 'being', 'subjected', 'to', 'a', 'rogue', 'experiment', 'that', 'leaves', 'him', 'with', 'accelerated', 'healing', 'powers,', 'adopts', 'the', 'alter', 'ego', 'Deadpool.', 'Armed', 'with', 'his', 'new', 'abilities', 'and', 'a', 'dark,', 'twisted', 'sense', 'of', 'humor,', 'Deadpool', 'hunts', 'down', 'the', 'man', 'who', 'nearly', 'destroyed', 'his', 'life.', 'Action', 'Adventure', 'Comedy']"
284053,Thor: Ragnarok,TaikaWaititi,https://marvel.com/movies/movie/222/thor_ragnarok,"['Thor', 'is', 'imprisoned', 'on', 'the', 'other', 'side', 'of', 'the', 'universe', 'and', 'finds', 'himself', 'in', 'a', 'race', 'against', 'time', 'to', 'get', 'back', 'to', 'Asgard', 'to', 'stop', 'Ragnarok,', 'the', 'destruction', 'of', 'his', 'homeworld', 'and', 'the', 'end', 'of', 'Asgardian', 'civilization,', 'at', 'the', 'hands', 'of', 'an', 'all-powerful', 'new', 'threat,', 'the', 'ruthless', 'Hela.', 'Action', 'Adventure', 'Fantasy', 'ScienceFiction']"
283995,Guardians of the Galaxy Vol. 2,JamesGunn,http://marvel.com/movies/movie/221/guardians_of_the_galaxy_vol_2,"['The', 'Guardians', 'must', 'fight', 'to', 'keep', 'their', 'newfound', 'family', 'together', 'as', 'they', 'unravel', 'the', 'mysteries', 'of', 'Peter', ""Quill's"", 'true', 'parentage.', 'Action', 'Adventure', 'Comedy', 'ScienceFiction']"
271110,Captain America: Civil War,AnthonyRusso,http://marvel.com/captainamericapremiere,"['Following', 'the', 'events', 'of', 'Age', 'of', 'Ultron,', 'the', 'collective', 'governments', 'of', 'the', 'world', 'pass', 'an', 'act', 'designed', 'to', 'regulate', 'all', 'superhuman', 'activity.', 'This', 'polarizes', 'opinion', 'amongst', 'the', 'Avengers,', 'causing', 'two', 'factions', 'to', 'side', 'with', 'Iron', 'Man', 'or', 'Captain', 'America,', 'which', 'causes', 'an', 'epic', 'battle', 'between', 'former', 'allies.', 'Adventure', 'Action', 'ScienceFiction']"
246655,X-Men: Apocalypse,BryanSinger,http://www.foxmovies.com/movies/x-men-apocalypse,"['After', 'the', 're-emergence', 'of', 'the', ""world's"", 'first', 'mutant,', 'world-destroyer', 'Apocalypse,', 'the', 'X-Men', 'must', 'unite', 'to', 'defeat', 'his', 'extinction', 'level', 'plan.', 'ScienceFiction']"
214264,The Gamers: Hands of Fate,MattVancil,http://watchthegamers.com/,"['The', 'Gamers:', 'Hands', 'of', 'Fate', 'follows', 'Cass', '(Brian', 'Lewis)', 'as', 'he', 'sets', 'out', 'to', 'win', 'a', 'collectible', 'card', 'game', 'world', 'championship…', 'and', 'a', 'date', 'with', 'Natalie', '(Trin', 'Miller),', 'one', 'of', 'the', ""game's"", 'top', 'players.', 'Meanwhile', 'in', 'Countermay,', 'a', 'world', 'far', 'across', 'time', 'and', 'space,', 'Myriad', '(Samara', 'Lerman)', 'begins', 'to', 'suspect', 'that', 'fate', 'has', 'stacked', 'the', 'deck', 'against', 'her', 'as', 'she', 'attempts', 'to', 'save', 'her', 'kingdom', 'from', 'a', 'ravenous', 'army', 'of', 'the', 'undead.', 'Set', 'at', 'Gen', 'Con', 'Indy,', 'a', 'massive', 'midwest', 'games', 'convention,', 'this', 'fantasy', 'comedy', 'from', 'the', 'makers', 'of', 'Dorkness', 'Rising', 'and', 'JourneyQuest', 'presents', 'a', 'new', 'chapter', 'in', 'the', 'epic,', 'decade-spanning', 'tale', 'that', 'began', 'in', 'The', 'Gamers.', 'Fantasy', 'Comedy', 'Romance']"
297556,Justice League: Throne of Atlantis,EthanSpaulding,http://www.warnerbros.com/justice-league-throne-atlantis-0,"['After', 'the', 'events', 'of', 'Justice', 'League:', 'War,', 'Ocean', 'Master', 'and', 'Black', 'Manta', 'have', 'declared', 'a', 'war', 'against', 'the', 'surface', 'in', 'retaliation', 'of', 'the', 'aftermath', 'of', 'Apokoliptian-tyrant', ""Darkseid's"", 'planetary', 'invasion.', 'Queen', 'Atlanna', 'seeks', 'out', 'her', 'other', 'son,', 'Ocean', 'Master’s', 'half-brother', 'Arthur', 'Curry,', 'a', 'half-human', 'with', 'aquatic', 'powers', 'with', 'no', 'knowledge', 'of', 'his', 'Atlantean', 'heritage,', 'to', 'restore', 'balance.', 'Living', 'with', 'powers', 'he', 'doesn’t', 'understand', 'and', 'seeing', 'the', 'danger', 'around', 'him,', 'Curry', 'takes', 'steps', 'to', 'embrace', 'his', 'destiny,', 'joining', 'the', 'Justice', 'League,', 'and', 'with', 'his', 'new', 'teammates', 'he', 'battles', 'to', 'save', 'Earth', 'from', 'total', 'destruction.', 'ScienceFiction', 'Action', 'Animation', 'Adventure']"
216015,Fifty Shades of Grey,SamTaylor-Johnson,https://www.facebook.com/fiftyshadesofgreymovie,"['When', 'college', 'senior', 'Anastasia', 'Steele', 'steps', 'in', 'for', 'her', 'sick', 'roommate', 'to', 'interview', 'prominent', 'businessman', 'Christian', 'Grey', 'for', 'their', 'campus', 'paper,', 'little', 'does', 'she', 'realize', 'the', 'path', 'her', 'life', 'will', 'take.', 'Christian,', 'as', 'enigmatic', 'as', 'he', 'is', 'rich', 'and', 'powerful,', 'finds', 'himself', 'strangely', 'drawn', 'to', 'Ana,', 'and', 'she', 'to', 'him.', 'Though', 'sexually', 'inexperienced,', 'Ana', 'plunges', 'headlong', 'into', 'an', 'affair', '--', 'and', 'learns', 'that', ""Christian's"", 'true', 'sexual', 'proclivities', 'push', 'the', 'boundaries', 'of', 'pain', 'and', 'pleasure.', 'Drama', 'Romance', 'Thriller']"
34560,Halloweentown High,MarkA.Z.Dippé,http://disneydvd.disney.go.com/halloweentown-high.html,"['Marnie', 'Piper', 'prepares', 'to', 'begin', 'a', 'new', 'school', 'year,', 'she', 'asks', 'the', 'Halloweentown', 'Hot', ""Witches'"", 'Council', 'to', 'work', 'toward', 'openness', 'between', 'Halloweentown', 'and', 'the', 'mortal', 'world.', 'She', 'proposes', 'to', 'bring', 'a', 'group', 'of', 'Halloweentown', 'students', 'to', 'her', 'own', 'high', 'school', 'in', 'the', 'mortal', 'world.', 'Adventure', 'Comedy', 'Family', 'Fantasy', 'TVMovie']"
185341,[REC]⁴ Apocalypse,JaumeBalagueró,http://rec4apocalipsis.com/,"['Ángela', 'Vidal', 'the', 'young', 'television', 'reporter', 'who', 'entered', 'the', 'building', 'with', 'the', 'fireman,', 'manages', 'to', 'make', 'it', 'out', 'alive.', 'But', 'what', 'the', 'soldiers', 'don?t', 'know', 'is', 'that', 'she', 'carries', 'the', 'seed', 'of', 'the', 'strange', 'infection.', 'She', 'is', 'to', 'be', 'taken', 'to', 'a', 'provisional', 'quarantine', 'facility,', 'a', 'high-security', 'installation', 'where', 'she', 'will', 'have', 'to', 'stay', 'in', 'isolation', 'for', 'several', 'days.', 'An', 'old', 'oil', 'tanker,', 'miles', 'off', 'shore', 'and', 'surrounded', 'by', 'water', 'on', 'all', 'sides,', 'has', 'been', 'especially', 'equipped', 'for', 'the', 'quarantine.', 'Thriller', 'Horror']"
22974,Üvegtigris,PéterRudolf,http://uvegtigris.hu,"['This', 'film', 'tells', 'the', 'story', 'of', 'a', 'few', 'uneventful', 'days', 'in', 'the', 'life', 'of', 'six', 'pals.', 'Lali,', 'a', 'great', 'fan', 'of', 'America,', 'owns', 'a', 'sandwich', 'stand', 'on', 'the', 'side', 'of', 'the', 'road,', 'called', 'The', 'Glass', 'Tiger.', 'Gaben', 'pinches', 'cars;', 'Fox', 'is', 'a', 'petty', 'swindler;', 'Sanyi', 'a', 'half-wit', 'homeless;', 'Coco', ""can't"", 'shut', 'up', 'about', 'getting', 'some', 'dough', 'and', 'going', 'to', 'America;', 'Slimmy', 'keeps', 'playing', 'the', 'saxophone,', 'despite', 'the', ""others'"", 'frayed', 'nerves.', 'Gaben', 'talks', 'Lali', 'into', 'buying', 'an', 'old', 'Chevrolet', 'Impala,', 'the', 'real', 'American', 'dream.', 'After', 'the', 'long', 'escapade', 'of', 'getting', 'the', 'car,', 'Lali', ""doesn't"", 'even', 'get', 'the', 'chance', 'to', 'try', 'the', 'Chevvy', 'out,', 'because', 'a', 'truck', 'completely', 'demolishes', 'it.', 'Fox', 'in', 'the', 'meantime', 'is', 'looking', 'excitedly', 'for', 'the', '""Wreck"",', 'what', 'he', 'has', 'been', 'trying', 'to', 'sell', 'for', 'big', 'money.', 'But', 'Lali', 'has', 'sold', 'what', 'he', 'thought', 'to', 'be', 'scrap,', 'not', 'good', 'for', 'anything.', 'Fox', 'is', 'threatened', 'by', 'some', 'tough', 'guys', 'to', 'bring', 'it', 'back', 'or', 'pay', 'up.', 'He', 'has', 'to', 'get', 'money', 'at', 'all', 'costs...', 'Comedy']"
25745,The Gamers,MattVancil,http://deadgentlemen.com/projects/the-gamers/the-gamers/,"['Sent', 'on', 'a', 'quest', 'to', 'rescue', 'a', 'princess,', 'four', 'clueless', 'players', 'must', 'guide', 'their', 'players', 'through', 'dangerous', 'forests,', 'ancient', 'ruins,', 'and', 'past', 'the', 'girl', 'next', 'door.', 'Action', 'Comedy', 'Thriller', 'Foreign']"
228165,The SpongeBob Movie: Sponge Out of Water,PaulTibbitt,http://www.spongebobmovie.com/,"['Burger', 'Beard', 'is', 'a', 'pirate', 'who', 'is', 'in', 'search', 'of', 'the', 'final', 'page', 'of', 'a', 'magical', 'book', 'that', 'makes', 'any', 'evil', 'plan', 'he', 'writes', 'in', 'it', 'come', 'true,', 'which', 'happens', 'to', 'be', 'the', 'Krabby', 'Patty', 'secret', 'formula.', 'When', 'the', 'entire', 'city', 'of', 'Bikini', 'Bottom', 'is', 'put', 'in', 'danger,', 'SpongeBob,', 'Patrick,', 'Mr.', 'Krabs,', 'Squidward,', 'Sandy,', 'and', 'Plankton', 'need', 'to', 'go', 'on', 'a', 'quest', 'that', 'takes', 'them', 'to', 'the', 'surface.', 'In', 'order', 'to', 'get', 'back', 'the', 'recipe', 'and', 'save', 'their', 'city,', 'the', 'gang', 'must', 'retrieve', 'the', 'book', 'and', 'transform', 'themselves', 'into', 'superheroes.', 'Animation', 'Adventure', 'Comedy', 'Family']"
13643,George Carlin: It's Bad for Ya!,RoccoUrbisci,http://www.georgecarlin.com,"[""It's"", 'Bad', 'For', 'Ya,', ""Carlin's"", 'Emmy', 'nominated', '14th', 'and', 'final', 'HBO', 'special', 'from', 'March', 'of', '2008', 'features', ""Carlin's"", 'noted', 'irreverent', 'and', 'unapologetic', 'observations', 'on', 'topics', 'ranging', 'from', 'death,', 'religion,', 'bureaucracy,', 'patriotism,', 'overprotected', 'children', 'and', 'big', 'business', 'to', 'the', 'pungent', 'examinations', 'of', 'modern', 'language', 'and', 'the', 'decrepit', 'state', 'of', 'the', 'American', 'culture.', 'Comedy']"
196750,Ghost in the Shell Arise - Border 1: Ghost Pain,MasahikoMurata,http://www.kokaku-a.com/,"['The', 'story', 'is', 'set', 'in', '2027,', 'one', 'year', 'after', 'the', 'end', 'of', 'the', 'fourth', 'non-nuclear', 'war.', 'New', 'Port', 'City', 'is', 'still', 'reeling', 'from', 'the', ""war's"", 'aftermath', 'when', 'it', 'suffers', 'a', 'bombing', 'caused', 'by', 'a', 'self-propelled', 'mine.', 'Then,', 'a', 'military', 'member', 'implicated', 'in', 'arms-dealing', 'bribes', 'is', 'gunned', 'down.', 'During', 'the', 'investigation,', 'Public', 'Security', ""Section's"", 'Daisuke', 'Aramaki', 'encounters', 'Motoko', 'Kusanagi,', 'the', 'cyborg,', 'wizard-level', 'hacker', 'assigned', 'to', 'the', ""military's"", '501st', 'Secret', 'Unit.', 'Batou,', 'a', 'man', 'with', 'the', '""eye', 'that', 'does', 'not', 'sleep,""', 'suspects', 'that', 'Kusanagi', 'is', 'the', 'one', 'behind', 'the', 'bombing.', 'The', 'Niihama', 'Prefectural', 'Police', 'detective', 'Togusa', 'is', 'pursuing', 'his', 'own', 'dual', 'cases', 'of', 'the', 'shooting', 'death', 'and', 'a', ""prostitute's"", 'murder.', 'Motoko', 'herself', 'is', 'being', 'watched', 'by', 'the', '501st', 'Secret', ""Unit's"", 'head', 'Kurutsu', 'and', 'cyborg', 'agents.', 'Action', 'Animation', 'Crime', 'ScienceFiction']"
322456,LEGO DC Comics Super Heroes: Justice League vs. Bizarro League,BrandonVietti,http://www.lego.com/en-us/dccomicssuperheroes,"['Superman’s', 'clone,', 'Bizarro,', 'has', 'become', 'an', 'embarrassing', 'problem.', 'Chaos', 'and', 'destruction', 'follow', 'Bizarro', 'everywhere', 'as', 'he', 'always', 'hears', 'the', 'opposite', 'of', 'what', 'is', 'said,', 'says', 'the', 'opposite', 'of', 'what', 'he', 'means', 'and', 'does', 'the', 'opposite', 'of', 'what', 'is', 'right.', 'And', 'when', 'the', 'citizens', 'of', 'Metropolis', 'keep', 'confusing', 'Bizarro', 'with', 'Superman,', 'the', 'Man', 'of', 'Steel', 'decides', 'it’s', 'time', 'to', 'find', 'a', 'new', 'home', 'for', 'him…on', 'another', 'planet!', 'It’s', 'up', 'to', 'the', 'Justice', 'League', 'to', 'come', 'to', 'terms', 'with', 'their', 'backward', 'counterparts', 'and', 'team', 'up', 'with', 'them', 'to', 'stop', 'Darkseid', 'and', 'save', 'the', 'galaxy!', 'Action', 'Adventure', 'Animation', 'Family']"
73530,Mardock Scramble: The Second Combustion,SusumuKudo,http://m-scramble.jp/combustion/,"['Second', 'film', 'of', 'the', 'Mardock', 'Scramble', 'series.', 'Balot', 'and', 'a', 'severely', 'injured', 'Oeufcoque', 'seem', 'to', 'be', 'at', 'the', 'mercy', 'of', 'an', 'obsessed', 'Boiled.', 'Dr.', 'Easter', 'comes', 'to', 'the', 'rescue', 'and', 'the', 'group', 'escapes', 'to', '""Paradise""', 'where', 'many', 'secrets', 'of', 'Mardock', 'lie', 'and', 'where', 'Balot', 'will', 'need', 'to', 'come', 'to', 'a', 'decision', 'herself', 'about', 'what', 'she', 'will', 'and', 'can', 'do.', 'Animation', 'ScienceFiction']"
265712,Stand by Me Doraemon,TakashiYamazaki,http://doraemon-3d.com/,"['In', 'the', 'suburbs', 'of', 'Tokyo', 'some', 'time', 'ago,', 'there', 'lived', 'a', 'clumsy', 'boy', 'about', '10', 'years', 'old.', 'There', 'appeared', 'in', 'front', 'of', 'him', 'named', 'Sewashi,', ""Nobita's"", 'descendant', 'of', 'four', 'generations', 'later', 'from', 'the', '22nd', 'century,', 'and', 'Doraemon,', 'a', '22nd', 'century', 'cat-type', 'caretaker', 'robot', 'who', 'helps', 'people', 'with', 'its', 'secret', 'gadgets.', 'Sewashi', 'claims', 'that', 'his', 'family', 'is', 'suffering', 'from', 'the', 'debts', 'Nobita', 'made', 'even', 'to', 'his', 'generation,', 'so', 'in', 'order', 'to', 'change', 'this', 'disastrous', 'future,', 'he', 'brought', 'along', 'Doraemon', 'as', ""Nobita's"", 'caretaker', 'to', 'bring', 'happiness', 'to', 'his', 'future,', 'although', 'Doraemon', 'is', 'not', 'happy', 'about', 'this.', 'And', 'so', 'Sewashi', 'installed', 'an', 'accomplishment', 'program', 'into', 'Doraemon', 'forcing', 'him', 'to', 'take', 'care', 'of', 'Nobita.', 'Unless', 'he', 'makes', 'Nobita', 'happy,', 'Doraemon', 'can', 'no', 'longer', 'go', 'back', 'to', 'the', '22nd', 'century.', 'This', 'is', 'how', 'the', 'life', 'of', 'Doraemon', 'and', 'Nobita', 'begins.', 'Will', 'Doraemon', 'succeed', 'this', 'mission', 'and', 'return', 'to', 'the', '22nd', 'century?', 'Fantasy', 'Animation', 'Family']"
77787,Tribulation,AndrevanHeerden,http://www.jvim.com/apocalypse3/,"['Tom', 'Canboro', 'is', 'a', 'police', 'detective', 'with', 'a', 'Christian', 'sister,', 'Eileen,', 'a', 'brother,', 'Calvin,', 'a', 'wife,', 'Susan,', 'and', 'eccentric', 'brother-in-law,', 'Jason.', 'One', 'night,', 'Jason', 'seemingly', 'goes', 'insane', 'and', 'tries', 'to', 'kill', 'Eileen,', 'calling', 'her', 'a', '""hater"".', 'Tom', 'soon', 'realises', 'this', 'may', 'be', 'a', 'conspiracy', 'going', 'as', 'far', 'as', 'devil', 'worship,', 'but', 'as', 'he', 'speeds', 'in', 'his', 'car', 'to', 'get', 'help,', 'he', 'suddenly', 'looses', 'control', 'and', 'crashes.', 'Waking', 'up', 'in', 'a', 'strange', 'hospital,', 'he', 'finds', 'years', 'have', 'passed', 'and', 'people', 'all', 'over', 'the', 'world', 'are', 'wearing', 'the', 'mark', 'of', '666', 'on', 'their', 'right', 'hands,', 'and', 'all', 'those', 'who', ""don't"", 'are', 'being', 'killed', 'off.', 'Franco', 'Macalusso,', 'the', 'believer', 'in', 'world', 'peace', 'Jason', 'was', 'fond', 'of,', 'now', 'controls', 'the', 'world,', 'and', 'is', 'trying', 'to', 'bring', 'the', 'world', 'together', 'as', 'it', 'was', 'at', 'the', 'tower', 'of', 'Babel.', 'Meanwhile,', 'the', '""Haters""', 'or', 'Christians', 'are', 'hiding', 'out', 'and', 'airing', 'TBN', 'tapes', 'on', 'the', 'air', 'for', 'people', 'to', 'realise', 'the', 'Messiah', 'is', 'really', 'the', 'Antichrist,', 'but', 'their', 'leader,', 'Helen', 'Hannah,', 'is', 'arrested...', 'Written', 'by', 'The', 'Extra', 'in', 'the', 'Background', 'Drama', 'ScienceFiction', 'Thriller']"
262500,Insurgent,RobertSchwentke,http://www.thedivergentseries.movie/#insurgent,"['Beatrice', 'Prior', 'must', 'confront', 'her', 'inner', 'demons', 'and', 'continue', 'her', 'fight', 'against', 'a', 'powerful', 'alliance', 'which', 'threatens', 'to', 'tear', 'her', 'society', 'apart.', 'Adventure', 'ScienceFiction', 'Thriller']"
113082,Berserk: The Golden Age Arc 1 - The Egg of the King,ToshiyukiKubooka,http://www.berserkfilm.com,"['Guts,', 'an', 'immensely', 'strong', 'sword-for-hire,', 'has', 'little', 'direction', 'in', 'his', 'life,', 'simply', 'fighting', 'one', 'battle', 'after', 'the', 'next.', 'However,', 'this', 'all', 'changes', 'suddenly', 'when', 'he', 'meets', 'and', 'is', 'bested', 'by', 'Griffith,', 'a', 'beautiful', 'and', 'charismatic', 'young', 'man', 'who', 'leads', 'the', 'Band', 'of', 'the', 'Hawk', 'mercenary', 'army.', 'After', 'Guts', 'joins', 'the', 'Band', 'and', 'the', 'relationship', 'between', 'the', 'two', 'men', 'begins', 'to', 'blossom,', 'Casca,', 'the', 'tough,', 'lone', 'swordswoman', 'in', 'the', 'Band', 'of', 'the', 'Hawk,', 'struggles', 'to', 'accept', 'Guts', 'and', 'the', 'influence', 'he', 'has', 'on', 'the', 'world', 'around', 'her.', 'While', 'the', 'two', 'men', 'begin', 'to', 'fight', 'together,', 'Griffith', 'continues', 'to', 'rise', 'to', 'power,', 'all', 'seemingly', 'in', 'order', 'to', 'reach', 'his', 'mysterious,', 'prophesied', 'goals.', 'What', 'lengths', 'will', 'Guts', 'and', 'Griffith', 'go', 'to', 'in', 'order', 'to', 'reach', 'these', 'goals,', 'and', 'where', 'will', 'fate', 'take', 'the', 'two', 'men?', 'Action', 'Adventure', 'Animation', 'Fantasy', 'Horror']"
144288,Berserk: The Golden Age Arc 3 - The Advent,ToshiyukiKubooka,http://www.berserkfilm.com/index.php,"['A', 'year', 'has', 'passed', 'since', 'Guts', 'parted', 'ways', 'with', 'the', 'Band', 'of', 'the', 'Hawks.', 'Meanwhile,', 'his', 'former', 'mercenary', 'group', 'is', 'plotting', 'a', 'rescue', 'mission', 'to', 'save', 'an', 'imprisoned', 'Griffith.', 'Animation', 'Action', 'Fantasy']"
275060,The Disappearance of Eleanor Rigby: Her,NedBenson,http://eleanorrigby-movie.com/,"['Told', 'from', 'the', 'female', 'perspective,', 'the', 'story', 'of', 'a', 'couple', 'trying', 'to', 'reclaim', 'the', 'life', 'and', 'love', 'they', 'once', 'knew', 'and', 'pick', 'up', 'the', 'pieces', 'of', 'a', 'past', 'that', 'may', 'be', 'too', 'far', 'gone.', 'Drama']"
276401,The Disappearance of Eleanor Rigby: Him,NedBenson,http://www.eleanorrigby-movie.com,"['Told', 'from', 'the', 'male', 'perspective,', 'the', 'story', 'of', 'a', 'couple', 'trying', 'to', 'reclaim', 'the', 'life', 'and', 'love', 'they', 'once', 'knew', 'and', 'pick', 'up', 'the', 'pieces', 'of', 'a', 'past', 'that', 'may', 'be', 'too', 'far', 'gone.', 'Romance', 'Drama']"
168259,Furious 7,JamesWan,http://www.furious7.com/,"['Deckard', 'Shaw', 'seeks', 'revenge', 'against', 'Dominic', 'Toretto', 'and', 'his', 'family', 'for', 'his', 'comatose', 'brother.', 'Action']"
140441,Sadako 3D,TsutomuHanabusa,http://www.sadako3d.jp,"['Akane', 'is', 'a', 'high', 'school', 'teacher', 'who', 'hears', 'a', 'rumor', 'from', 'her', 'students', 'that', 'there', 'is', 'actual', 'footage', 'on', 'the', 'Internet', 'of', ""someone's"", 'suicide.', 'The', 'footage', 'is', 'said', 'to', 'drive', 'anyone', 'who', 'sees', 'it', 'to', 'also', 'commit', 'suicide.', 'Akane', 'does', 'not', 'believe', 'the', 'rumor', 'at', 'first,', 'but', 'when', 'one', 'of', 'her', 'female', 'students', 'dies', 'after', 'viewing', 'the', 'footage,', 'she', 'and', 'her', 'boyfriend', 'Takanori', 'are', 'fatefully', 'drawn', 'into', 'the', 'horror', 'that', 'has', 'been', 'created', 'by', 'the', 'man', 'who', 'appears', 'in', 'the', 'suicide', 'footage,', 'Kashiwada.', ""Kashiwada's"", 'intention', 'is', 'to', 'create', 'chaos', 'in', 'the', 'world', 'by', 'bringing', 'back', 'Sadako', 'and', 'the', 'power', 'of', 'her', 'curse.', 'Now', 'Akane', 'has', 'to', 'fight', 'against', 'Sadako', 'and', 'Kashiwada', 'to', 'save', 'the', 'lives', 'of', 'herself', 'and', 'Takanori.', 'Horror']"
13015,George Carlin: Life Is Worth Losing,RoccoUrbisci,http://www.georgecarlin.com,"['Carlin', 'returns', 'to', 'the', 'stage', 'in', 'his', '13th', 'live', 'comedy', 'stand-up', 'special,', 'performed', 'at', 'the', 'Beacon', 'Theatre', 'in', 'New', 'York', 'City', 'for', 'HBO®.', 'His', 'spot-on', 'observations', 'on', 'the', 'deterioration', 'of', 'human', 'behavior', 'include', 'Americans’', 'obsession', 'with', 'their', 'two', 'favorite', 'addictions', '-', 'shopping', 'and', 'eating;', 'his', 'creative', 'idea', 'for', 'The', 'All-Suicide', 'Channel,', 'a', 'new', 'reality', 'TV', 'network;', 'and', 'the', 'glorious', 'rebirth', 'of', 'the', 'planet', 'to', 'its', 'original', 'pristine', 'condition', '-', 'once', 'the', 'fires', 'and', 'floods', 'destroy', 'life', 'as', 'we', 'know', 'it.', 'Documentary', 'Comedy', 'TVMovie']"
1269,The Vexxer,CyrillBoss,http://www.wixxer.film.de/,"['Scotland', 'Yard', 'investigators', 'have', 'to', 'prevent', 'the', 'murder', 'of', 'Victoria', 'Dickman', 'when', 'her', 'name', 'is', 'found', 'on', 'a', 'death', 'list.', 'Comedy', 'Crime']"
16119,Cinderella III: A Twist in Time,FrankNissen,http://movies.disney.com/cinderella-3-a-twist-in-time,"['The', 'evil', 'stepmother', 'conjures', 'up', 'a', 'spell', 'that', 'reverses', 'all', 'that', 'the', 'fairy', 'godmother', 'had', 'done.', 'Everything', 'that', 'she', 'made', '(the', 'dress,', 'the', 'horses', 'and', 'the', 'carriage)', 'which', 'was', 'how', 'Cinderella', 'went', 'to', '""The', 'Ball"".', 'So', 'when', 'all', 'the', 'magic', 'is', 'gone', 'will', 'there', 'be', 'a', 'happily', 'ever', 'after', 'all?', 'What', 'will', 'Cinderella', 'do?', 'Find', 'out', 'in', 'Cinderella', 'III.', 'Animation', 'Romance', 'Family', 'Fantasy']"
10010,Brother Bear 2,BenGluck,http://movies.disney.com/brother-bear-2,"['Kenai', 'finds', 'his', 'childhood', 'human', 'friend', 'Nita', 'and', 'the', 'two', 'embark', 'on', 'a', 'journey', 'to', 'burn', 'the', 'amulet', 'he', 'gave', 'to', 'her', 'before', 'he', 'was', 'a', 'bear,', 'much', 'to', ""Koda's"", 'dismay.', 'Adventure', 'Animation', 'Family']"
221732,Rurouni Kenshin: The Legend Ends,KeishiOhtomo,http://wwws.warnerbros.co.jp/rurouni-kenshin/index.html,"['Shishio', 'has', 'set', 'sail', 'in', 'his', 'ironclad', 'ship', 'to', 'bring', 'down', 'the', 'Meiji', 'government', 'and', 'return', 'Japan', 'to', 'chaos,', 'carrying', 'Kaoru', 'with', 'him.', 'In', 'order', 'to', 'stop', 'him', 'in', 'time,', 'Kenshin', 'trains', 'with', 'his', 'old', 'master', 'to', 'learn', 'his', 'final', 'technique.', 'Action', 'Adventure', 'Drama']"
221731,Rurouni Kenshin: Kyoto Inferno,KeishiOhtomo,http://wwws.warnerbros.co.jp/rurouni-kenshin/index.html,"['Kenshin', 'has', 'settled', 'into', 'his', 'new', 'life', 'with', 'Kaoru', 'and', 'his', 'other', 'friends', 'when', 'he', 'is', 'approached', 'with', 'a', 'request', 'from', 'the', 'Meiji', 'government.', 'Makoto', 'Shishio,', 'a', 'former', 'assassin', 'like', 'Kenshin,', 'was', 'betrayed,', 'set', 'on', 'fire', 'and', 'left', 'for', 'dead.', 'He', 'survived,', 'and', 'is', 'now', 'in', 'Kyoto,', 'plotting', 'with', 'his', 'gathered', 'warriors', 'to', 'overthrow', 'the', 'new', 'government.', 'Against', ""Kaoru's"", 'wishes,', 'Kenshin', 'reluctantly', 'agrees', 'to', 'go', 'to', 'Kyoto', 'and', 'help', 'keep', 'his', 'country', 'from', 'falling', 'back', 'into', 'civil', 'war.', 'Action', 'Adventure', 'Drama']"
321528,Batman vs. Robin,JayOliva,http://www.warnerbros.com/batman-vs-robin,"['Damian', 'Wayne', 'is', 'having', 'a', 'hard', 'time', 'coping', 'with', 'his', ""father's"", '""no', 'killing""', 'rule.', 'Meanwhile,', 'Gotham', 'is', 'going', 'through', 'hell', 'with', 'threats', 'such', 'as', 'the', 'insane', 'Dollmaker,', 'and', 'the', 'secretive', 'Court', 'of', 'Owls.', 'Action', 'Adventure', 'Animation']"
73529,Mardock Scramble: The First Compression,SusumuKudo,http://m-scramble.jp/compression/,"['Rune', 'Ballot', 'is', 'a', 'down-and-out', 'teen', 'prostitute', 'in', 'Mardock', 'City.', 'One', 'day,', ""she's"", 'picked', 'up', 'by', 'an', 'ambitious', 'casino', 'manager', 'named', 'Shell', 'who', 'gives', 'her', 'everything', 'she', 'could', 'want.', 'Renewed', 'by', 'a', 'false', 'innocence,', 'a', 'false', 'past,', 'and', 'now', 'the', 'false', 'life', 'Shell', 'has', 'given', 'her,', 'Ballot', 'feels', 'grateful.', 'However,', 'she', ""can't"", 'help', 'but', 'be', 'curious', 'about', 'why', ""he's"", 'done', 'so', 'much', 'for', 'her,', 'so', 'she', 'does', 'some', 'research', 'about', 'his', 'past', 'on', 'a', 'computer.', 'This', 'turns', 'out', 'to', 'be', 'a', 'mistake', 'which', 'will', 'change', 'her', 'life', 'greatly.', 'When', 'Shell', 'finds', 'out', 'what', ""she's"", 'done,', 'he', 'attempts', 'to', 'burn', 'her', 'to', 'death', 'by', 'blowing', 'up', 'her', 'car.', 'Thriller', 'Animation', 'Action', 'Drama']"
297270,Tinker Bell and the Legend of the NeverBeast,SteveLoter,http://fairies.disney.com/tinker-bell-and-the-legend-of-the-neverbeast,"['An', 'ancient', 'myth', 'of', 'a', 'massive', 'creature', 'sparks', 'the', 'curiosity', 'of', 'Tinker', 'Bell', 'and', 'her', 'good', 'friend', 'Fawn,', 'an', 'animal', 'fairy', 'who’s', 'not', 'afraid', 'to', 'break', 'the', 'rules', 'to', 'help', 'an', 'animal', 'in', 'need.', 'But', 'this', 'creature', 'is', 'not', 'welcome', 'in', 'Pixie', 'Hollow', '—', 'and', 'the', 'scout', 'fairies', 'are', 'determined', 'to', 'capture', 'the', 'mysterious', 'beast,', 'who', 'they', 'fear', 'will', 'destroy', 'their', 'home.', 'Fawn', 'must', 'convince', 'her', 'fairy', 'friends', 'to', 'risk', 'everything', 'to', 'rescue', 'the', 'NeverBeast.', 'Adventure', 'Animation', 'Family']"
175112,Tinker Bell and the Pirate Fairy,PeggyHolmes,http://fairies.disney.com/the-pirate-fairy,"['Zarina,', 'a', 'smart', 'and', 'ambitious', 'dust-keeper', 'fairy', 'who’s', 'captivated', 'by', 'Blue', 'Pixie', 'Dust', 'and', 'its', 'endless', 'possibilities,', 'flees', 'Pixie', 'Hollow', 'and', 'joins', 'forces', 'with', 'the', 'scheming', 'pirates', 'of', 'Skull', 'Rock,', 'who', 'make', 'her', 'captain', 'of', 'their', 'ship.', 'Tinker', 'Bell', 'and', 'her', 'friends', 'must', 'embark', 'on', 'an', 'epic', 'adventure', 'to', 'find', 'Zarina,', 'and', 'together', 'they', 'go', 'sword-to-sword', 'with', 'the', 'band', 'of', 'pirates', 'led', 'by', 'a', 'cabin', 'boy', 'named', 'James,', 'who’ll', 'soon', 'be', 'known', 'as', 'Captain', 'Hook', 'himself.', 'Animation', 'Family']"
321494,The Man with the Iron Fists 2,RoelReiné,http://www.universalstudiosentertainment.com/man-with-the-iron-fists-the/,"['When', 'a', 'stranger,', 'Thaddeus,', 'is', 'found', 'badly', 'wounded', 'near', 'the', 'village,', 'miner', 'Li', 'Kung', 'and', 'his', 'wife', 'Ah', 'Ni', 'offer', 'him', 'refuge.', 'As', 'he', 'heals,', 'he', 'becomes', 'entrenched', 'in', 'a', 'conflict', 'that', 'pits', 'the', 'townsfolk', 'against', 'the', 'evil', 'Master', 'Ho,', 'his', 'nefarious', 'Beetle', 'Clan', 'and', 'the', 'terrifying', 'Lord', 'Pi.', 'Action']"
34134,Barbie in A Mermaid Tale,,http://www.barbie.com/mermaid-tale/,"['Barbie', 'stars', 'as', 'Merliah,', 'a', 'surfing', 'champion', 'from', 'Malibu.', 'One', 'minute', 'she’s', 'a', 'normal', 'teenager', 'and', 'the', 'next', 'she', 'learns', 'a', 'shocking', 'family', 'secret:', 'she’s', 'a', 'mermaid!', 'Merliah', 'and', 'her', 'dolphin', 'friend', 'Zuma', 'set', 'off', 'on', 'an', 'undersea', 'adventure', 'to', 'rescue', 'her', 'mother,', 'the', 'queen', 'of', 'Oceana.', 'With', 'help', 'from', 'her', 'new', 'mermaid', 'friends,', 'Merliah', 'saves', 'the', 'ocean', 'kingdom.', 'Animation', 'Family', 'Fantasy']"
196254,Barbie: Mariposa and The Fairy Princess,WilliamLau,http://www.barbie.com,"['Mariposa', 'and', 'her', 'furry', 'friend', 'Zee', 'returns', 'in', 'Barbie:', 'Mariposa', '&amp;', 'the', 'Fairy', 'Princess.', 'In', 'this', 'magical', 'adventure,', 'Mariposa', 'becomes', 'the', 'Royal', 'Ambassador', 'of', 'Flutterfield,', 'and', 'is', 'sent', 'to', 'bring', 'peace', 'between', 'her', 'fairy', 'land', 'and', 'their', 'rivals,', 'the', 'Crystal', 'Fairies', 'of', 'Shimmervale.', 'While', 'Mariposa', ""doesn't"", 'make', 'a', 'great', 'first', 'impression', 'on', 'the', 'King,', 'she', 'becomes', 'fast', 'friends', 'with', 'his', 'shy', 'daughter,', 'Princess', 'Catania.', 'However,', 'a', 'misunderstanding', 'causes', 'Mariposa', 'to', 'be', 'banished', 'from', 'their', 'fairy', 'land.', 'As', 'Mariposa', 'and', 'Zee', 'returns', 'to', 'Flutterfield,', 'they', 'encounter', 'a', 'dark', 'fairy', 'on', 'her', 'way', 'to', 'destroy', 'Shimmervale.', 'Mariposa', 'rushes', 'back', 'and', 'helps', 'Princess', 'Catania', 'to', 'save', 'their', 'fairy', 'land', 'and', 'together,', 'the', 'two', 'girls', 'prove', 'that', 'the', 'best', 'way', 'to', 'make', 'a', 'friend,', 'is', 'to', 'be', 'a', 'friend.', 'Fantasy', 'Animation', 'Family']"
249070,Hitman: Agent 47,AleksanderBach,http://www.foxmovies.com/movies/hitman-agent-47,"['An', 'assassin', 'teams', 'up', 'with', 'a', 'woman', 'to', 'help', 'her', 'find', 'her', 'father', 'and', 'uncover', 'the', 'mysteries', 'of', 'her', 'ancestry.', 'Action', 'Crime', 'Thriller']"
44683,Tinker Bell and the Great Fairy Rescue,BradleyRaymond,http://disneydvd.disney.go.com/tinker-bell-and-the-great-fairy-rescue.html,"['During', 'a', 'summer', 'stay', 'on', 'the', 'mainland,', 'Tinker', 'Bell', 'is', 'accidentally', 'discovered', 'while', 'investigating', 'a', 'little', ""girl's"", 'fairy', 'house.', 'As', 'the', 'other', 'fairies,', 'led', 'by', 'the', 'brash', 'Vidia,', 'launch', 'a', 'daring', 'rescue', 'in', 'the', 'middle', 'of', 'a', 'fierce', 'storm,', 'Tink', 'develops', 'a', 'special', 'bond', 'with', 'the', 'lonely,', 'little', 'girl.', 'Animation', 'Adventure', 'Family', 'Fantasy']"
314407,Cocaine Cowboys: Reloaded,BillyCorben,http://www.rakontur.com/cocaine-cowboys-reloaded,"['In', 'the', '1980s,', 'ruthless', 'Colombian', 'cocaine', 'barons', 'invaded', 'Miami', 'with', 'a', 'brand', 'of', 'violence', 'unseen', 'in', 'this', 'country', 'since', 'Prohibition-era', 'Chicago.', 'Cocaine', 'Cowboys', 'is', 'the', 'true', 'story', 'of', 'how', 'Miami', 'became', 'the', 'drug,', 'murder', 'and', 'cash', 'capital', 'of', 'the', 'United', 'States.', 'But', 'it', ""isn't"", 'the', 'whole', 'story', '-', 'Pulling', 'from', 'hundreds', 'of', 'hours', 'of', 'additional', 'interviews', 'and', 'recently', 'uncovered', 'archival', 'news', 'footage,', 'Cocaine', 'Cowboys', 'has', 'been', 'RELOADED:', 'packed', 'with', 'footage', 'and', 'stories', 'that', 'have', 'never', 'been', 'told', 'about', 'Griselda', 'Blanco,', 'the', 'Medellín', 'Cartel,', 'and', ""Miami's"", 'Cocaine', 'Wars,', 'with', 'firsthand', 'accounts', 'by', 'hit', 'man', 'Jorge', ""'Rivi'"", 'Ayala,', 'cocaine', 'trafficker', 'Jon', 'Roberts,', 'smuggler', 'Mickey', 'Munday,', 'and', 'others.', 'Cocaine', 'Cowboys:', 'Reloaded', 'recreates', ""Miami's"", 'Cocaine', 'Wars', 'like', ""you've"", 'never', 'experienced', 'it.', 'Documentary']"
14394,Sarkar Raj,RamGopalVarma,http://www.sarkarrajthefilm.com/,"['The', 'politically', 'influential', 'Shankar', 'Nagre', 'agrees', 'to', 'back', 'a', 'power', 'plant', 'scheme', 'presented', 'by', 'corporate', 'hotshot', 'Anita', 'Rajan;', 'providing', 'their', 'enemies,', 'which', 'include', 'upcoming', 'political', 'firebrands,', 'an', 'embezzling', 'facilitator', 'and', 'shady', 'businessmen', 'with', 'a', 'unique', 'opportunity', 'to', 'destroy', 'the', 'mass', 'political', 'clout', 'enjoyed', 'by', 'him', 'and', 'his', 'father', '(Subhash', 'Nagre),', 'the', 'political', 'icon', 'known', 'as', '""Sarkar"".', 'Action', 'Adventure', 'Crime', 'Drama']"
13179,Tinker Bell,BradleyRaymond,http://disney.go.com/fairies/movies/about.html,"['Journey', 'into', 'the', 'secret', 'world', 'of', 'Pixie', 'Hollow', 'and', 'hear', 'Tinker', 'Bell', 'speak', 'for', 'the', 'very', 'first', 'time', 'as', 'the', 'astonishing', 'story', 'of', ""Disney's"", 'most', 'famous', 'fairy', 'is', 'finally', 'revealed', 'in', 'the', 'all-new', 'motion', 'picture', '""Tinker', 'Bell.""', 'Animation', 'Family', 'Adventure', 'Fantasy']"
58333,Tanu Weds Manu,AnandLRai,http://www.tanuwedsmanu.com,"['Marriages', 'are', 'made', 'in', 'heaven!', 'Though', 'the', 'road', 'to', 'heaven', 'might', 'be', 'a', 'little', '“tedha’.', 'Meet', '‘Manu’,', 'a', 'seedha', 'saadha', 'Doctor', 'from', 'London.', 'Intelligent,', 'temperate', 'and', 'from', 'a', 'respectable', 'family,', 'The', 'perfect', 'groom', 'which', 'every', 'parent', 'wants', 'for', 'their', 'daughter.', '‘Family', 'pressure’', 'leads', 'him', 'to', 'Kanpur', 'to', 'meet', 'Tanu', 'the', 'quintessential', 'small', 'town', 'girl', 'who', 'has', 'studied', 'in', 'Delhi.', 'Tanu', 'is', 'a', 'smart,', 'intelligent', 'girl', 'who', 'will', 'do', 'everything', 'that', 'her', 'parents', 'will', 'disapprove.', 'With', 'a', 'mind', 'of', 'her', 'own', 'and', 'a', 'love', 'for', 'rebellion,', 'Tanu', 'is', 'dead', 'against', 'an', 'arranged', 'marriage.', 'But', 'destiny', 'holds', 'something', 'totally', 'different', 'for', 'these', 'dramatically', 'diverse', 'personalities.', 'Their', 'paths', 'keep', 'crossing', 'time', 'and', 'again', 'and', 'weaves', 'this', 'wonderful', 'story', 'through', 'the', 'Indian', 'heartland.', 'Drama', 'Comedy', 'Romance', 'Foreign']"
131634,The Hunger Games: Mockingjay - Part 2,FrancisLawrence,http://www.thehungergames.movie/,"['With', 'the', 'nation', 'of', 'Panem', 'in', 'a', 'full', 'scale', 'war,', 'Katniss', 'confronts', 'President', 'Snow', 'in', 'the', 'final', 'showdown.', 'Teamed', 'with', 'a', 'group', 'of', 'her', 'closest', 'friends', '–', 'including', 'Gale,', 'Finnick,', 'and', 'Peeta', '–', 'Katniss', 'goes', 'off', 'on', 'a', 'mission', 'with', 'the', 'unit', 'from', 'District', '13', 'as', 'they', 'risk', 'their', 'lives', 'to', 'stage', 'an', 'assassination', 'attempt', 'on', 'President', 'Snow', 'who', 'has', 'become', 'increasingly', 'obsessed', 'with', 'destroying', 'her.', 'The', 'mortal', 'traps,', 'enemies,', 'and', 'moral', 'choices', 'that', 'await', 'Katniss', 'will', 'challenge', 'her', 'more', 'than', 'any', 'arena', 'she', 'faced', 'in', 'The', 'Hunger', 'Games.', 'Action', 'Adventure', 'ScienceFiction']"
262504,Allegiant,RobertSchwentke,http://www.thedivergentseries.movie/#allegiant,"['Beatrice', 'Prior', 'and', 'Tobias', 'Eaton', 'venture', 'into', 'the', 'world', 'outside', 'of', 'the', 'fence', 'and', 'are', 'taken', 'into', 'protective', 'custody', 'by', 'a', 'mysterious', 'agency', 'known', 'as', 'the', 'Bureau', 'of', 'Genetic', 'Welfare.', 'Adventure', 'ScienceFiction']"
259316,Fantastic Beasts and Where to Find Them,DavidYates,http://www.fantasticbeasts.com/,"['In', '1926,', 'Newt', 'Scamander', 'arrives', 'at', 'the', 'Magical', 'Congress', 'of', 'the', 'United', 'States', 'of', 'America', 'with', 'a', 'magically', 'expanded', 'briefcase,', 'which', 'houses', 'a', 'number', 'of', 'dangerous', 'creatures', 'and', 'their', 'habitats.', 'When', 'the', 'creatures', 'escape', 'from', 'the', 'briefcase,', 'it', 'sends', 'the', 'American', 'wizarding', 'authorities', 'after', 'Newt,', 'and', 'threatens', 'to', 'strain', 'even', 'further', 'the', 'state', 'of', 'magical', 'and', 'non-magical', 'relations.', 'Adventure', 'Family', 'Fantasy']"
289239,Mostly Ghostly: Have You Met My Ghoulfriend?,PeterHewitt,https://www.facebook.com/MG2.haveyoumetmyghoulfriend,"['Bella', 'Thorne,', 'Madison', 'Pettis', 'and', 'Ryan', 'Ochoa', 'lead', 'an', 'ensemble', 'cast', 'in', 'this', 'spook-tacular', 'adventure', 'with', 'new', 'ghosts,', 'new', 'thrills,', 'and', 'the', 'return', 'of', 'some', 'old', 'friends.', 'Max', '(Ochoa)', 'only', 'has', 'eyes', 'for', 'Cammy', '(Thorne),', 'the', 'smart,', 'popular', 'redhead', 'at', 'school.', 'When', 'Max', 'finally', 'scores', 'a', 'date', 'with', 'Cammy', 'on', 'Halloween,', 'Phears,', 'an', 'evil', 'ghost', 'with', 'plans', 'on', 'taking', 'over', 'the', 'world,', 'unleashes', 'his', 'ghouls', 'and', 'things', 'go', 'haywire.', 'With', 'the', 'help', 'of', 'his', 'ghostly', 'pals,', 'Tara', 'and', 'Nicky,', 'can', 'Max', 'thwart', ""Phears'"", 'evil', 'plot,', 'help', 'reunite', 'his', 'ghost', 'friends', 'with', 'their', 'long-lost', 'parents', 'and', 'still', 'make', 'his', 'date', 'with', 'Cammy', 'on', 'Halloween?', 'R.L.', ""Stine's"", 'Mostly', 'Ghostly:', 'Have', 'You', 'Met', 'My', 'Ghoulfriend?', 'is', 'a', 'frightful', 'family', 'delight!', 'Family', 'Fantasy', 'Horror']"
62527,Johnny Kapahala - Back on Board,EricBross,http://movies.disney.com/johnny-kapahala-back-on-board,"['Johnny', 'Kapahala,', 'a', 'teen', 'snowboarding', 'champion', 'from', 'Vermont,', 'returns', 'to', 'Oahu,', 'Hawaii,', 'for', 'the', 'wedding', 'of', 'his', 'hero', '--', 'his', 'grandfather,', 'local', 'surf', 'legend', 'Johnny', 'Tsunami', '--', 'and', 'to', 'catch', 'a', 'few', 'famous', 'Kauai', 'waves.', 'When', 'Johnny', 'arrives,', 'he', 'meets', 'his', 'new', 'family', 'including', '""Uncle', 'Chris""', '(the', '12-year-old', 'son', 'of', 'his', 'new', 'step-grandmother)', 'who', 'resents', 'the', 'upcoming', 'marriage.', ""Chris's"", 'only', 'interest', 'is', 'to', 'join', 'a', 'mountain', 'boarding', 'crew', 'led', 'by', 'a', 'teenage', 'bully.', 'When', ""Johnny's"", 'grandfather', 'and', 'his', 'new', 'wife', 'open', 'a', 'surf', 'shop', 'that', 'also', 'caters', 'to', 'mountain', 'boarders,', 'they', 'are', 'soon', 'embroiled', 'in', 'a', 'turf', 'war', 'with', 'a', 'rival', 'shop', 'owner', 'who', 'wants', 'to', 'shut', 'their', 'business', 'down.', 'Comedy', 'Drama', 'Family', 'TVMovie']"
328111,The Secret Life of Pets,ChrisRenaud,http://www.thesecretlifeofpets.com/,"['The', 'quiet', 'life', 'of', 'a', 'terrier', 'named', 'Max', 'is', 'upended', 'when', 'his', 'owner', 'takes', 'in', 'Duke,', 'a', 'stray', 'whom', 'Max', 'instantly', 'dislikes.', 'Animation', 'Family']"
18839,Ghost in the Shell: Stand Alone Complex - The Laughing Man,KenjiKamiyama,http://www.productionig.com/contents/works_sp/03_/index.html,"['The', 'year', 'is', '2030', 'and', 'six', 'years', 'have', 'passed', 'since', 'a', 'criminal', 'known', 'only', 'as', '""The', 'Laughing', 'Man""', 'swept', 'through', 'top', 'medical', 'nanotechnology', 'firms', 'committing', 'acts', 'of', 'cyber-terrorism,', 'kidnapping,', 'and', 'espionage', 'leaving', 'no', 'known', 'suspects.', 'New', 'information', 'is', 'revealed,', 'as', 'Section', '9', 'enters', 'the', 'hunt', 'for', 'a', 'suspect', 'capable', 'of', 'unfathomable', 'actions', 'in', 'this', 'compilation', 'of', 'Stand', 'Alone', 'Complex', 'content.', 'ScienceFiction', 'Animation', 'Action', 'Crime']"
321068,Mythica: A Quest for Heroes,AnneK.Black,http://www.mythicamovie.com/#!blank/vd4nz,"['Stuck', 'in', 'a', 'life', 'of', 'indentured', 'servitude,', 'Marek', 'dreams', 'of', 'becoming', 'a', 'wizard.', 'When', 'she', 'meets', 'a', 'beautiful', 'priestess,', 'Teela,', 'in', 'need', 'of', 'help,', 'Marek', 'escapes', 'her', 'master', 'and', 'puts', 'together', 'a', 'team', 'of', 'adventurers', '-', 'including', 'Thane', 'the', 'warrior', 'and', 'Dagen', 'the', 'half-elf', 'thief', '–', 'and', 'embarks', 'on', 'an', 'epic', 'quest', 'to', 'free', 'Teela’s', 'sister', 'from', 'orcs', 'and', 'ogres.', 'After', 'raiding', 'the', 'orc', 'camp,', 'the', 'group', 'learns', 'that', 'Teela’s', 'sister', 'has', 'been', 'taken', 'into', 'the', 'mountains', 'by', 'a', 'giant', 'ogre.', 'Escaping', 'hellhounds', 'and', 'dragons', 'on', 'their', 'dangerous', 'journey,', 'the', 'team', 'find', 'themselves', 'hopelessly', 'outmatched', 'by', 'the', 'man-eating', 'ogre,', 'and', 'must', 'unite', 'all', 'their', 'talents', 'to', 'free', 'the', 'prisoners', 'and', 'escape', 'with', 'their', 'own', 'lives.', 'Action', 'Adventure', 'Fantasy']"
47933,Independence Day: Resurgence,RolandEmmerich,http://www.warof1996.com,"['We', 'always', 'knew', 'they', 'were', 'coming', 'back.', 'Using', 'recovered', 'alien', 'technology,', 'the', 'nations', 'of', 'Earth', 'have', 'collaborated', 'on', 'an', 'immense', 'defense', 'program', 'to', 'protect', 'the', 'planet.', 'But', 'nothing', 'can', 'prepare', 'us', 'for', 'the', 'aliens’', 'advanced', 'and', 'unprecedented', 'force.', 'Only', 'the', 'ingenuity', 'of', 'a', 'few', 'brave', 'men', 'and', 'women', 'can', 'bring', 'our', 'world', 'back', 'from', 'the', 'brink', 'of', 'extinction.', 'Action', 'Adventure', 'ScienceFiction']"
188927,Star Trek Beyond,JustinLin,http://www.startrekmovie.com/,"['The', 'USS', 'Enterprise', 'crew', 'explores', 'the', 'furthest', 'reaches', 'of', 'uncharted', 'space,', 'where', 'they', 'encounter', 'a', 'mysterious', 'new', 'enemy', 'who', 'puts', 'them', 'and', 'everything', 'the', 'Federation', 'stands', 'for', 'to', 'the', 'test.', 'Action', 'Adventure', 'ScienceFiction']"
196032,Easy Money III,JensJonsson,https://www.facebook.com/SnabbaCashFilm,"['JW', 'now', 'lives', 'in', 'exile', 'and', 'is', 'more', 'than', 'ever', 'determined', 'to', 'find', 'out', 'what', 'happened', 'to', 'his', 'missing', 'sister', 'Camilla.', 'Every', 'trace', 'leads', 'him', 'to', 'the', 'world', 'of', 'organized', 'crime', 'in', 'Stockholm.', 'Jorge', 'is', 'about', 'to', 'do', 'his', 'last', 'score', '-', 'the', 'largest', 'robbery', 'in', 'Swedish', 'history.', 'But', 'during', 'the', 'complicated', 'preparations', 'he', 'meets', 'a', 'woman', 'from', 'his', 'past', '-', 'Nadja.', 'Martin', 'Hägerström', 'is', 'chosen', 'to', 'go', 'undercover', 'into', 'the', 'Serbian', 'mafia,', 'in', 'order', 'to', 'get', 'its', 'notorious', 'boss', 'Radovan', 'Krajnic', 'behind', 'bars.', 'When', 'an', 'assassination', 'attempt', 'is', 'made', 'on', 'Radovan,', 'his', 'daughter', 'Natalie', 'is', 'pulled', 'into', 'the', 'power', 'struggle', 'within', 'the', 'Serbian', 'mafia.', 'Crime', 'Thriller', 'Drama']"
14194,Dhoom 2,SanjayGadhvi,http://www.yashrajfilms.com/microsites/dhoom2/d2micro/microflash.htm,"['In', 'the', 'second', 'installment', 'of', 'the', 'Dhoom', 'series,', 'Jai', 'and', 'Ali', 'are', 'back', 'as', 'the', 'buddy', 'cops', 'on', 'their', 'toughest', 'job', 'so', 'far.', '""Mr.A""', 'is', 'an', 'international', 'thief', 'who', 'has', 'planned', 'to', 'steal', 'a', 'priceless', 'artifact', 'in', 'Mumbai', 'and', 'the', 'police', 'have', 'got', 'to', 'nab', 'him.', 'But', 'Mr.A', 'manages', 'to', 'steal', 'the', 'artifact', 'and', 'elude', 'the', 'police.', 'He', 'finds', 'his', 'match', 'in', 'Sunehri', 'and', 'they', 'form', 'a', 'partnership.', 'They', 'move', 'on', 'to', 'Rio', 'for', 'their', 'next', 'job,', 'with', 'Jai', 'and', 'Ali', 'hot', 'on', 'their', 'trail.', 'Mr.A', 'whose', 'actual', 'name', 'is', 'Aryan,', 'and', 'Sunehri', 'are', 'drawn', 'towards', 'each', 'other', 'but', 'little', 'does', 'Aryan', 'know', 'of', ""Sunehri's"", 'little', 'secret.', 'Drama', 'Action', 'Thriller', 'Crime']"
211672,Minions,KyleBalda,http://www.minionsmovie.com/,"['Minions', 'Stuart,', 'Kevin', 'and', 'Bob', 'are', 'recruited', 'by', 'Scarlet', 'Overkill,', 'a', 'super-villain', 'who,', 'alongside', 'her', 'inventor', 'husband', 'Herb,', 'hatches', 'a', 'plot', 'to', 'take', 'over', 'the', 'world.', 'Family', 'Animation', 'Adventure', 'Comedy']"
206647,Spectre,SamMendes,http://www.sonypictures.com/movies/spectre/,"['A', 'cryptic', 'message', 'from', 'Bond’s', 'past', 'sends', 'him', 'on', 'a', 'trail', 'to', 'uncover', 'a', 'sinister', 'organization.', 'While', 'M', 'battles', 'political', 'forces', 'to', 'keep', 'the', 'secret', 'service', 'alive,', 'Bond', 'peels', 'back', 'the', 'layers', 'of', 'deceit', 'to', 'reveal', 'the', 'terrible', 'truth', 'behind', 'SPECTRE.', 'Action', 'Adventure', 'Crime']"
36779,Killer Tomatoes Strike Back!,JohnDeBello,http://www.killertomatoes.com,"['Police', 'assitant', 'Boyle', 'along', 'with', 'tomatologist', 'Kennedi', 'Johnson', 'look', 'into', 'investigations', 'about', 'Killer', 'Tomato', 'attacks,', 'and', 'discover', 'Gangrene', 'plans', 'to', 'brainwash', 'people', 'via', 'TV', 'talk', 'shows', 'to', 'take', 'over', 'the', 'world!', 'Will', 'Gangrene', 'be', 'stopped?', 'Will', 'Johnson', 'become', 'part', 'of', 'a', 'Bacon,', 'Lettuce', 'and', 'Human', 'sandwich?', 'Action', 'Comedy', 'Horror', 'ScienceFiction']"
64325,Cross,PatrickDurham,http://www.crossthemovie.com,"['Given', 'incredible', 'power', 'by', 'an', 'ancient', 'Celtic', 'Cross.', 'Callan', 'continues', 'to', 'fight', 'evil...', 'Now,', 'joined', 'by', 'a', 'team', 'of', 'weapons', 'experts,', 'Callan', 'battles', 'an', 'unstoppable', 'empire', 'in', 'Los', 'Angeles.', 'Action', 'Fantasy']"
14913,Boogeyman 2,JeffBetancourt,http://www.sonypictures.com/homevideo/boogeyman2/,"['A', 'young', 'woman', 'attempts', 'to', 'cure', 'her', 'phobia', 'of', 'the', 'boogeyman', 'by', 'checking', 'herself', 'into', 'a', 'mental', 'health', 'facility,', 'only', 'to', 'realize', 'too', 'little', 'too', 'late', 'that', 'she', 'is', 'now', 'helplessly', 'trapped', 'with', 'her', 'own', 'greatest', 'fear.', 'Horror', 'Thriller']"
331446,Sharknado 3: Oh Hell No!,AnthonyC.Ferrante,http://www.theasylum.cc/product.php?id=272,"['The', 'sharks', 'take', 'bite', 'out', 'of', 'the', 'East', 'Coast', 'when', 'the', 'sharknado', 'hits', 'Washington,', 'D.C.', 'and', 'Orlando,', 'Florida.', 'TVMovie', 'Horror', 'ScienceFiction']"
34509,George Carlin: Back in Town,RoccoUrbisci,http://www.georgecarlin.com,"['Back', 'in', 'Town', 'is', 'George', ""Carlin's"", 'ninth', 'HBO', 'special.', 'It', 'was', 'also', 'released', 'on', 'CD', 'on', 'September', '17,', '1996.', 'This', 'was', 'also', 'his', 'first', 'of', 'many', 'performances', 'at', 'the', 'Beacon', 'Theater', 'in', 'New', 'York', 'City.', 'He', 'rants', 'about', 'Abortion,', 'The', 'death', 'penalty,', 'prison', 'farms,', 'fart', 'jokes,', 'free', 'floating', 'hostility', 'and', 'words.', 'Comedy', 'Documentary', 'TVMovie']"
34513,George Carlin: You Are All Diseased,RoccoUrbisci,http://www.georgecarlin.com,"['Legendary', 'comic', 'Carlin', 'comes', 'back', 'to', 'the', 'Beacon', 'theater', 'to', 'angrily', 'rant', 'about', 'airport', 'security,', 'germs,', 'cigars,', 'angels,', 'children', 'and', 'parents,', 'men,', 'names,', 'religion,', 'god,', 'advertising,', 'Bill', 'Jeff', 'and', 'minorities.', 'Comedy', 'Documentary', 'TVMovie']"
36218,Pokémon: Jirachi Wish Maker,KunihikoYuyama,http://www.pokemon.com/us/movies/movie-jirachi-wish-maker-2004/,"['Ash,', 'Pikachu', 'and', 'friends', '(minus', 'Misty)', 'were', 'visiting', 'a', 'festival', 'celebrating', 'the', 'appearance', 'of', 'a', 'comet', 'when', 'they', 'stumble', 'upon', 'a', 'mysterious', 'rock-like', 'crystal...', 'Action', 'Animation', 'Adventure', 'Family']"
39057,Pokémon: Arceus and the Jewel of Life,KunihikoYuyama,http://www.pokemon.com/us/movies/movie-pokemon-arceus-and-the-jewel-of-life-2009/,"['The', 'Struggle', 'for', 'Time', 'and', 'Space', 'Begins', 'Again...!', 'The', 'legendary', 'Arceus.', 'Long', 'ago', 'Arceus', 'granted', 'a', 'fragment', 'of', 'its', 'awesome', 'power', 'as', 'the', 'Jewel', 'of', 'Life', 'to', 'help', 'Michina', 'in', 'the', ""town's"", 'hour', 'of', 'need', 'only', 'to', 'be', 'betrayed', 'when', 'it', 'was', 'time', 'for', 'that', 'power', 'to', 'be', 'returned.', 'After', 'so', 'many', 'years', 'Arceus', 'is', 'about', 'to', 'return', 'to', 'reclaim', 'its', 'power', '-', 'enraged', 'vengeful', 'and', 'seemingly', 'unstoppable.', 'Not', 'even', 'the', 'combined', 'might', 'of', 'Dialga,', 'Palkia', 'and', 'Giratina', 'can', 'stop', 'Arceus', 'from', 'devastating', 'all', 'existence', 'across', 'multiple', 'dimensions.', 'But', 'Ash', 'and', 'his', 'companions', 'joining', 'forces', 'with', 'their', 'new', 'friend', 'Sheena,', 'may', 'have', 'discovered', 'the', 'only', 'way', 'to', 'redeem', 'that', 'ancient', 'betrayal.', 'Their', 'journey', 'will', 'be', 'both', 'dangerous', 'and', 'uncertain:', 'even', 'if', 'Ash', 'and', 'his', 'friends', 'can', 'set', 'an', 'old', 'wrong', 'right', 'again', 'will', 'there', 'be', 'time', 'to', 'return', 'the', 'Jewel', 'of', 'Life', 'before', 'Arceus', 'destroys', 'everything', 'and', 'everyone', ""they've"", 'ever', 'known?', 'Animation', 'Family']"
25961,Pokémon: The Rise of Darkrai,KunihikoYuyama,http://www.pokemon.com/us/movies/movie-pokemon-the-rise-of-darkrai-2008/,"['Ash', 'and', 'friends', '(this', 'time', 'accompanied', 'by', 'newcomer', 'Dawn)', 'arrive', 'at', 'an', 'idyllic', 'village', 'on', 'their', 'way', 'to', 'their', 'next', 'Pokemon', 'contest,', 'where', 'chaos', 'will', 'soon', 'erupt', 'with', 'the', 'prophecy', 'of', 'two', 'Pokemon', 'Gods', '(Dialga', 'and', 'Palkia)', 'and', 'the', 'arrival', 'of', 'a', 'mysterious,', 'seemingly', 'deadly', 'Pokemon', 'named', 'Darkrai,', 'which', 'has', 'the', 'power', 'to', 'distort', 'space', 'and', 'time.', 'Adventure', 'Animation', 'Family', 'Fantasy']"
34067,Pokémon: Lucario and the Mystery of Mew,KunihikoYuyama,http://www.pokemon.com/us/movies/movie-pokemon-lucario-and-the-mystery-of-mew-2006/,"['In', 'the', 'legendary', 'past,', 'before', 'Poké', 'Balls', 'were', 'made;', 'an', 'aura-guiding', 'hero', 'Pokémon', 'named', 'Lucario', 'sensed', 'two', 'groups', 'of', 'armies', 'about', 'to', 'clash,', 'and', 'a', 'threat', 'of', 'a', 'massive', 'war', 'in', 'front', 'of', 'Cameron', 'Palace', 'in', 'Kanto', 'that', 'would', 'leave', 'no', 'survivors.', 'He', 'transferred', 'this', 'message', 'to', 'his', 'master,', 'the', 'legendary', 'hero', 'Sir', 'Aaron,', 'while', 'he', 'was', 'being', 'attacked', 'by', 'a', 'violent', 'group', 'of', 'Houndoom.', 'During', 'the', 'battle,', 'his', 'sense', 'of', 'sight', 'was', 'lost', 'and', 'he', 'was', 'rendered', 'unable', 'to', 'see.', 'He', 'used', 'the', 'detection', 'of', 'his', 'Aura,', 'and', 'so', 'with', 'the', 'offensive', 'Aura', 'Sphere,', 'he', 'eliminated', 'them.', 'Though', 'by', 'the', 'threat,', 'the', 'queen', 'of', 'Cameroon,', 'Lady', 'Rin', 'was', 'resolute', 'to', 'die', 'with', 'her', 'civilians,', 'and', 'so', 'Sir', 'Aaron', 'made', 'a', 'choice.', 'Adventure', 'Animation', 'Fantasy']"
209112,Batman v Superman: Dawn of Justice,ZackSnyder,http://www.batmanvsupermandawnofjustice.com/,"['Fearing', 'the', 'actions', 'of', 'a', 'god-like', 'Super', 'Hero', 'left', 'unchecked,', 'Gotham', 'City’s', 'own', 'formidable,', 'forceful', 'vigilante', 'takes', 'on', 'Metropolis’s', 'most', 'revered,', 'modern-day', 'savior,', 'while', 'the', 'world', 'wrestles', 'with', 'what', 'sort', 'of', 'hero', 'it', 'really', 'needs.', 'And', 'with', 'Batman', 'and', 'Superman', 'at', 'war', 'with', 'one', 'another,', 'a', 'new', 'threat', 'quickly', 'arises,', 'putting', 'mankind', 'in', 'greater', 'danger', 'than', 'it’s', 'ever', 'known', 'before.', 'Action', 'Adventure', 'Fantasy']"
118406,Naruto Shippuden the Movie: Road to Ninja,HayatoDate,http://www.naruto-movie.com/,"['Sixteen', 'years', 'ago,', 'a', 'mysterious', 'masked', 'ninja', 'unleashes', 'a', 'powerful', 'creature', 'known', 'as', 'the', 'Nine-Tailed', 'Demon', 'Fox', 'on', 'the', 'Hidden', 'Leaf', 'Village', 'Konoha,', 'killing', 'many', 'people.', 'In', 'response,', 'the', 'Fourth', 'Hokage', 'Minato', 'Namikaze', 'and', 'his', 'wife', 'Kushina', 'Uzumaki,', 'the', 'Demon', ""Fox's"", 'living', 'prison', 'or', 'Jinchūriki,', 'manage', 'to', 'seal', 'the', 'creature', 'inside', 'their', 'newborn', 'son', 'Naruto', 'Uzumaki.', 'With', 'the', 'Tailed', 'Beast', 'sealed,', 'things', 'continued', 'as', 'normal.', 'However,', 'in', 'the', 'present', 'day,', 'peace', 'ended', 'when', 'a', 'group', 'of', 'ninja', 'called', 'the', 'Akatsuki', 'attack', 'Konoha', 'under', 'the', 'guidance', 'of', 'Tobi,', 'the', 'mysterious', 'masked', 'man', 'behind', ""Fox's"", 'rampage', 'years', 'ago', 'who', 'intends', 'on', 'executing', 'his', 'plan', 'to', 'rule', 'the', 'world', 'by', 'shrouding', 'it', 'in', 'illusions.', 'Fantasy', 'Animation', 'Action', 'Adventure']"
41993,Love in a Puff,PangHo-cheung,http://www.mediaasia.com/loveinapuff/,"['Jimmy', 'is', 'a', 'mild', 'mannered', 'advertising', 'executive', 'in', 'his', 'twenties.', 'While', 'smoking', 'in', 'an', 'alley', 'packed', 'with', 'booming', 'loudmouth', 'co-workers', 'and', 'sharing', 'explicit', 'gossips', 'and', 'horror', 'stories,', 'he', 'befriends', 'a', 'misfit', 'cosmetics', 'salesgirl', 'Cherie', 'who', 'also', 'likes', 'to', 'light', 'up.', 'An', 'awkward', 'romance', 'soon', 'blossoms', 'amidst', 'the', 'anxiety', 'of', 'their', 'nicotine', 'rush.', 'As', 'they', 'become', 'more', 'attached', 'to', 'each', 'other,', 'they', 'also', 'find', 'themselves', 'moving', 'farther', 'away', 'from', 'their', 'regular', 'hot', 'pot', 'pack', 'into', 'their', 'own', 'private', 'alley,', 'where', 'their', 'conversations', 'suggest', 'more', 'emotional', 'depths,', 'covering', 'the', 'collision', 'of', 'reality', 'and', 'delightfully', 'trivial', 'matters', 'of', 'the', 'bizarre', 'people', 'around', 'them.', 'Comedy', 'Drama', 'Romance']"
72972,Tom and Jerry & The Wizard of Oz,SpikeBrandt,http://familyentertainment.kidswb.com/product/tom-and-jerry-the-wizard-of-oz,"[""They're"", 'off', 'to', 'see', 'the', 'Wizard,', 'the', 'wonderful', 'Wizard', 'of', 'Oz!', 'Tom', 'and', 'Jerry', 'soar', 'over', 'the', 'rainbow', 'and', 'travel', 'down', 'the', 'yellow', 'brick', 'road', 'in', 'this', 'all-animated', 'retelling', 'of', 'the', 'classic', 'tale.', ""You'll"", 'see', 'your', 'favorite', 'characters:', 'Dorothy,', 'Toto,', 'the', 'Scarecrow,', 'the', 'Tin', 'Man,', 'the', 'Lion,', 'the', 'Wicked', 'Witch', 'of', 'the', 'West,', 'the', 'Wizard,', 'the', 'Munchkins', 'and', 'more.', ""You'll"", 'hear', 'many', 'of', 'your', 'favorite', 'songs,', 'including', '""Over', 'The', 'Rainbow"".', 'And', ""you'll"", 'laugh', 'at', 'the', 'antics', 'of', 'your', 'favorite', 'cat', 'and', 'mouse', 'as', 'they', 'get', 'twisted', 'up', 'in', 'a', 'twister,', 'go', 'paw-to-paw', 'against', 'flying', 'monkeys', 'and', 'storm', 'the', 'Wicked', ""Witch's"", 'castle', 'in', 'a', 'heroic', 'attempt', 'to', 'get', 'Dorothy', 'and', 'Toto', '(and', 'themselves)', 'safely', 'back', 'to', 'Kansas.', 'After', 'all,', ""there's"", 'no', 'place', 'like', 'home.', 'Animation', 'Family']"
43956,Tom and Jerry Meet Sherlock Holmes,SpikeBrandt,"http://www.wbshop.com/Tom-and-Jerry-Meet-Sherlock-Holmes/1000116423,default,pd.html","['Tom', 'and', 'Jerry', 'need', 'to', 'learn', 'to', 'work', 'together', 'in', 'order', 'to', 'help', 'Sherlock', 'Holmes', 'with', 'an', 'investigation', 'of', 'a', 'jewel', 'theft.', 'But', 'still,', 'they', 'are', 'cat', 'and', 'mouse!', 'Adventure', 'Animation', 'Family']"
115290,Blue Lagoon: The Awakening,JakeNewsome,http://www.lifetime.com,"['Two', 'high', 'school', 'students', 'become', 'stranded', 'on', 'a', 'tropical', 'island', 'and', 'must', 'rely', 'on', 'each', 'other', 'for', 'survival.', 'They', 'learn', 'more', 'about', 'themselves', 'and', 'each', 'other', 'while', 'falling', 'in', 'love.', 'Drama', 'Adventure', 'Romance']"
303857,Dragon Ball Z: Resurrection 'F',TadayoshiYamamuro,http://www.dragonball2015.com/,"['One', 'peaceful', 'day', 'on', 'Earth,', 'two', 'remnants', 'of', ""Frieza's"", 'army', 'named', 'Sorbet', 'and', 'Tagoma', 'arrive', 'searching', 'for', 'the', 'Dragon', 'Balls', 'with', 'the', 'aim', 'of', 'reviving', 'Frieza.', 'They', 'succeed,', 'and', 'Frieza', 'subsequently', 'seeks', 'revenge', 'on', 'the', 'Saiyans.', 'Action', 'Adventure', 'Animation', 'Fantasy']"
22182,Lezioni di cioccolato,ClaudioCupellini,http://www.lezionidicioccolato.com,"['No', 'overview', 'found.', 'Comedy']"
56014,Men Vs Women,FaustoBrizzi,http://maschicontrofemmine.msn.it/,"['Maschi', 'contro', 'Femmine', 'è', 'una', 'commedia', 'che', 'ruota', 'intorno', 'al', 'tema', 'del', 'conflitto', 'tra', 'uomini', 'e', 'donne.', 'Le', 'scene', 'delle', 'quattro', 'trame', 'principali', 'si', 'avvicendano', 'di', 'continuo,', 'toccandosi', 'in', 'più', 'punti', 'e', 'creando', 'intersezioni', 'serrate', 'tra', 'le', 'storie.', 'Walter', '(Fabio', 'De', 'Luigi)', 'e', 'Monica', '(Lucia', 'Ocone)', 'sono', 'una', 'giovane', 'coppia', 'alle', 'prese', 'con', 'il', 'primo', 'figlio.', 'Come', 'molti', 'nella', 'loro', 'situazione,', 'hanno', 'completamente', 'sospeso', 'le', 'loro', 'interazioni', 'sessuali.', 'Gli', 'amici', 'di', 'Walter', 'lo', 'incoraggiano', 'a', 'sfogare', 'gli', 'istinti', 'con', 'un’avventura', 'disimpegnata,', 'ma', 'Walter', 'è', 'un', 'marito', 'etico', 'e', 'ligio', 'e', 'dice', 'di', 'non', 'volerne', 'sapere.', 'Purtroppo', 'il', 'suo', 'lavoro', 'non', 'lo', 'incoraggia', 'alla', 'fedeltà:', 'è', 'allenatore', 'di', 'una', 'squadra', 'di', 'pallavolo', 'femminile', 'di', 'serie', 'A', 'ed', 'è', 'quotidianamente', 'messo', 'alla', 'prova', 'da', 'un', 'tripudio', 'di', 'belle', 'ragazze.', 'Comedy']"
335970,Joe Dirt 2: Beautiful Loser,FredWolf,http://www.crackle.com/c/joe-dirt-2-beautiful-loser,"['When', 'happy', 'family', 'man', 'Joe', 'Dirt', 'finds', 'himself', 'transported', 'to', 'the', 'recent', 'past,', 'he', 'begins', 'an', 'epic', 'journey', 'to', 'get', 'back', 'to', 'his', 'loved', 'ones', 'in', 'the', 'present.', 'Comedy']"
60843,Nasu: Summer in Andalusia,KitarouKousaka,http://www.nasu-summer.com/,"['Pepe', 'Benengeli', 'is', 'a', 'second-class', 'cyclist,', 'only', 'there', 'to', 'support', 'the', 'star', 'member', 'of', 'the', 'team.', 'This', 'summer', 'he', 'is', 'participating', 'in', 'the', 'Tour', 'of', 'Spain,', 'which', 'passes', 'through', 'the', 'streets', 'of', 'his', 'hometown', 'of', 'Andalusia.', 'In', 'a', 'coincidence,', 'his', 'brother', 'and', 'ex-girlfriend', 'are', 'getting', 'married', 'on', 'the', 'same', 'day', 'as', 'the', 'climax', 'of', 'the', 'race.', 'Pepe,', 'who', 'left', 'his', 'hometown', 'after', 'suffering', 'a', 'breakdown,', 'is', 'determined', 'to', 'achieve', 'something', 'special', 'on', 'this', 'day.', 'Animation']"
336211,Tanu Weds Manu Returns,AnandLRai,https://en.wikipedia.org/wiki/Tanu_Weds_Manu_Returns,"['The', 'film', 'is', 'a', 'sequel', 'to', 'Tanu', 'Weds', 'Manu', '(2011),', 'in', 'which', 'stars', 'Kangana', 'Ranaut', '(Tanu)', 'and', 'R.', 'Madhavan', '(Manu)', 'reprise', 'their', 'roles', 'from', 'the', 'original.', 'Tanu', 'and', ""Manu's"", 'marriage', 'collapses.', 'What', 'happens', 'when', 'Manu', 'meets', ""Tanu's"", 'lookalike', 'Kusum', '-', 'and', 'when', 'Tanu', 'returns?', 'Kangana', 'Ranaut', 'also', 'portrays', 'the', 'additional', 'role', 'of', 'a', 'Haryanvi', 'athlete', 'Kusum', 'in', 'the', 'film.', 'Comedy', 'Romance']"
348191,Leviathan: The Story of Hellraiser and Hellbound: Hellraiser II,KevinMcDonagh,http://www.leviathan-hellraiser.co.uk,"['Leviathan:', 'The', 'Story', 'of', 'Hellraiser', 'and', 'Hellbound:', 'Hellraiser', 'II', 'is', 'a', 'feature', 'length', 'documentary', 'uncovering', 'the', 'history', 'and', 'the', 'making', 'of', 'Clive', ""Barker's"", 'Hellraiser', 'and', 'Hellbound:', 'Hellraiser', 'II', 'films.', 'Horror', 'Documentary']"
14021,One Missed Call 2,RenpeiTsukamoto,http://www.chakuari.jp/,"['In', 'Japan,', 'the', 'daycare', 'teacher', 'Kyoko', 'Okudera', 'is', 'convinced', 'by', 'her', 'colleague', 'and', 'friend', 'Madoka', 'to', 'visit', 'her', 'boyfriend', 'Naoto', 'Sakurai', 'in', 'the', 'restaurant', 'where', 'he', 'works', 'instead', 'of', 'studying', 'as', 'planned.', 'When', 'the', 'owner', 'Mr.', 'Wang', 'answers', 'his', ""daughter's"", 'mobile', 'phone,', 'he', 'receives', 'a', 'message', 'telling', 'him', 'that', 'he', 'would', 'die', 'in', 'an', 'accident', 'in', 'the', 'kitchen.', 'This', 'immediately', 'comes', 'true', 'Horror', 'Thriller']"
256040,Baahubali: The Beginning,S.S.Rajamouli,http://baahubali.com/,"['The', 'young', 'Shivudu', 'is', 'left', 'as', 'a', 'foundling', 'in', 'a', 'small', 'village', 'by', 'his', 'mother.', 'By', 'the', 'time', 'he’s', 'grown', 'up,', 'it', 'has', 'become', 'apparent', 'that', 'he', 'possesses', 'exceptional', 'gifts.', 'He', 'meets', 'the', 'beautiful', 'warrior/princess', 'Avanthika', 'and', 'learns', 'that', 'her', 'queen', 'has', 'been', 'held', 'captive', 'for', 'the', 'last', '25', 'years.', 'Shividu', 'sets', 'off', 'to', 'rescue', 'her,', 'discovering', 'his', 'own', 'origins', 'in', 'the', 'process.', 'Action', 'Adventure', 'History', 'War']"
16808,Pokémon Ranger and the Temple of the Sea,KunihikoYuyama,http://www.pokemon.com/us/movies/movie-pokemon-ranger-and-the-temple-of-the-sea-2007/,"['On', 'their', 'way', 'through', 'the', 'Battle', 'Frontier,', 'Ash', 'and', 'friends', 'meet', 'up', 'with', 'a', 'Pokémon', 'Ranger', ""who's"", 'mission', 'is', 'to', 'deliever', 'the', 'egg', 'of', 'Manaphy', 'to', 'a', 'temple', 'on', 'the', ""ocean's"", 'floor.', 'However,', 'a', 'greedy', 'pirate', 'wants', 'the', 'power', 'of', 'Manaphy', 'to', 'himself.', 'Animation', 'Family']"
240341,Ghost in the Shell Arise - Border 3: Ghost Tears,KazuchikaKise,http://kokaku-a.jp/,"['Posing', 'as', 'lovers', 'on', 'vacation,', 'Motoko', 'and', 'Batou', 'work', 'to', 'try', 'to', 'stop', 'a', 'terrorist', 'organization', 'whose', 'symbol', 'is', 'the', 'Scrasath.', 'Meanwhile,', 'Togusa', 'investigates', 'a', 'murder', 'of', 'a', 'man', 'who', 'possessed', 'a', 'prosthetic', 'leg', 'manufactured', 'by', 'the', ""Mermaid's"", 'Leg', 'corporation.', 'Action', 'Animation', 'ScienceFiction']"
279254,Ghost in the Shell Arise - Border 4: Ghost Stands Alone,KazuchikaKise,http://news.kokaku-a.jp/,"['The', 'upcoming', ""installment's"", 'story', 'takes', 'place', 'amidst', 'signs', 'of', 'postwar', 'reconstruction', 'in', 'the', 'winter', 'of', '2028.', 'Tensions', 'are', 'rising', 'in', 'New', 'Port', 'City', 'as', 'demonstrations', 'are', 'held', 'concerning', 'the', 'interests', 'of', 'foreign', 'cartels.', 'This', 'leads', 'to', 'a', 'shooting', 'incident', 'involving', 'riot', 'police.', 'It', 'all', 'started', 'with', 'a', 'cyberbrain', 'infection', 'released', 'by', 'the', 'terrorist', '""Fire', 'Starter.""', 'An', 'independent', 'offensive', 'unit', 'led', 'by', 'Makoto', 'Kusanagi', 'entrusts', 'the', 'suppression', 'of', 'the', 'situation', 'to', 'their', 'ghosts', 'and', 'aims', 'for', 'their', 'own', 'justice.', 'Below', 'the', 'surface', 'of', 'the', 'incident,', 'lies', 'the', '""tin', 'girl""', 'Emma', 'and', 'the', '""scarecrow', 'man""', 'Burinda', 'Junior.', 'As', 'Kusanagi', 'deals', 'with', 'the', 'incident,', 'she', 'draws', 'near', 'to', 'what', 'those', 'two', 'ghosts', 'were', 'seeking.', 'Action', 'Animation', 'ScienceFiction']"
47292,Pokémon: Giratina and the Sky Warrior,KunihikoYuyama,http://www.pokemongiratina.com,"['The', 'film', 'opens', 'with', 'Shaymin', 'as', 'Dialga', 'appears.', 'Then,', 'in', 'the', 'Reverse', 'or', 'Distortion', 'World', 'Giratina', 'senses', ""Dialga's"", 'presence,', 'and', 'flies', 'up', 'to', 'the', 'Real', 'World', 'to', 'capture', 'him.', 'Dialga', 'drinks,', 'just', 'as', ""Giratina's"", 'portal', 'opens', 'up.', 'Giratina', 'then', 'drags', 'Dialga', 'into', 'the', 'Reverse', 'World.', 'Shaymin', 'is', 'also', 'catapulted', 'into', 'the', 'Reverse', 'World.', 'As', 'Dialga', 'and', 'Giratina', 'fight,', 'Zero', 'observes', 'the', 'battle', 'in', 'his', 'ship.', 'Shaymin', 'absorbs', 'a', 'dark', 'gas', 'and', 'uses', '""Seed', 'Flare,""', 'tearing', 'a', 'hole', 'in', 'the', 'Reverse', 'World', 'and', 'escaping.', 'Dialga', 'fires', 'a', 'laser', 'at', 'Giratina,', 'enveloping', 'her', 'in', 'a', 'time', 'loop', 'and', 'trapping', 'her', 'in', 'the', 'Reverse', 'World.', 'As', 'Dialga', 'escapes,', 'Shaymin', 'falls', 'into', 'a', 'river.', 'Adventure', 'Animation', 'Family']"
25161,George Carlin: Jammin' in New York,RoccoUrbisci,http://www.georgecarlin.com,"['When', 'George', 'Carlin', 'is', 'asked', 'which', 'HBO', 'concert', 'is', 'his', 'favorite,', 'his', 'answer', 'is', 'always,', '""Jammin’', 'In', 'New', 'York.""', 'The', 'show,', 'taped', 'at', 'the', 'Paramount', 'Theater', 'in', 'Madison', 'Square', 'Garden', 'and', 'winner', 'of', 'the', '1992', 'CableACE', 'Award,', 'is', 'a', 'perfect', 'blend', 'of', 'biting', 'social', 'commentary', 'and', 'more', 'gently-observed', 'observational', 'pieces.', 'Documentary', 'Comedy', 'TVMovie']"
252520,Short Peace,HiroakiAndo,http://shortpeace-movie.com/,"['A', 'four-film', 'omnibus', 'that', 'features', 'four', 'short', 'anime', 'films', 'all', 'themed', 'around', 'Japan.', 'Animation']"
283445,Sinister 2,CiaranFoy,http://www.sinistermovie.com/,"['A', 'young', 'mother', 'and', 'her', 'twin', 'sons', 'move', 'into', 'a', 'rural', 'house', ""that's"", 'marked', 'for', 'death.', 'Horror']"
124471,Painted Skin: The Resurrection,Wuershan,http://www.huayimedia.com.tw/,"['According', 'to', 'demon', 'lore,', 'it', 'takes', 'hundreds', 'of', 'years', 'to', 'attain', 'human', 'form.', 'Even', 'then,', 'lacking', 'a', 'human', 'heart,', 'a', 'demon', 'cannot', 'experience', 'the', 'true', 'pains', 'and', 'passions', 'of', 'existence.', 'However,', 'there', 'is', 'a', 'legend', 'that', 'if', 'a', 'pure', 'human', 'heart', 'is', 'freely', 'offered', 'to', 'a', 'demon,', 'it', 'can', 'become', 'a', 'mortal', 'and', 'experience', 'true', 'life.', 'Sequel', 'of', 'Painted', 'Skin', '(2008).', 'Drama', 'Fantasy']"
23903,Curious George 2: Follow That Monkey!,NortonVirgien,http://curiousgeorgedvd.com/index2.html,"['The', 'film', 'chronicles', ""George's"", 'adventures', 'as', 'he', 'befriends', 'Kayla,', 'a', 'baby', 'elephant,', 'at', 'a', 'magic', 'circus', 'show', 'and', 'helps', 'her', 'travel', 'across', 'the', 'country', 'to', 'be', 'reunited', 'with', 'her', 'family.Accompanied', 'by', 'his', 'friend,', 'the', 'Man', 'with', 'the', 'Yellow', 'Hat,', 'George', 'travels', 'by', 'foot,', 'train,', 'and', 'truck', 'to', 'reach', ""Kayla's"", 'brother', 'and', 'sister', 'in', 'California,', 'only', 'to', 'be', 'accused', 'of', 'elephant-napping', 'and', 'brought', 'all', 'the', 'way', 'back', 'to', 'New', 'York.', 'Animation', 'Family']"
13430,Always - Sunset on Third Street,TakashiYamazaki,http://www.always3.jp/,"['Leaving', 'her', 'provincial', 'home,', 'teenage', 'Mutsuko', 'arrives', 'in', 'Tokyo', 'by', 'train', 'to', 'take', 'a', 'job', 'in', 'a', 'major', 'automotive', 'company', 'but', 'finds', 'that', 'she', 'is', 'employed', 'by', 'a', 'small', 'auto', 'repair', 'shop', 'owned', 'by', 'Norifumi', 'Suzuki.', ""Suzuki's"", 'hair-trigger', 'temper', 'is', 'held', 'somewhat', 'in', 'check', 'by', 'the', 'motherly', 'instincts', 'of', 'his', 'wife,', 'Tomoe,', 'and', 'his', 'young', 'son', 'Ippei', 'immediately', 'bonds', 'with', 'Mutsuko', 'as', 'if', 'she', 'were', 'his', 'older', 'sister.', 'The', 'Suzuki', 'shop', 'lies', 'almost', 'in', 'the', 'shadow', 'of', 'the', 'Tokyo', 'Tower', 'as', 'it', 'rises', 'steadily', 'above', 'the', 'skyline', 'during', 'construction', 'in', '1958.', 'Comedy', 'Drama']"
295830,Attack on Titan,ShinjiHiguchi,http://www.shingeki-seyo.com/,"['100', 'years', 'ago,', 'titans', 'suddenly', 'appeared', 'on', 'Earth.', 'Soon,', 'human', 'civilization', 'veered', 'on', 'collapse', 'due', 'to', 'the', 'titans.', 'Humans', 'then', 'built', 'a', 'giant', 'wall', 'to', 'defend', 'themselves.', 'Within', 'the', 'giant', 'walls,', 'humans', 'lived', 'in', 'peace,', 'but,', '100', 'years', 'later,', 'the', 'giant', 'wall', 'is', 'broken.', 'Horror', 'Fantasy', 'Drama', 'Action', 'ScienceFiction']"
193502,Library Wars,ShinsukeSato,http://www.toshokan-sensou-movie.com,"['Set', 'in', 'the', 'year', '2019', 'in', 'Japan.', 'In', 'order', 'to', 'crack', 'down', 'on', 'free', 'expression,', 'a', 'new', 'law', 'is', 'passed,', 'which', 'allows', 'for', 'the', 'government', 'to', 'create', 'an', 'armed', 'force', 'to', 'find', 'and', 'destroy', 'objectionable', 'printed', 'material.', 'Meanwhile,', 'to', 'oppose', 'this', 'oppressive', 'crackdown,', 'the', 'Library', 'Force', 'is', 'created.', 'The', 'Library', 'force,', 'including', 'instructor', 'Atsushi', 'Dojo', 'and', 'Iku', 'Kasahara,', 'work', 'to', 'protect', 'the', 'libraries.', 'A', 'fierce', 'battle', 'then', 'ensues', 'between', 'these', 'two', 'groups.', 'Romance', 'Action', 'Fantasy']"
115873,The Angrez,KuntaaNikkil,http://en.wikipedia.org/wiki/The_Angrez,"['The', 'Angrez', 'is', 'a', '2006', 'Indian', 'comedy', 'movie', 'directed', 'by', 'Kuntaa', 'Nikkil.', 'In', 'this', 'movie,', 'the', 'word', '""Angrez""', 'refers', 'to', 'English', 'people', 'and', 'non-resident', 'Indians.', 'The', 'movie', 'was', 'a', 'trendsetter', 'in', 'that,', 'it', 'was', 'one', 'of', 'the', 'first', 'to', 'effectively', 'and', 'humorously,', 'often', 'resorting', 'to', 'the', 'slapstick', 'kind,', 'portray', 'the', 'dialect', 'of', 'the', 'Old', 'City', 'and', 'the', 'Hyderabadi', 'tongue.', 'The', 'film', 'also', 'portrays', 'the', 'fascination', 'for', 'American', 'materialism,', 'the', 'hype', 'around', 'the', 'IT', 'industry', 'and', 'the', 'lifestyle', 'and', 'culture', 'it', 'has', 'spawned.', 'Comedy']"
12448,The Hunchback of Notre Dame II,BradleyRaymond,http://movies.disney.com/the-hunchback-of-notre-dame-2,"['Now', 'that', 'Frollo', 'is', 'gone,', 'Quasimodo', 'rings', 'the', 'bell', 'with', 'the', 'help', 'of', 'his', 'new', 'friend', 'and', ""Esmeralda's"", 'and', ""Phoebus'"", 'little', 'son,', 'Zephyr.', 'But', 'when', 'Quasi', 'stops', 'by', 'a', 'traveling', 'circus', 'owned', 'by', 'evil', 'magician', 'Sarousch,', 'he', 'falls', 'for', 'Madellaine,', ""Sarouch's"", 'assistant.', 'Adventure', 'Animation', 'Family', 'Romance']"
204342,HK: Forbidden Super Hero,YuichiFukuda,http://hk-movie.jp/index.html,"['High', 'school', 'student', 'Kyosuke', 'Shikijo', 'is', 'the', 'most', 'talented', 'member', 'of', 'the', ""school's"", 'martial', 'arts', 'of', 'the', 'fist', 'club.', 'His', 'late', 'father', 'was', 'detective', 'and', 'Kyosuke', 'share', 'his', ""father's"", 'strong', 'sense', 'of', 'justice.', 'Kyosuke', 'also', 'has', 'a', 'secret.', 'Kyosuke', 'likes', 'to', 'wear', 'female', 'underwear', 'and', 'transforms', 'himself', 'into', 'the', 'alter', 'ego', '""Hentai', 'Kamen,""', 'wearing', 'female', 'underwear', 'and', 'gaining', 'superhuman', 'powers.', 'This', 'unusual', 'interest', 'also', 'comes', 'from', 'his', 'parents,', 'with', 'his', 'father', 'a', 'masochist', 'and', 'his', 'mother', 'a', 'sadist.', 'By', 'chance,', 'Kyosuke', 'gets', 'the', 'underwear', 'of', 'female', 'high', 'school', 'student', 'Aiko', 'Himeno.', 'With', 'her', 'underwear,', 'he', 'gains', 'various', 'pervert', 'techniques', 'and', 'attempts', 'to', 'protect', 'Aiko', 'from', 'a', 'dirty', 'and', 'heinous', 'teacher.', 'Action', 'Comedy']"
347096,Mythica: The Darkspore,AnneK.Black,http://www.mythicamovie.com/#!blank/wufvh,"['When', 'Teela’s', 'sister', 'is', 'murdered', 'and', 'a', 'powerful', 'relic', 'stolen,', 'Marek', 'and', 'her', 'friends', 'face', 'a', 'sinister', 'new', 'enemy', '–', 'Kishkumen,', 'a', 'foreign', 'mystic', 'bent', 'on', 'reclaiming', 'the', 'Darkspore', 'for', 'his', 'master', 'Szorlok.', 'Armed', 'with', 'twin', 'maps,', 'Marek', 'and', 'her', 'team', 'race', 'Kishkumen', 'and', 'his', 'horde', 'through', 'creature-infested', 'lands,', 'to', 'a', 'long', 'abandoned', 'underground', 'city', '–', 'all', 'the', 'while', 'pursued', 'by', 'bounty', 'hunters', 'intent', 'on', 'returning', 'Marek', 'to', 'slavery.', 'Action', 'Adventure', 'Fantasy']"
284279,Burnout,HallvardBræin,https://www.facebook.com/boerning/timeline,"['For', 'all', 'who', 'remember', 'Cannonball', 'Run.', 'Here', 'is', 'a', 'modern', 'twist', 'on', 'the', 'subject.', 'The', 'longest,', 'wildest', 'and', 'funniest', 'car', 'race,', 'ever.', 'From', 'Oslo', 'to', 'the', 'North', 'Cape.', 'The', 'only', 'rule', 'is', 'getting', 'there', 'first!', 'Action', 'Comedy']"
356216,The Rise of the Krays,ZackaryAdler,http://www.signature-entertainment.co.uk/film/rise-of-the-krays/,"['Follows', 'the', 'early', 'years', 'of', 'two', 'unknown', '18', 'year', 'old', 'amateur', 'boxers', 'who', 'quickly', 'fought', 'their', 'way', 'to', 'becoming', 'the', 'most', 'feared', 'and', 'respected', 'villains', 'in', 'all', 'of', 'London.', 'Told', 'through', 'the', 'eyes', 'of', 'a', 'close', 'friend', 'that', 'survived', 'them,', 'we', 'see', 'them', 'rise', 'to', 'infamy', 'through', 'drugs,', 'sex', 'and', 'murder.', 'Crime']"
50087,Pokémon: Zoroark: Master of Illusions,KunihikoYuyama,http://www.pokemonthemovie.com/zoroark/,"['The', 'thirteenth', 'film', 'overall', 'for', 'the', 'long-running', 'series', 'and', 'the', 'fourth', 'movie', 'in', 'the', 'Diamond', 'and', 'Pearl', 'story', 'arc,', 'it', 'includes', 'an', 'upcoming', 'creature', 'from', 'Pokémon', 'Black', '&amp;', 'White,', 'named', 'Zoroark,', 'as', 'the', 'main', 'character', '(as', 'well', 'as', 'its', 'pre-evolved', 'form,', 'Zorua).', 'In', 'the', 'movie,', 'Celebi', 'travels', 'to', 'the', 'past', 'to', 'prevent', 'a', 'battle', 'between', 'Raikou,', 'Entei,', 'and', 'Suicune', 'after', 'seeing', 'the', 'future', 'battle', 'in', 'a', 'vision.', 'Meanwhile,', 'Ash,', 'Brock', 'and', 'Dawn', 'make', 'it', 'to', 'Crown', 'City', 'to', 'attend', 'the', 'annual', 'Pokémon', 'Baccer', 'World', 'Cup', 'where', 'they', 'have', 'an', 'encounter', 'with', 'Zorua,', 'who', 'has', 'lost', 'his', 'companion.', 'The', 'town', 'is', 'then', 'attacked', 'by', 'the', 'Legendary', 'Pokémon', 'Raikou,', 'Entei,', 'and', 'Suicune...', 'who', 'are', 'revealed', 'to', 'actually', 'be', 'Zoroark.', 'It', 'is', 'then', 'up', 'to', 'Celebi', 'to', 'appear', 'from', 'the', 'future', 'and', 'help', 'the', 'trio', 'stop', 'the', 'rampaging', 'Pokémon.', 'Adventure', 'Animation', 'Family']"
350499,Pokémon the Movie: Hoopa and the Clash of Ages,KunihikoYuyama,http://www.pokemon-movie.jp/,"['Ash,', 'Pikachu,', 'and', 'their', 'friends', 'come', 'to', 'a', 'desert', 'city', 'by', 'the', 'sea.', 'Here', 'they', 'meet', 'the', 'Mythical', 'Pokémon', 'Hoopa,', 'which', 'has', 'the', 'ability', 'to', 'summon', 'things—including', 'people', 'and', 'Pokémon—through', 'its', 'magic', 'rings.', 'After', 'a', 'scary', 'incident,', 'they', 'learn', 'of', 'a', 'story', 'about', 'a', 'brave', 'hero', 'who', 'stopped', 'the', 'rampage', 'of', 'a', 'terrifying', 'Pokémon', 'long', 'ago.', 'Now,', 'the', 'threat', 'that', 'has', 'been', 'bottled', 'up', 'for', 'years', 'is', 'in', 'danger', 'of', 'breaking', 'loose', 'again.', 'Adventure', 'Animation', 'Action']"
287948,The Transporter Refueled,CamilleDelamarre,http://www.thetransporterrefueled.com/,"['The', 'fast-paced', 'action', 'movie', 'is', 'again', 'set', 'in', 'the', 'criminal', 'underworld', 'in', 'France,', 'where', 'Frank', 'Martin', 'is', 'known', 'as', 'The', 'Transporter,', 'because', 'he', 'is', 'the', 'best', 'driver', 'and', 'mercenary', 'money', 'can', 'buy.', 'In', 'this', 'installment,', 'he', 'meets', 'Anna', 'and', 'they', 'attempt', 'to', 'take', 'down', 'a', 'group', 'of', 'ruthless', 'Russian', 'human', 'traffickers', 'who', 'also', 'have', 'kidnapped', 'Frank’s', 'father.', 'Thriller', 'Action', 'Crime']"
86868,La Vérité si je Mens ! 3,ThomasGilou,http://www.laveritesijemens3.com/,"['Eddie,', 'Dov,', 'Yvan', 'et', 'les', 'autres…', 'Nos', 'chaleureux', 'amis', 'ont', 'migré', 'du', 'Sentier', 'moribond', 'à', 'la', 'banlieue', 'florissante', 'd’Aubervilliers…', 'Là', 'où', 'les', 'vieux', 'entrepreneurs', 'juifs', 'ont', 'laissé', 'le', 'terrain', 'à', 'de', 'jeunes', 'grossistes', 'chinois', 'courageux', 'et', 'dynamiques…', 'La', 'petite', 'bande', 'est', 'toujours', 'aussi', 'soudée,', 'solidaire', 'que', 'lors', 'des', 'épisodes', 'précédents,', 'et', 'la', 'vie', 'suit', 'son', 'cours,', 'au', 'gré', 'des', 'petits', 'évènements', 'familiaux', 'et', 'des', 'affaires.', 'Dov', 'semble', 'toujours', 'frivole,', 'Eddie', 'entreprenant,', 'Yvan', 'transi,', 'Karine', 'désinvolte,', 'Sandra', 'résolue,', 'Chochana', 'naïve,', 'Serge', 'irresponsable', 'et', 'mythomane.', 'Quant', 'à', 'Patrick,', 'il', 'est', 'amoureux', 'et', 'l’heureuse', 'élue', 'est', 'loin', 'd’être', 'facile', 'd’accès.', 'Tout', 'irait', 'pour', 'le', 'mieux', 'jusqu’à', 'ce', 'qu’un', 'vent', 'mauvais', 'apporte', 'son', 'lot', 'd’adversité', 'compromettant', 'sérieusement', 'la', 'cohésion', 'du', 'groupe.', 'Succomberont-ils', 'sous', 'l’orage', 'à', 'la', 'zizanie,', 'ou', 'bien,', 'une', 'fois', 'de', 'plus,', 'à', 'force', 'd’entraide,', 'de', 'ruses', 'et', 'd’habileté,', 'triompheront-ils', 'de', 'la', 'crise', 'avec', 'panache', '?', 'Comedy']"
340382,Attack on Titan II: End of the World,ShinjiHiguchi,http://www.shingeki-seyo.com/,"['Eren', '(Haruma', 'Miura)', 'leaves', 'to', 'restore', 'a', 'break', 'in', 'the', 'wall', 'destroyed', 'by', 'a', 'Titan.', 'He', 'comes', 'under', 'attack', 'by', 'the', 'Titans', 'and', 'is', 'cornered.', 'Shikishima', '(Hiroki', 'Hasegawa)', 'comes', 'to', 'his', 'aid.', 'The', 'titans', 'never', 'stops', 'attacking.', 'Eren', 'is', 'now', 'injured', 'and', 'tries', 'to', 'protect', 'Armin', '(Kanata', 'Hongo),', 'but', 'is', 'swallowed', 'by', 'a', 'titan.', 'A', 'Titan', 'with', 'black', 'hair', 'appears', 'and', 'begins', 'to', 'expel', 'the', 'other', 'titans.', 'Horror', 'ScienceFiction', 'Action', 'Fantasy', 'Drama']"
55612,Varg Veum - Black Sheep,StephanApelgren,http://www.vargveumfilm.no/,"['Varg', 'Veum', 'promises', 'his', 'girlfriend', 'that', 'he', 'will', 'find', 'her', 'sister', 'who', 'has', 'vanished.', 'Action', 'Thriller', 'Crime']"
182131,Little Witch Academia,YohYoshinari,http://littlewitchacademia.jp/,"['Inspired', 'by', 'a', 'magician', 'named', 'Shiny', 'Chariot,', 'the', 'lively', 'Akko', 'Kagari', 'enters', 'the', 'Little', 'Witch', 'Academy', 'with', 'the', 'dream', 'of', 'one', 'day', 'becoming', 'as', 'cool', 'as', 'her', 'idol.', 'Action', 'Animation', 'Comedy', 'Fantasy']"
277967,Life Eternal,WolfgangMurnberger,http://www.dasewigeleben.at/,"['A', 'thriller', 'crime', 'comedy', 'directed', 'by', 'Wolfgang', 'Murnberger.', 'Comedy', 'Crime', 'Thriller']"
297762,Wonder Woman,PattyJenkins,http://www.warnerbros.com/wonder-woman,"['An', 'Amazon', 'princess', 'comes', 'to', 'the', 'world', 'of', 'Man', 'to', 'become', 'the', 'greatest', 'of', 'the', 'female', 'superheroes.', 'Action', 'Adventure', 'Fantasy']"
302349,Iron Sky: The Coming Race,TimoVuorensola,http://www.ironsky.net/,"['Twenty', 'years', 'after', 'the', 'events', 'of', 'Iron', 'Sky,', 'the', 'former', 'Nazi', 'Moonbase', 'has', 'become', 'the', 'last', 'refuge', 'of', 'mankind.', 'Earth', 'was', 'devastated', 'by', 'a', 'nuclear', 'war,', 'but', 'buried', 'deep', 'under', 'the', 'wasteland', 'lies', 'a', 'power', 'that', 'could', 'save', 'the', 'last', 'of', 'humanity', '-', 'or', 'destroy', 'it', 'once', 'and', 'for', 'all.', 'The', 'truth', 'behind', 'the', 'creation', 'of', 'mankind', 'will', 'be', 'revealed', 'when', 'an', 'old', 'enemy', 'leads', 'our', 'heroes', 'on', 'an', 'adventure', 'into', 'the', 'Hollow', 'Earth.', 'To', 'save', 'humanity', 'they', 'must', 'fight', 'the', 'Vril,', 'an', 'ancient', 'shapeshifting', 'reptilian', 'race', 'and', 'their', 'army', 'of', 'dinosaurs.', 'Action', 'Comedy', 'Fantasy', 'ScienceFiction']"
191975,The Adventures of Mickey Matson and the Copperhead Conspiracy,HaroldCronk,http://www.mickeymatson.com/,"['When', 'a', 'mythical', 'device', 'from', 'ancient', 'times', 'is', 'rebuilt', 'by', 'a', 'group', 'of', 'Confederates', 'who', 'feel', 'the', 'civil', 'war', 'never', 'ended,', 'Mickey', 'Matson', 'and', 'his', 'newfound', 'friend,', 'Sully,', 'must', 'follow', 'a', 'series', 'of', 'clues', 'left', 'by', 'his', 'dead', 'grandfather', 'to', 'keep', 'the', 'evil', 'men', 'away', 'from', 'the', 'three', 'mystical', 'objects', 'that', 'power', 'the', 'device.', 'If', 'he', 'fails,', 'it', 'could', 'mean', 'not', 'only', 'the', 'loss', 'of', 'his', ""family's"", 'home,', 'but', 'maybe', 'the', 'demise', 'of', 'our', 'country', 'as', 'we', 'know', 'it.', 'Family']"
158848,The Falls,JonGarcía,http://www.thefallsmovie.net/01/index.php,"['The', 'Falls', 'is', 'a', 'feature', 'film', 'about', 'two', 'missionaries', 'that', 'fall', 'in', 'love', 'while', 'on', 'their', 'mission.', 'RJ', 'travels', 'to', 'a', 'small', 'town', 'in', 'Oregon', 'with', 'Elder', 'Merrill', 'to', 'serve', 'their', 'mission', 'and', 'teach', 'the', 'words', 'of', 'Joseph', 'Smith.', 'Living', 'together', 'and', 'sharing', 'the', 'challenge', 'of', 'leaving', 'home,', 'the', 'two', 'men', 'help', 'each', 'other', 'discover', 'their', 'strengths.', 'They', 'share', 'a', 'passion', 'for', 'their', 'faith', 'and', 'learn', 'to', 'express', 'their', 'feelings,', 'risking', 'the', 'only', 'community', 'they', 'have', 'for', 'a', 'forbidden', 'intimacy.', 'Romance', 'Drama']"
54297,McHale's Navy Joins the Air Force,EdwardMontagne,http://www.imdb.com/title/tt0059437/,"['The', 'crew', 'of', 'PT-73', 'are', 'in', 'trouble', 'again', 'when', 'Ensign', 'Parker', 'is', 'mistaken', 'for', 'a', 'pilot', 'and', 'gets', 'shanghied', 'into', 'the', 'Air', 'Force.', 'Comedy']"
44848,The Decline of Western Civilization Part III,PenelopeSpheeris,http://www.declinemovies.com/,"['The', 'Decline', 'of', 'Western', 'Civilization', 'III', 'is', 'a', '1998', 'documentary', 'film', 'directed', 'by', 'Penelope', 'Spheeris', 'that', 'chronicles', 'the', 'gutter', 'punk', 'lifestyle', 'of', 'homeless', 'teenagers.', 'It', 'is', 'the', 'third', 'film', 'of', 'a', 'trilogy', 'by', 'Spheeris', 'depicting', 'life', 'in', 'Los', 'Angeles', 'at', 'various', 'points', 'in', 'time.', 'The', 'first', 'film', 'dealt', 'with', 'the', 'punk', 'rock', 'scene', 'during', '1980-1981.', 'The', 'second', 'film', 'covers', 'the', 'Los', 'Angeles', 'heavy', 'metal', 'movement', 'of', '1986-1988.', 'The', 'film', 'involves', 'hardcore', 'street', 'punks', 'called', '""gutter', 'punks""', 'who', 'take', 'the', 'anti-establishment', 'message', 'with', 'extreme', 'seriousness,', 'and', 'tune', 'out', 'society', 'completely.', 'Spheeris', 'talks', 'to', 'homeless', 'teenagers', 'living', 'on', 'the', 'street', 'or', 'squatting', 'in', 'abandoned', 'buildings', 'in', 'Los', 'Angeles,', 'as', 'well', 'as', 'an', 'unstable', 'mother,', 'Los', 'Angeles', 'Police', 'Department', 'officer', 'Gary', 'Fredo,', 'and', 'a', 'paralyzed', 'youth', 'living', 'on', 'a', 'disability.', 'Documentary']"
74639,Overheard 2,FelixChong,http://en.wikipedia.org/wiki/Overheard_2,"['Manson', 'Law,', 'a', 'celebrated', 'stockbroker', 'in', 'Hong', 'Kong,', 'is', 'injured', 'in', 'a', 'car', 'accident.', 'The', 'police,', 'led', 'by', 'Inspector', 'Jack', 'Ho,', 'discovers', 'a', 'military', 'surveillance', 'device', 'in', 'the', 'car', 'wreck.', 'Meanwhile,', 'the', 'wiretapper', 'Joe', 'Szema', 'is', 'unveiling', 'his', 'extensive', 'plan', 'that', 'targets', 'the', 'mysterious', 'financial', 'conglomerate,', 'the', 'Landlord', 'Club.', 'The', 'fate', 'of', 'these', 'three', 'men', 'soon', 'intertwines', 'in', 'the', 'cat-and-mouse', 'game', 'that', 'may', 'bring', 'down', 'the', 'entire', 'stock', 'market.', 'Action', 'Drama', 'Thriller']"
44037,Lake Placid 3,GriffFurst,http://www.syfy.com/movies/originals/index.php?pageid=136,"['A', 'game', 'warden', 'moves', 'his', 'family', 'to', 'Lake', 'Placid,', 'once', 'the', 'site', 'of', 'deadly', 'crocodile', 'attacks.', 'Locals', 'assure', 'him', 'the', 'crocs', 'are', 'gone,', 'but', 'his', 'mischievous', 'young', 'son', 'finds', 'a', 'few', 'baby', 'crocs', 'and', 'begins', 'feeding', 'them.', 'They', 'quickly', 'grow', 'into', 'very', 'big', 'adults', 'and', 'start', 'attacking', 'the', 'game', ""warden's"", 'family', 'and', 'nearby', 'town.', 'Horror', 'Action', 'ScienceFiction', 'Thriller']"
64931,Detective K: Secret of the Virtuous Widow,KimSuk-Yoon,http://www.tamjung2011.co.kr/,"['In', 'the', 'year', '1793,', '17', 'years', 'after', 'Jeongjo', 'became', 'the', 'King', 'of', 'Joseon,', 'a', 'series', 'of', 'murders', 'occur.', 'King', 'Jeongjo', 'believes', 'the', 'murders', 'may', 'belong', 'to', 'a', 'conspiracy', 'by', 'government', 'officials', 'to', 'cover', 'up', 'tributary', 'payments.', 'King', 'Jeongjo', 'then', 'gives', 'Detective', 'K', '(Kim', 'Myung-Min)', 'a', 'secret', 'order', 'to', 'find', 'out', 'who', 'is', 'behind', 'the', 'killings.', 'Action', 'Comedy', 'Crime', 'History', 'Mystery']"
74405,Sharpe's Company,TomClegg,http://www.sharpefilm.com/company/,"['Spain', '1812', 'The', 'Duke', 'of', 'Wellington', 'plans', 'to', 'lay', 'siege', 'to', 'Badajoz.', 'A', 'murderous', 'figure', 'from', ""Sharpe's"", 'past', 'uses', 'a', 'beautiful', 'woman', 'revenge', 'himself', 'on', 'Sharpe,', 'now', 'the', 'father', 'of', 'her', 'child.', 'Sharpe', 'has', 'reason', 'to', 'be', 'happy,', 'he', 'holds', 'his', 'daughter', 'for', 'the', 'first', 'time', 'and', 'is', 'given', 'command', 'of', 'the', 'Light', 'Company', 'again,', 'together', 'with', 'his', 'captaincy.', 'But', 'will', 'his', 'happiness', 'be', 'short', 'lived?', 'Action', 'Adventure', 'War', 'History']"
312221,Creed,RyanCoogler,http://creedthemovie.com/,"['The', 'former', 'World', 'Heavyweight', 'Champion', 'Rocky', 'Balboa', 'serves', 'as', 'a', 'trainer', 'and', 'mentor', 'to', 'Adonis', 'Johnson,', 'the', 'son', 'of', 'his', 'late', 'friend', 'and', 'former', 'rival', 'Apollo', 'Creed.', 'Drama']"
48943,Young and Dangerous 5,AndrewLau,http://en.wikipedia.org/wiki/Young_and_Dangerous_5,"['Although', 'Chicken', 'does', 'not', 'make', 'an', 'appearance,', 'Chan', 'Ho', 'Nam', 'finds', 'a', 'new', 'love', 'interest', 'in', 'the', 'form', 'of', 'Mei', 'Ling', '(Shu', 'Qi).', 'Meanwhile,', 'Tung', 'Sing', 'returns', 'to', 'cause', 'trouble', 'again', 'for', 'Hung', 'Hing,', 'in', 'the', 'form', 'of', 'new', 'leader', 'Szeto', 'Ho', 'Nam', '(Mark', 'Cheng).', 'Young', 'and', 'Dangerous', '5', 'occurs', 'during', 'the', 'transfer', 'of', 'Hong', 'Kong', 'sovereignty', 'to', 'China,', 'with', 'the', '""boys""', 'becoming', '""men"",', 'as', 'they', 'develop', 'and', 'mature', 'into', 'more', 'business-like', 'dealings.', 'Action', 'Crime', 'Thriller']"
292177,My Little Pony: Equestria Girls - Rainbow Rocks,JaysonThiessen,http://www.mlpeg.com,"['Music', 'rules', 'and', 'rainbows', 'rock', 'as', 'Twilight', 'Sparkle', 'and', 'pals', 'compete', 'for', 'the', 'top', 'spot', 'in', 'the', 'Canterlot', 'High', '""Mane', 'Event""', 'talent', 'show.', 'The', 'girls', 'must', 'rock', 'their', 'way', 'to', 'the', 'top,', 'and', 'outshine', 'rival', 'Adagio', 'Dazzle', 'and', 'her', 'band', 'The', 'Dazzlings,', 'to', 'restore', 'harmony', 'back', 'to', 'Canterlot', 'High.', 'Family', 'Animation', 'Music']"
349158,My Little Pony: Equestria Girls - Friendship Games,IshiRudell,http://www.mlpeg.com/,"['Canterlot', 'High', 'meets', 'its', 'rival', 'school,', 'Crystal', 'Prep', 'Academy,', 'in', 'a', 'competition', 'that’s', 'a', 'long-standing', 'tradition', '–', 'The', 'Friendship', 'Games.', 'Sunset', 'Shimmer', 'is', 'tasked', 'with', 'keeping', 'magic', 'out', 'of', 'the', 'games', 'to', 'avoid', 'the', 'appearance', 'of', 'impropriety', 'while', 'she', 'and', 'her', 'friends', 'compete', 'against', 'Crystal', 'Prep’s', 'top', 'students', 'led', 'by', 'someone', 'with', 'an', 'equal', 'amount', 'of', 'interest', 'in', 'Equestrian', 'magic', '–', 'this', 'world’s', 'TWILIGHT', 'SPARKLE.', 'Animation', 'Music']"
246594,Mega Shark vs. Mecha Shark,EmileEdwinSmith,http://www.theasylum.cc/product.php?id=242,"['When', 'another', 'Mega', 'Shark', 'returns', 'from', 'the', 'depths', 'of', 'the', 'sea,', 'world', 'militaries', 'go', 'on', 'high', 'alert.', 'Ocean', 'traffic', 'grinds', 'to', 'a', 'standstill', 'as', 'everyone', 'lives', 'in', 'fear', 'of', 'the', 'insatiable', 'beast.', 'Out', 'of', 'options,', 'the', 'US', 'government', 'unleashes', 'the', 'top', 'secret', 'Mecha', 'Shark', 'project', '--', 'a', 'mechanical', 'shark', 'built', 'to', 'have', 'the', 'same', 'exact', 'characteristics', 'as', 'Mega.', 'A', 'pair', 'of', 'scientists', 'pilot', 'the', 'mechanical', 'creature', 'as', 'they', 'fight', 'Mega', 'in', 'a', 'pitched', 'battle', 'to', 'save', 'the', 'planet.', 'But', 'when', 'faulty', 'mechanics', 'cause', 'the', 'Mecha', 'to', 'go', 'after', 'humans,', 'the', 'scientists', 'must', 'somehow', 'guide', 'Mega', 'to', 'Mecha', 'in', 'hopes', 'that', 'the', 'two', 'titans', 'will', 'kill', 'each', 'other', '-', 'or', 'risk', 'untold', 'worldwide', 'destruction.', 'Action', 'ScienceFiction', 'Thriller']"
71744,Eating Out: Drama Camp,Q.AllanBrocka,http://www.tlareleasing.co.uk/details/product_details.cfm?id=324769,"['With', 'raging', 'boy', 'hormones', 'and', 'the', 'laugh', 'quotient', 'turned', 'on', 'full,', 'Chris', 'Salvatore', 'and', 'Daniel', 'Skelton', 'return,', 'along', 'with', 'Rebekah', 'Kochan', 'and', 'cult', 'icon', 'Mink', 'Stole', 'in', 'the', 'fourth', 'installment', 'of', 'Q.', 'Allan', ""Brocka's"", 'hilarious', 'and', 'over-the-top', 'sexual', 'antic-laden', 'Eating', 'Out', 'series!', 'Comedy']"
23150,The Garden of Sinners - Chapter 1: Overlooking View,EiAoki,http://www.karanokyoukai.com,"['When', 'an', 'odd', 'string', 'of', 'suicides', 'begins', 'to', 'occur', 'at', 'a', 'local', 'high', 'rise', 'building,', 'most', 'of', 'the', 'townsfolk', 'treat', 'it', 'as', 'an', 'unfortunate', 'series', 'of', 'events.', 'One', 'girl,', 'however,', 'senses', 'something', 'more', 'sinister', 'at', 'work', '-', 'especially', 'when', 'a', 'close', 'friend', 'of', 'hers', 'falls', 'mysteriously', 'ill.', 'Crime', 'Animation', 'Action']"
334376,Ghost in the Shell: The New Movie,NomuraKazuya,http://kokaku-a.jp/,"['Set', 'in', 'a', 'futuristic', 'Japan', 'after', 'the', 'end', 'of', 'a', 'brutal', 'world', 'war,', 'science', 'has', 'advanced', 'by', 'leaps', 'and', 'bounds', 'giving', 'humanity', 'the', 'choice', 'to', 'prolong', 'life', 'and', 'reduce', 'suffering', 'with', 'the', 'use', 'of', 'sophisticated', 'cybernetics.', 'With', 'all', 'of', 'humanity', 'linked', 'into', 'one', 'system', 'of', 'minds', 'and', 'personalities', 'known', 'as', 'ghosts,', 'the', 'biggest', 'threat', 'to', 'civilization', 'is', 'the', 'cyber', 'terrorists', 'capable', 'of', 'hijacking', ""people's"", 'bodies', 'and', 'memories.', 'When', 'a', 'ghost-infecting', 'virus', 'known', 'as', 'Fire-Starter', 'begins', 'spreading', 'through', 'the', 'system', 'resulting', 'in', 'the', 'assassination', 'of', 'the', 'Japanese', 'Prime', 'Minister,', 'Major', 'Motoko', 'Kusanagi', 'and', 'her', 'elite', 'team', 'of', 'special', 'operatives', 'are', 'called', 'in', 'to', 'track', 'down', 'its', 'source.', 'As', 'they', 'delve', 'deeper', 'and', 'deeper', 'into', 'their', 'investigation,', 'they', 'uncover', 'traces', 'of', 'government', 'corruption', 'and', 'a', 'shadowy', 'broker', 'that', 'bears', 'an', 'all-too-familiar', 'face.', 'The', 'film', 'is', 'a', 'continuation', 'to', 'the', 'plot', 'of', 'the', 'Pyrophoric', 'Cult', 'episode', 'of', 'Arise,', 'and', 'ties', 'up', 'loose', 'ends', 'from', 'that', 'arc.', 'ScienceFiction', 'Animation']"
329833,Zoolander 2,BenStiller,http://www.zoolander.com/,"['Derek', 'and', 'Hansel', 'are', 'modelling', 'again', 'when', 'an', 'opposing', 'company', 'attempts', 'to', 'take', 'them', 'out', 'from', 'the', 'business.', 'Comedy']"
282069,Parasyte: Part 1,TakashiYamazaki,http://www.kiseiju.com/,"['Alien', 'pods', 'come', 'to', 'Earth', 'and,', 'naturally,', 'start', 'taking', 'over', 'Human', 'Hosts.', 'One', 'such', 'pod', 'only', 'manages', 'to', 'take', 'over', 'one', ""human's,"", 'Shin', 'Izumi,', 'right', 'arm.', 'Together', 'they', 'grow', 'and', 'co-exist,', 'all', 'the', 'while', 'the', 'other', 'aliens', 'are', 'making', 'meals', 'of', 'other', 'humans;', 'Shin', 'feels', 'he', 'must', 'put', 'a', 'stop', 'to', 'it', 'all,', 'but', 'his', 'alien,', 'Migi,', ""doesn't"", 'see', 'why.', 'ScienceFiction', 'Horror']"
282070,Parasyte: Part 2,TakashiYamazaki,http://www.kiseiju.com/,"['Alien', 'pods', 'come', 'to', 'Earth', 'and,', 'naturally,', 'start', 'taking', 'over', 'Human', 'Hosts.', 'One', 'such', 'pod', 'only', 'manages', 'to', 'take', 'over', 'one', ""human's,"", 'Shin', 'Izumi,', 'right', 'arm.', 'Together', 'they', 'grow', 'and', 'co-exist,', 'all', 'the', 'while', 'the', 'other', 'aliens', 'are', 'making', 'meals', 'of', 'other', 'humans;', 'Shin', 'feels', 'he', 'must', 'put', 'a', 'stop', 'to', 'it', 'all,', 'but', 'his', 'alien,', 'Migi,', ""doesn't"", 'see', 'why.', 'ScienceFiction', 'Horror']"
274167,Daddy's Home,SeanAnders,http://daddyshomemovie.tumblr.com/,"['The', 'story', 'of', 'a', 'mild-mannered', 'radio', 'executive', '(Ferrell)', 'who', 'strives', 'to', 'become', 'the', 'best', 'stepdad', 'ever', 'to', 'his', ""wife's"", 'two', 'children,', 'but', 'complications', 'ensue', 'when', 'their', 'freewheeling,', 'freeloading', 'real', 'father', 'arrives,', 'forcing', 'stepdad', 'to', 'compete', 'for', 'the', 'affection', 'of', 'the', 'kids.', 'Comedy']"
328848,"Murder, She Baked: A Chocolate Chip Cookie Mystery",MarkJean,http://www.hallmarkmoviesandmysteries.com/murder-she-baked-a-chocolate-chip-murder-mystery,"['Based', 'on', 'the', 'New', 'York', 'Times', 'bestselling', 'book,', 'Chocolate', 'Chip', 'Cookie', 'Murder', 'by', 'Joanne', 'Fluke,', 'the', 'film', 'will', 'take', 'viewers', 'on', 'a', 'mouthwatering', 'mystery', 'that', 'centers', 'on', 'Hannah', 'Swensen,', 'shop', 'owner', 'of', 'the', 'Cookie', 'Jar', 'where', 'much', 'of', 'the', ""town's"", 'gossip', 'percolates', 'along', 'with', 'the', 'strong', 'coffee.', 'But', 'when', 'a', 'mysterious', 'murder', 'occurs,', 'Hannah', 'turns', 'into', 'a', 'culinary', 'detective', 'and', 'finds', 'herself', 'trying', 'to', 'solve', 'the', 'crime', 'while', 'getting', 'caught', 'in', 'an', 'unexpected', 'romantic', 'mystery', 'of', 'her', 'own.', 'TVMovie', 'Mystery']"
361751,"Murder, She Baked: A Plum Pudding Murder Mystery",KristofferTabori,http://www.hallmarkmoviesandmysteries.com/murder-she-baked-a-plum-pudding-mystery,"['A', 'young', 'bakeshop', 'owner’s', 'holiday', 'season', 'takes', 'a', 'surprising', 'turn', 'when', 'she', 'finds', 'a', 'body', 'at', 'a', 'local', 'Christmas', 'tree', 'lot', 'and', 'winds', 'up', 'involved', 'in', 'a', 'dangerous', 'murder', 'investigation.', 'With', 'colorful', 'characters', 'popping', 'up', 'as', 'suspects,', 'shady', 'business', 'practices', 'uncovered', 'at', 'the', 'tree', 'lot', 'and', 'holiday', 'romance', 'in', 'the', 'air,', 'the', 'young', 'baker-turned-sleuth', 'must', 'race', 'against', 'time', 'to', 'track', 'down', 'the', 'killer', 'and', 'save', 'the', 'Christmas', 'season.', 'TVMovie', 'Mystery']"
366630,The Bridge,MikeRohl,http://www.hallmarkchannel.com/karen-kingsburys-the-bridge,"['Karen', ""Kingsbury's"", 'The', 'Bridge', 'is', 'the', 'sweeping', 'tale', 'of', 'Molly', 'Callens', '(Findlay)', 'and', 'Ryan', 'Kelly', '(Nash),', 'two', 'young', 'students', 'who', 'share', 'a', 'profound', 'friendship', 'their', 'first', 'semester', 'in', 'college,', 'a', 'time', 'that', 'becomes', 'the', 'defining', 'moment', 'of', 'their', 'lives.', 'Drama', 'TVMovie']"
140300,Kung Fu Panda 3,JenniferYuhNelson,http://www.kungfupanda.com/,"['Continuing', 'his', '""legendary', 'adventures', 'of', 'awesomeness"",', 'Po', 'must', 'face', 'two', 'hugely', 'epic,', 'but', 'different', 'threats:', 'one', 'supernatural', 'and', 'the', 'other', 'a', 'little', 'closer', 'to', 'his', 'home.', 'Action', 'Adventure', 'Animation', 'Comedy', 'Family']"
254736,"Arabian Nights: Volume 1, The Restless One",MiguelGomes,http://www.as1001noites.com/,"['Every', 'night,', 'in', 'danger', 'of', 'being', 'beheaded,', 'Scheherazade', 'tells', 'King', 'Shahryar', 'unfinished', 'tales', 'to', 'continue', 'them', 'the', 'following', 'night,', 'hence', 'defying', 'his', 'promise', 'of', 'murdering', 'his', 'new', 'wives', 'after', 'their', 'wedding', 'night.', 'Scheherazade', 'tells', 'king', 'Shahryar', 'her', 'stories', 'but', 'these', 'are', 'not', 'those', 'in', 'the', 'book.', 'These', 'are', 'stories', 'based', 'on', 'whatever', 'will', 'be', 'happening', 'in', 'Portugal', 'during', 'the', 'production', 'time', 'of', 'the', 'film.', 'As', 'in', 'the', 'book,', 'these', 'stories', 'will', 'be', 'tragic', 'and', 'comical,', 'with', 'rich', 'and', 'poor,', 'powerless', 'and', 'powerful', 'people,', 'filled', 'with', 'surprising', 'and', 'extraordinary', 'events.', 'This', 'film', 'will', 'be', 'about', 'the', 'reality', 'of', 'a', 'disgraced', 'country,', 'Portugal,', 'under', 'the', 'effects', 'of', 'a', 'global', 'economic', 'crisis.', 'Drama']"
98440,Thou Shalt Laugh 3,,http://www.thoushaltlaugh.com/,"['New', 'from', 'the', '#1', 'family', 'comedy', 'series', 'of', 'all-time!', 'Thou', 'Shalt', 'Laugh', '3', 'is', 'a', 'bold,', 'entertaining', 'addition', 'to', 'the', 'hit', 'series', 'that', 'has', 'sold', 'over', '250,000', 'units', 'since', ""it's"", 'debut', 'in', '2007.', 'Hosted', 'by', 'award-winning', 'comedian', 'and', 'actor', 'Sinbad', '(who', 'does', 'an', 'all', 'improv', 'set),', 'Thou', 'Shalt', 'Laugh', '3', 'also', 'features', 'series', 'favorites', 'Taylor', 'Mason', '(Last', 'Comic', 'Standing)', 'and', 'Thor', 'Ramsey', '(-clever', 'and', 'pointed', '-', 'The', 'Washington', 'Post)', 'who', 'perform', 'all-new,', 'side-splitting', 'material.', 'New', 'to', 'Thou', 'Shalt', 'Laugh', '3', 'are', 'hot,', 'rising', 'comedians', 'Lisa', 'Alvarado', '(Last', 'Comic', 'Standing', 'L.A.', 'winner),', 'Leanne', 'Morgan', 'and', 'Horace', 'H.B.', 'Sanders.', 'Funny,', 'smart', 'and', 'edgy,', 'Thou', 'Shalt', 'Laugh', '3', 'offers', '94', 'minutes', 'of', 'laughs', 'with', 'something', 'for', 'every', 'member', 'of', 'the', 'family.', 'Comedy']"
98438,Thou Shalt Laugh,,http://www.thoushaltlaugh.com/,"['Seven', 'of', 'the', 'funniest', 'Christian', 'Comedians', 'on', 'earth,', 'and', 'hosted', 'by', 'two-time', 'Emmy', 'Award', 'winner,', 'Patricia', 'Heaton.', 'Comedy']"
98439,Thou Shalt Laugh 2 - The Deuce,,http://www.thoushaltlaugh.com/,"['Hot', 'on', 'the', 'heels', 'of', 'the', 'hit', 'DVD', 'Thou', 'Shalt', 'Laugh', 'comes', 'the', 'newest', 'and', 'funniest', 'of', 'this', 'great', 'new', 'series,', 'Thou', 'Shalt', 'Laugh', 'The', 'Deuce.', 'Brought', 'to', 'you', 'by', 'the', 'producers', 'of', 'the', 'Blue', 'Collar', 'Comedy', 'Tour', 'and', 'hosted', 'by', 'five', 'time', 'Emmy', 'Award', 'winning', 'comedian', 'Tim', 'Conway,', 'TSL', 'the', 'Deuce', 'is', '90', 'minutes', 'of', 'fun', 'for', 'the', 'entire', 'family!', 'Comedy']"
35639,K3 en het IJsprinsesje,IndraSiera,http://www.k3enhetijsprinsesje.nl/,"['Karen,', 'Kristel', 'en', 'Kathleen', 'krijgen', 'een', 'uitnodiging', 'van', 'koning', 'Flurkentijn', 'en', 'diens', 'vrouw,', 'die', 'afkomstig', 'zijn', 'uit', 'een', 'sprookjesrijk,', 'om', 'op', 'de', 'verjaardag', 'van', 'prinses', 'Fleur', 'te', 'zingen.', 'De', 'prinses', 'gedraagt', 'zich', 'echter', 'als', 'een', 'verwend', 'nest', 'en', 'is', 'niet', 'onder', 'de', 'indruk', 'van', 'de', 'zangkunsten', 'van', 'het', 'drietal.', 'Maar', 'wat', 'is', 'er', 'nu', 'precies', 'aan', 'de', 'hand', 'met', 'prinses', 'Fleur?', 'Karen,', 'Kristen', 'en', 'Kathleen', 'besluiten', 'om', 'dit', 'uit', 'te', 'zoeken.', 'Family']"
79516,TEKKEN: Blood Vengeance,YouichiMouri,http://www.tekken-bloodvengeance.com/,"['Set', 'in', 'the', 'rich', 'Tekken', 'universe,', 'Tekken:', 'Blood', 'Vengeance', '3D', 'follows', 'Xiaoyu', 'Ling,', 'seasoned', 'martial', 'artist', 'and', 'high', 'school', 'student,', 'tasked', 'by', 'the', 'G', 'Corporation', 'to', 'infiltrate', 'an', 'international', 'school', 'in', 'Kyoto', 'to', 'gather', 'information', 'on', 'the', 'mysterious', 'student', 'Shin', 'Kamiya.', 'Before', 'she', 'can', 'make', 'any', 'progress', 'in', 'the', 'investigation,', 'Shin', 'is', 'kidnapped', 'by', 'an', 'unknown', 'assailant.', 'Digging', 'deeper', 'into', 'Shin’s', 'background', 'in', 'an', 'attempt', 'to', 'rescue', 'him,', 'Xiaoyu', 'learns', 'about', 'the', 'frightening', 'underbelly', 'of', 'the', 'Mishima', 'Zaibatsu.', 'Jin', 'Kazama,', 'Kazuya', 'Mishima…', 'and', 'the', 'late', 'Heihachi', 'Mishima’s', 'conspiracy', 'that’s', 'stained', 'with', 'blood.', 'Action', 'Animation']"
13274,Last Order: Final Fantasy VII,TetsuyaNomura,http://www.square-enix.co.jp/dvd/ff7ac/,"['In', 'the', 'events', 'of', 'Last', 'Order,', 'taking', 'five', 'years', 'before', 'the', 'beginning', 'of', 'Final', 'Fantasy', 'VII', 'itself,', 'Sephiroth', 'was', 'ordered', 'to', 'inspect', 'the', 'Mako', 'Reactor', 'outside', 'the', 'town', 'of', 'Nibelheim', 'with', 'a', 'small', 'entourage,', 'consisting', 'of', 'one', 'other', 'member', 'of', 'SOLDIER', 'and', 'a', 'few', 'Shin-Ra', 'MPs.', 'Among', 'this', 'group', 'was', 'SOLDIER', '1st', 'Class', 'member', 'Zack', 'and', 'his', 'buddy,', 'a', '16-year-old', 'Shin-Ra', 'trooper', 'named', 'Cloud', 'Strife.', 'Action', 'Adventure', 'Animation']"
16907,Naruto the Movie: Ninja Clash in the Land of Snow,TensaiOkamura,http://pierrot.jp/title/naruto/movie/,"['Naruto', 'is', 'thrilled', 'when', 'he', 'is', 'sent', 'on', 'a', 'mission', 'to', 'protect', 'his', 'favorite', 'actress,', 'Yukie', 'Fujikaze,', 'on', 'the', 'set', 'of', 'her', 'new', 'movie,', 'The', 'Adventures', 'of', 'Princess', 'Gale.', 'But', 'when', 'the', 'crew', 'ventures', 'out', 'to', 'film', 'in', 'the', 'icy,', 'foreboding', 'Land', 'of', 'Snow,', 'Yukie', 'mysteriously', 'flees!', 'Naruto', 'and', 'his', 'squad', 'set', 'off', 'to', 'find', 'her...', 'unaware', 'that', 'three', 'Snow', 'Ninja', 'lie', 'in', 'wait,', 'with', 'a', 'sinister', 'purpose', 'that', 'will', 'force', 'Yukie', 'to', 'face', 'her', 'hidden', 'past!', 'Comedy', 'Action', 'Animation', 'Adventure']"
323675,Ride Along 2,TimStory,http://www.ridealong.com/,"['As', 'his', 'wedding', 'day', 'approaches,', 'Ben', 'heads', 'to', 'Miami', 'with', 'his', 'soon-to-be', 'brother-in-law', 'James', 'to', 'bring', 'down', 'a', 'drug', 'dealer', ""who's"", 'supplying', 'the', 'dealers', 'of', 'Atlanta', 'with', 'product.', 'Action', 'Comedy']"
68555,Death Note Relight 2: L's Successors,TetsuroAraki,http://www.ntv.co.jp/deathnote/,"['After', 'the', 'events', 'of', 'the', 'first', 'movie', 'Yagami', 'Light', 'faces', 'two', 'new', 'adversaries', 'as', 'he', 'is', 'trying', 'to', 'create', 'a', 'perfect', 'world', 'without', 'crime', 'or', 'criminals.', 'This', 'movie', 'continues', 'the', 'first', 'tv', 'special', 'and', 'is', 'a', 'summary', 'of', 'the', 'last', '12', 'episodes', 'of', 'the', 'tv', 'anime', 'TVMovie', 'Thriller', 'Animation', 'Crime', 'Drama', 'Fantasy']"
18874,Ghost in the Shell: Stand Alone Complex - Solid State Society,KenjiKamiyama,http://production-ig.com/contents/works_sp/47_/s00_/000481.html,"['The', 'story', 'takes', 'place', 'in', 'the', 'year', '2034,', 'two', 'years', 'after', 'the', 'events', 'in', 'Ghost', 'in', 'the', 'Shell:', 'S.A.C.', '2nd', 'GIG.', 'Female', 'cyborg', 'Major', 'Motoko', 'Kusanagi', 'has', 'left', 'Public', 'Security', 'Section', '9,', 'an', 'elite', 'counter-terrorist', 'and', 'anti-crime', 'unit', 'specializing', 'in', 'cyber-warfare,', 'which', 'has', 'expanded', 'to', 'a', 'team', 'of', '20', 'field', 'operatives', 'with', 'Togusa', 'acting', 'as', 'the', 'field', 'lead.', 'Animation', 'Action', 'Thriller', 'Crime', 'ScienceFiction']"
378385,Jarhead 3: The Siege,WilliamKaufman,https://www.facebook.com/JarheadMovie,"['Corporal', 'Evan', 'Albright', '(Charlie', 'Weber)', 'joined', 'the', 'elite', 'Marine', 'Corps', 'Security', 'Guards', 'to', 'save', 'the', 'world', 'and', 'see', 'some', 'action-not', 'necessarily', 'in', 'that', 'order.', 'But', 'his', 'first', 'assignment,', 'protecting', 'a', 'U.', 'S.', 'Embassy', 'in', 'a', 'seemingly', 'safe', 'Middle', 'Eastern', 'capitol,', 'relegates', 'his', 'unit', 'to', 'wrangling', '""gate', 'groupies""', 'protesting', 'outside', 'the', 'compound', 'and', 'honing', 'their', 'marksmanship', 'by', 'playing', 'video', 'games.', 'So', 'Albright', 'and', 'his', 'team', 'are', 'caught', 'off', 'guard', 'when', 'well-armed', 'and', 'well-trained', 'militants', 'launch', 'a', 'surprise', 'attack', 'aimed', 'at', 'killing', 'an', 'informant', 'in', 'the', 'embassy.', 'Heavily', 'out-gunned,', 'they', 'will', 'have', 'to', 'muster', 'all', 'the', 'courage', 'and', 'fire', 'power', 'they', 'can', 'as', 'their', 'once', 'routine', 'assignment', 'spirals', 'into', 'all-out', 'war.', 'Action', 'Drama', 'War']"
267860,London Has Fallen,BabakNajafi,https://www.facebook.com/LondonHasFallenOfficial,"['In', 'London', 'for', 'the', 'Prime', ""Minister's"", 'funeral,', 'Mike', 'Banning', 'discovers', 'a', 'plot', 'to', 'assassinate', 'all', 'the', 'attending', 'world', 'leaders.', 'Action', 'Crime', 'Thriller']"
361263,Jesse Stone: Lost in Paradise,RobertHarmon,http://www.hallmarkchannel.com/jesse-stone-lost-in-paradise,"['Once', 'a', 'Los', 'Angeles', 'homicide', 'detective,', 'Police', 'Chief', 'Jesse', 'Stone', 'now', 'presides', 'over', 'the', 'quiet,', 'seaside', 'village', 'of', 'Paradise,', 'Massachusetts.', 'When', 'the', 'facts', ""don't"", 'add', 'up', 'in', 'a', 'brutal', 'Boston-area', 'murder', 'case,', 'Jesse', 'opens', 'an', 'investigation', 'filled', 'with', 'surprises,', 'unlikely', 'suspects', 'and', 'grave', 'danger.', 'Though', ""it's"", 'widely', 'believed', 'the', 'murder', 'was', 'committed', 'by', 'an', 'incarcerated', 'serial', 'killer,', 'Jesse', 'suspects', 'another', 'killer', 'is', 'at', 'large', 'and', 'is', 'hell-bent', 'on', 'bringing', 'him', 'to', 'justice.', 'Drama', 'TVMovie', 'Crime', 'Mystery']"
15974,Bhoothnath,VivekSharma,http://bhoothnath.erosentertainment.com/flash.html,"['Banku,', 'his', 'mother,', 'Anjali', 'Sharma', 'and', 'father', 'move', 'in', 'to', 'their', 'new', 'house', '--', 'the', 'Nath', 'villa,', 'unaware', 'of', 'the', 'fact', 'that', 'the', 'house', 'is', 'inhabited', 'by', 'a', 'ghost.', 'It', 'is', 'learnt', 'the', 'ghost', 'is', 'not', 'too', 'happy', 'with', 'his', 'new', 'housemates.', 'But', 'what', 'the', 'ghost', 'is', 'not', 'prepared', 'for', 'is', 'his', 'unlikely', 'friendship', 'with', 'Banku.', 'Now', 'Banku', 'must', 'uncover', 'the', 'reason', 'why', 'his', 'ghostly', 'friend', 'is', 'stuck', 'and', 'help', 'him', 'to', 'attain', 'salvation.', 'Family', 'Comedy']"
44425,Dabangg,AbhinavKashyap,http://dabanggthefilm.com/,"['Chulbul', 'Pandey', 'is', 'a', 'corrupt', 'but', 'golden-hearted', 'police', 'officer', 'in', 'the', 'small', 'town', 'of', 'Uttar', 'Pradesh.', 'He', 'dotes', 'on', 'his', 'mother', 'but', 'hates', 'his', 'stepfather', 'and', 'stepbrother.', 'He', 'is', 'at', 'loggerheads', 'with', 'the', 'local', 'politician,', 'Cheddi', 'Singh,', 'who', 'sets', 'the', 'two', 'half', 'brothers', 'against', 'one', 'another.', 'Action', 'Comedy', 'Crime']"
49028,Rakht Charitra,RamGopalVarma,http://www.rakhtcharitra.com/,"['A', 'killer', 'bandit', 'decides', 'to', 'become', 'a', 'politician', 'in', 'order', 'to', 'avenge', 'deaths', 'in', 'his', 'family.', 'Action', 'Crime', 'Drama']"
382517,Open Season: Scared Silly,DavidFeiss,http://www.sonypictures.com/movies/openseasonscaredsilly/,"['The', 'humans', 'and', 'animals', 'believe', 'a', 'werewolf', 'is', 'on', 'the', 'loose,', 'and', 'former', 'hunter', 'Shaw', 'uses', 'the', 'opportunity', 'to', 're-open', 'the', 'season.', 'Boog,', 'Elliot,', 'and', 'Mr.', 'Weenie', 'have', 'to', 'face', 'their', 'fears', 'and', 'find', 'the', 'werewolf', 'to', 'get', 'the', 'season', 'closed', 'permanently.', 'Animation', 'Comedy', 'Family', 'Adventure']"
76784,All Stars 2: Old Stars,JeanvandeVelde,http://www.allstars2.nl/,"['In', 'All', 'Stars', '2', 'Old', 'Stars,', 'the', 'unexpected', 'wedding', 'of', 'one', 'of', 'the', 'boys', 'means', 'they', 'treat', 'themselves', 'to', 'an', '‘old-fashioned', 'training', 'camp’', 'in', 'the', 'form', 'of', 'a', 'long', 'weekend', 'in', 'Barcelona.', 'The', 'match', 'between', 'Barcelona', 'and', 'Real', 'Madrid', 'is', 'meant', 'to', 'be', 'the', 'high', 'point', 'of', 'the', 'trip.', 'But', 'of', 'course', 'not', 'everything', 'goes', 'according', 'to', 'plan', 'for', 'the', 'Swift', 'Boys.', 'Comedy', 'Drama']"
382581,Monster High Great Scarrier Reef,WilliamLau,http://origin.monsterhigh.com/en-us/index.html,"['Join', 'the', 'Monster', 'High', 'ghouls', 'on', 'an', 'all', 'new', 'aquatic', 'adventure', 'as', 'they', 'dive', 'deep', 'into', 'the', 'crystal', 'deep', 'blue', 'waters', 'of', 'the', 'Great', 'Scarrier', 'Reef.', 'When', 'the', 'ghouls', 'get', 'pulled', 'in', 'the', 'school', 'pool,', 'they', 'find', 'themselves', 'transported', 'to', 'a', 'world', 'of', 'corals', 'and', 'florals', '-', 'a', 'wild', 'underwater', 'wonderland!', 'But', 'Lagoona', 'is', 'not', 'there', 'to', 'see', 'the', 'sights', '-', ""she's"", 'on', 'a', 'mission', 'of', 'the', 'heart,', 'as', 'she', 'realizes', 'she', 'has', 'come', 'home!', 'She', 'must', 'confront', 'her', 'childhood', 'nemesis', 'and', 'bully,', 'come', 'to', 'terms', 'with', 'her', 'own', 'freaky', 'flaws,', 'win', 'an', 'aquatic', 'dance', 'extravaganza,', 'and', 'fight', 'a', 'terrible', 'beast', 'from', 'the', 'deep.', 'So', 'take', 'the', 'plunge', '-', 'you', ""won't"", 'believe', 'what', 'awaits', 'you', 'under', 'the', 'waves!', 'Family', 'Animation']"
207680,"Return to Return to Nuke 'Em High, aka Volume 2",LloydKaufman,http://return2nukeemhigh.com/,"['Following', 'the', 'events', 'of', 'Volume', '1,', 'the', 'mutated', 'glee', 'club', 'continue', 'their', 'violent', 'rampage', 'in', 'Tromaville.', 'Chrissy', 'and', 'Lauren,', 'two', 'innocent', 'lesbian', 'lovers,', 'must', 'fight', 'not', 'only', 'the', 'Cretins,', 'mutants,', 'and', 'monsters', 'but', 'also', 'the', 'evil', 'Tromorganic', 'Foodstuffs', 'Conglomerate.', 'Can', 'they,', 'and', 'Kevin', 'the', 'Wonder', 'Duck,', 'save', 'Tromaville', 'High', 'School', 'and', 'the', 'world?', 'Comedy', 'Horror']"
290595,The Huntsman: Winter's War,CedricNicolas-Troyan,http://www.thehuntsmanmovie.com/,"['As', 'two', 'evil', 'sisters', 'prepare', 'to', 'conquer', 'the', 'land,', 'two', 'renegades—Eric', 'the', 'Huntsman,', 'who', 'aided', 'Snow', 'White', 'in', 'defeating', 'Ravenna', 'in', 'Snowwhite', 'and', 'the', 'Huntsman,', 'and', 'his', 'forbidden', 'lover,', 'Sara—set', 'out', 'to', 'stop', 'them.', 'Action', 'Adventure', 'Drama']"
325133,Neighbors 2: Sorority Rising,NicholasStoller,http://www.neighbors-movie.com/,"['A', 'sorority', 'moves', 'in', 'next', 'door', 'to', 'the', 'home', 'of', 'Mac', 'and', 'Kelly', 'Radner', 'who', 'have', 'a', 'young', 'child.', 'The', ""Radner's"", 'enlist', 'their', 'former', 'nemeses', 'from', 'the', 'fraternity', 'to', 'help', 'battle', 'the', 'raucous', 'sisters.', 'Comedy']"
23154,The Garden of Sinners - Chapter 4: The Hollow Shrine,ShinichiTakiguchi,http://www.karanokyoukai.com,"['June', '1998:', 'After', 'spending', 'two', 'years', 'in', 'a', 'coma', 'caused', 'by', 'a', 'traffic', 'accident,', 'Shiki', 'Ryougi', 'awakens', 'with', 'amnesia.', 'She', 'is', 'visited', 'by', 'Touko', 'Aozaki,', 'a', 'wizard', 'and', 'proprietor', 'of', 'a', 'studio', 'called', 'Garan', 'no', 'Dou.', 'Shiki', 'has', 'lost', 'not', 'only', 'the', 'memory', 'of', 'her', 'accident,', 'but', 'also', 'any', 'real', 'sense', 'that', ""she's"", 'even', 'alive.', 'Strangely,', 'enigmatic', 'beings', 'begin', 'to', 'attack', 'her...', 'Animation']"
212156,The Garden of Sinners: Future Gospel,TomonoriSudou,http://www.karanokyoukai.com/,"['Mirai', 'Fukuin', '(lit.', 'The', ""Future's"", 'Gospel)', 'is', 'a', 'side', 'story', 'of', 'Kara', 'no', 'Kyoukai', 'novel', 'series.', 'It', 'is', 'divided', 'into', 'two', 'parts,', 'Möbius', 'ring,', 'and', 'Möbius', 'Link.', 'Animation', 'ScienceFiction']"
60964,Macross Frontier: The Wings of Goodbye,ShojiKawamori,http://www.macrossf.com/movie2/,"['Picking', 'up', 'from', 'where', 'the', 'previous', 'movie', 'left', 'off,', ""Ranka's"", 'star', 'career', 'flourishes', 'while', ""Sheryl's"", 'health', 'rapidly', 'deteriorates', 'after', 'collapsing', 'during', 'a', 'live', 'performance.', 'At', 'the', 'same', 'time,', 'separate', 'factions', 'are', 'maneuvering', 'behind', 'the', 'scenes', 'seeking', 'to', 'control', 'the', 'Vajra', 'horde', 'by', 'utilizing', 'the', 'singing', 'abilities', 'of', 'the', 'two', 'songstresses.', 'As', 'the', 'entire', 'Macross', 'Frontier', 'fleet', 'begins', 'to', 'wage', 'its', 'final', 'war', 'on', 'the', 'Vajra,', 'Alto', 'finally', 'makes', 'a', 'choice', 'between', 'Ranka', 'and', 'Sheryl.', 'Action', 'Animation', 'Romance']"
47747,The Garden of Sinners: Epilogue,,http://karanokyoukai.com/,"['March', '1999:', 'Mikiya', 'Kokutou', 'meets', '""Shiki', 'Ryougi""', 'again', 'at', 'the', 'same', 'place', 'where', 'he', 'met', 'her', 'for', 'the', 'first', 'time', 'four', 'years', 'ago...', 'Mystery', 'Animation']"
127380,Finding Dory,AndrewStanton,http://movies.disney.com/finding-dory,"['Dory', 'is', 'reunited', 'with', 'her', 'friends', 'Nemo', 'and', 'Marlin', 'in', 'the', 'search', 'for', 'answers', 'about', 'her', 'past.', 'What', 'can', 'she', 'remember?', 'Who', 'are', 'her', 'parents?', 'And', 'where', 'did', 'she', 'learn', 'to', 'speak', 'Whale?', 'Adventure', 'Animation', 'Comedy', 'Family']"
137400,Black & White: The Dawn of Assault,TsaiYueh-Hsun,http://www.prajnaworks.com/,"['A', 'policeman,', 'who', 'is', 'fearless', 'to', 'death,', 'can', 'do', 'anything', 'for', 'just', 'one', 'truth,', 'while', 'a', 'gangster,', 'who', 'fears', 'death', 'the', 'most,', 'has', 'drew', 'life', 'threats', 'from', 'his', 'risky', 'action', 'all', 'for', 'love.', 'One', 'policeman', 'and', 'one', 'gangster', 'can', 'be', 'great', 'partners', 'that', 'you', 'have', 'never', 'imagined.', 'Somehow,', 'rescue', 'of', 'the', 'world', 'now', 'is', 'entirely', 'relying', 'on', 'the', 'partners.', 'Within', '36', 'hours,', 'they', 'must', 'resolve', 'the', 'crisis', 'that', 'could', 'destroy', 'the', 'Harbor', 'City...', 'Comedy', 'Action']"
25843,Karas: The Prophecy,Kei'ichiSato,http://karas.manga.com/,"['In', 'a', 'Japanese', 'city', 'haunted', 'by', 'nature', 'spirits', 'and', 'demons,', 'a', 'secret', 'war', 'is', 'raging', 'between', 'the', 'renegade', 'demon', 'Eko', 'and', 'a', 'spectral', 'warrior', 'known', 'as', 'the', 'Karas.', 'Eko', 'has', 'mechanized', 'himself', 'and', 'his', 'followers', 'to', 'defend', 'against', 'the', 'unearthly', 'fury', 'of', 'the', 'Karas;', 'in', 'addition', 'to', 'an', 'armored', 'humanoid', 'form,', 'the', 'Karas', 'can', 'transform', 'into', 'any', 'of', 'various', 'heavily', 'armed', 'and', 'armored', 'vehicles.', 'Eko', 'and', 'his', 'followers', 'prefer', 'to', 'live', 'in', 'the', 'material', 'realm', 'in', 'human', 'form,', 'but', 'to', 'continue', 'doing', 'so', 'they', 'must', 'feed', 'on', 'the', 'fluids', 'of', 'human', 'bodies.', 'Their', 'periodic', 'feasts', 'result', 'in', 'massacres', 'that', 'leave', 'only', 'a', 'single', 'traumatized', 'survivor;', 'these', '""inexplicable""', 'tragedies', 'are', 'the', 'obsession', 'of', 'a', 'marginalized', 'police', 'inspector', 'whose', 'daughter', 'was', 'the', 'survivor', 'of', 'one', 'such', 'massacre.', 'Opposing', 'Eko', 'are', 'the', 'renegade', 'demon', 'Nue,', 'who', 'also', 'lives', 'in', 'the', 'material', 'world', 'in', 'human', 'form', 'but', 'refuses', 'to', 'drink', 'blood', 'or', 'take', 'a', 'mechanized', 'form,', 'and', 'Otoha,', 'a', 'former', 'human', 'who', 'is', 'summoned', 'by', 'the', 'mysterious', 'Yurine', 'to', 'become', 'the', 'new', 'Karas', 'Fantasy', 'Animation', 'ScienceFiction', 'Foreign', 'Action', 'Adventure']"
87636,Animation Runner Kuromi,AkitarôDaichi,http://www.absoluteanime.com/animation_runner_kuromi/index.htm,"['After', 'being', 'inspired', 'by', 'the', 'fictional', 'anime,', '""Luis', 'Monde', 'III"",', 'Mikiko', '""Kuromi""', 'Oguro', 'goes', 'to', 'animation', 'school', 'and', 'and', 'finally', 'lands', 'the', 'job', 'of', 'her', 'dreams', 'at', 'Studio', 'Petit.', 'Upon', 'arriving,', 'she', 'meets', 'the', 'head', 'of', 'production.', 'Unfortunately', 'for', 'her,', 'he', 'dies', 'soon', 'after', 'meeting', 'her', 'and', 'passes', 'his', 'position', 'unto', 'her.', 'Now', 'that', ""she's"", 'head', 'of', 'production', 'of', '""Time', 'Journeys"",', ""it's"", 'up', 'to', 'her', 'to', 'rally', 'up', 'the', 'lazy', ""animator's"", 'and', 'finish', 'the', 'second', 'episode', 'in', 'a', 'week.']"
336026,Little Forest: Winter/Spring,JunichiMori,https://web.archive.org/web/20160111092554/http://littleforest-movie.jp/,"['Ichiko', '(Ai', 'Hashimoto)', 'lived', 'in', 'a', 'big', 'city,', 'but', 'goes', 'back', 'to', 'her', 'small', 'hometown', 'Komori,', 'located', 'on', 'a', 'mountain', 'in', 'the', 'Tohoku', 'region.', 'She', 'is', 'self-sufficient.', 'Ichiko', 'gains', 'energy', 'living', 'among', 'nature', 'and', 'eating', 'foods', 'she', 'makes', 'from', 'seasonal', 'ingredients.', 'Drama']"
383121,Kindergarten Cop 2,DonMichaelPaul,https://www.uphe.com/movies/kindergarten-cop-2,"['Assigned', 'to', 'recover', 'sensitive', 'stolen', 'data,', 'a', 'gruff', 'FBI', 'agent', 'goes', 'undercover', 'as', 'a', 'kindergarten', 'teacher,', 'but', 'the', ""school's"", 'liberal,', 'politically', 'correct', 'environment', 'is', 'more', 'than', 'he', 'bargained', 'for.', 'Action', 'Comedy']"
258509,Alvin and the Chipmunks: The Road Chip,WaltBecker,http://www.foxmovies.com/movies/alvin-and-the-chipmunks-the-road-chip,"['Through', 'a', 'series', 'of', 'misunderstandings,', 'Alvin,', 'Simon', 'and', 'Theodore', 'come', 'to', 'believe', 'that', 'Dave', 'is', 'going', 'to', 'propose', 'to', 'his', 'new', 'girlfriend', 'in', 'New', 'York', 'City', '-', 'and', 'dump', 'them.', 'They', 'have', 'three', 'days', 'to', 'get', 'to', 'him', 'and', 'stop', 'the', 'proposal.', 'Adventure', 'Animation', 'Comedy', 'Family']"
75897,Sams in Gefahr,BenVerbong,http://www.a-film.nl/bioscoop/Sproet-2/,"['In', 'Sproet', 'II', 'wordt', 'Sproet', 'door', 'haar', 'vader,', 'meneer', 'Taschenbier,', 'teruggehaald', 'om', 'zijn', 'zoon,', 'Martin', 'Taschenbier,', 'te', 'helpen', 'op', 'school.', 'Martin', 'heeft', 'geen', 'vrienden', 'en', 'wordt', 'door', 'zijn', 'gymleraar,', 'meneer', 'Daume,', 'ook', 'iedere', 'keer', 'eruit', 'gepikt.', 'Elke', 'sproet', 'van', 'Sproet', 'is', 'een', 'wens', 'waard', 'en', 'dit', 'kan', 'Martin', 'helpen', 'bij', 'het', 'maken', 'van', 'vrienden,', 'maar', 'als', 'Sproet', 'wordt', 'ontvoerd', 'door', 'meneer', 'Daume', 'en', 'die', 'ook', 'allemaal', 'wensen', 'gaat', 'doen,', 'heeft', 'dat', 'heel', 'vervelende', 'bijwerkingen.', 'Family']"
241259,Alice Through the Looking Glass,JamesBobin,http://movies.disney.com/alice-through-the-looking-glass,"['In', 'the', 'sequel', 'to', 'Tim', ""Burton's"", '""Alice', 'in', 'Wonderland"",', 'Alice', 'Kingsleigh', 'returns', 'to', 'Underland', 'and', 'faces', 'a', 'new', 'adventure', 'in', 'saving', 'the', 'Mad', 'Hatter.', 'Family', 'Fantasy']"
317121,All of My Heart,PeterDeLuise,http://www.hallmarkchannel.com/all-of-my-heart,"['A', 'young', 'caterer’s', 'life', 'suddenly', 'changes', 'course', 'when', 'she', 'inherits', 'a', 'country', 'home', 'and', 'learns', 'she', 'must', 'share', 'it', 'with', 'a', 'career', 'obsessed', 'Wall', 'Street', 'trader.', 'At', 'first,', 'these', 'opposites', 'do', 'not', 'attract,', 'but', 'feelings', 'begin', 'to', 'change', 'when', 'they', 'find', 'themselves', 'having', 'to', 'work', 'side-by-side', 'to', 'restore', 'their', 'newly', 'acquired', 'home.', 'Romance', 'TVMovie']"
381615,The Bridge Part 2,MikeRohl,http://www.hallmarkmoviesandmysteries.com/karen-kingsburys-the-bridge-part-2,"['The', 'second-half', 'of', 'the', 'movie', 'picks', 'up', 'in', 'the', 'present', 'day,', 'seven', 'years', 'later,', 'with', 'Ryan', 'returning', 'home', 'from', 'being', 'on', 'the', 'road', 'touring', 'as', 'a', 'professional', 'singer', 'and', 'Molly', 'working', 'at', 'her', ""father's"", 'corporation.', 'TVMovie', 'Drama']"
81976,Alone in the Wilderness Part II,DickProenneke,http://www.dickproenneke.com/,"['Dick', ""Proenneke's"", 'simple,', 'yet', 'profound', 'account', 'of', 'his', '30', 'year', 'adventure', 'in', 'the', 'remote', 'Alaska', 'wilderness', 'continues', 'in', 'this', 'sequel', 'to', '""Alone', 'in', 'the', 'Wilderness"".', 'Watch', 'through', 'his', 'eyes', 'as', 'he', 'continues', 'to', 'document', 'with', 'his', '16mm', 'wind-up', 'Bolex', 'camera,', 'capturing', 'his', 'own', 'amazing', 'craftsmanship,', 'the', 'stunning', 'Alaskan', 'wildlife', 'and', 'scenery', 'and', 'even', 'a', 'visit', 'from', 'his', 'brother', 'Ray', '(Jake).', 'His', 'epic', 'journey', 'takes', 'you', 'on', 'a', 'vacation', 'away', 'from', 'the', 'hustle', 'and', 'bustle', 'of', ""today's"", 'fast-paced', 'society,', 'and', 'is', 'a', 'true', 'breath', 'of', 'fresh', 'air.', 'Documentary', 'History']"
291805,Now You See Me 2,JonM.Chu,http://nowyouseeme.movie,"['One', 'year', 'after', 'outwitting', 'the', 'FBI', 'and', 'winning', 'the', 'public’s', 'adulation', 'with', 'their', 'mind-bending', 'spectacles,', 'the', 'Four', 'Horsemen', 'resurface', 'only', 'to', 'find', 'themselves', 'face', 'to', 'face', 'with', 'a', 'new', 'enemy', 'who', 'enlists', 'them', 'to', 'pull', 'off', 'their', 'most', 'dangerous', 'heist', 'yet.', 'Action', 'Adventure', 'Comedy', 'Crime', 'Mystery', 'Thriller']"
308531,Teenage Mutant Ninja Turtles: Out of the Shadows,DaveGreen,http://www.teenagemutantninjaturtlesmovie.com/,"['After', 'supervillain', 'Shredder', 'escapes', 'custody,', 'he', 'joins', 'forces', 'with', 'mad', 'scientist', 'Baxter', 'Stockman', 'and', 'two', 'dimwitted', 'henchmen,', 'Bebop', 'and', 'Rocksteady,', 'to', 'unleash', 'a', 'diabolical', 'plan', 'to', 'take', 'over', 'the', 'world.', 'As', 'the', 'Turtles', 'prepare', 'to', 'take', 'on', 'Shredder', 'and', 'his', 'new', 'crew,', 'they', 'find', 'themselves', 'facing', 'an', 'even', 'greater', 'evil', 'with', 'similar', 'intentions:', 'the', 'notorious', 'Krang.', 'Fantasy', 'Action', 'Adventure', 'Comedy']"
34598,Fast Getaway,SpiroRazatos,http://www.imdb.com/title/tt0101857/,"['Nelson,', 'played', 'by', 'Corey', 'Haim', 'is', 'a', 'teenager', 'who', 'robs', 'banks', 'with', 'his', 'father', 'in', 'group', 'along', 'with', 'two', 'other', 'friends.', 'Corey', 'Haim', 'Is', 'the', 'right', 'guy,', 'in', 'the', 'right', 'place,', 'at', 'the', 'right', 'time.', 'All', 'he', 'needed', 'was', 'a', '...fast', 'getaway', 'Action', 'Comedy', 'Crime']"
33108,The Bremen Town Musicians,InessaKovalevskaya,http://www.souzmult.com/index.php?option=com_wrapper&Itemid=119,"['A', 'musical', 'film', 'about', 'the', 'adventures', 'of', 'the', 'wandering', 'musicians', 'from', 'Bremen', 'such', 'as', 'Troubadour,', 'Donkey,', 'Dog,', 'Cat', 'and', 'Rooster.', 'In', 'one', 'of', 'the', 'towns', 'Troubadour', 'falls', 'in', 'love', 'with', 'a', 'Princess', 'and', 'makes', 'up', 'a', 'plan', 'how', 'to', 'get', 'the', ""King's"", 'confidence.', 'Animation', 'Drama', 'Fantasy']"
259693,The Conjuring 2,JamesWan,http://www.warnerbros.com/conjuring-2,"['Lorraine', 'and', 'Ed', 'Warren', 'travel', 'to', 'north', 'London', 'to', 'help', 'a', 'single', 'mother', 'raising', 'four', 'children', 'alone', 'in', 'a', 'house', 'plagued', 'by', 'malicious', 'spirits.', 'Horror']"
43074,Ghostbusters,PaulFeig,http://www.ghostbusters.com/,"['Following', 'a', 'ghost', 'invasion', 'of', 'Manhattan,', 'paranormal', 'enthusiasts', 'Erin', 'Gilbert', 'and', 'Abby', 'Yates,', 'nuclear', 'engineer', 'Jillian', 'Holtzmann,', 'and', 'subway', 'worker', 'Patty', 'Tolan', 'band', 'together', 'to', 'stop', 'the', 'otherworldly', 'threat.', 'Action', 'Fantasy', 'Comedy']"
370687,Mythica: The Necromancer,A.ToddSmith,http://www.mythicamovie.com/#!blank/y9ake,"['Mallister', 'takes', 'Thane', 'prisoner', 'and', 'forces', 'Marek', 'and', 'her', 'team', 'on', 'a', 'quest.', 'Marek', 'tracks', 'down', 'the', 'Necromancer', 'for', 'a', 'final', 'showdown', 'for', 'the', 'Darkspore.', 'Fantasy', 'Action', 'Adventure']"
324668,Jason Bourne,PaulGreengrass,http://www.jasonbournemovie.com,"['The', 'most', 'dangerous', 'former', 'operative', 'of', 'the', 'CIA', 'is', 'drawn', 'out', 'of', 'hiding', 'to', 'uncover', 'hidden', 'truths', 'about', 'his', 'past.', 'Action', 'Thriller']"
316727,The Purge: Election Year,JamesDeMonaco,http://www.purgeelectionyear.com,"['Two', 'years', 'after', 'choosing', 'not', 'to', 'kill', 'the', 'man', 'who', 'killed', 'his', 'son,', 'former', 'police', 'sergeant', 'Leo', 'Barnes', 'has', 'become', 'head', 'of', 'security', 'for', 'Senator', 'Charlene', 'Roan,', 'the', 'front', 'runner', 'in', 'the', 'next', 'Presidential', 'election', 'due', 'to', 'her', 'vow', 'to', 'eliminate', 'the', 'Purge.', 'On', 'the', 'night', 'of', 'what', 'should', 'be', 'the', 'final', 'Purge,', 'a', 'betrayal', 'from', 'within', 'the', 'government', 'forces', 'Barnes', 'and', 'Roan', 'out', 'onto', 'the', 'street', 'where', 'they', 'must', 'fight', 'to', 'survive', 'the', 'night.', 'Action', 'Horror', 'Thriller']"
278154,Ice Age: Collision Course,MikeThurmeier,http://www.iceagemovies.com/films/ice-age-collision-course,"['Set', 'after', 'the', 'events', 'of', 'Continental', 'Drift,', ""Scrat's"", 'epic', 'pursuit', 'of', 'his', 'elusive', 'acorn', 'catapults', 'him', 'outside', 'of', 'Earth,', 'where', 'he', 'accidentally', 'sets', 'off', 'a', 'series', 'of', 'cosmic', 'events', 'that', 'transform', 'and', 'threaten', 'the', 'planet.', 'To', 'save', 'themselves', 'from', 'peril,', 'Manny,', 'Sid,', 'Diego,', 'and', 'the', 'rest', 'of', 'the', 'herd', 'leave', 'their', 'home', 'and', 'embark', 'on', 'a', 'quest', 'full', 'of', 'thrills', 'and', 'spills,', 'highs', 'and', 'lows,', 'laughter', 'and', 'adventure', 'while', 'traveling', 'to', 'exotic', 'new', 'lands', 'and', 'encountering', 'a', 'host', 'of', 'colorful', 'new', 'characters.', 'Adventure', 'Animation', 'Family', 'Comedy']"
388191,Mythica: The Iron Crown,JohnLyde,http://www.mythicamovie.com/#!blank/mcly4,"['When', 'a', 'team', 'of', 'unlikely', 'heroes', 'hijacks', 'a', 'steam-powered', 'battle', 'wagon,', 'a', 'daring', 'young', 'wizard', '(Marek)', 'steals', 'the', 'final', 'piece', 'of', 'the', 'all-powerful', 'Darkspore', 'and', 'embarks', 'on', 'a', 'desperate', 'quest', 'to', 'deliver', 'the', 'cursed', 'artifact', 'to', 'the', 'gods', 'for', 'safe', 'keeping;', 'but', 'when', 'they', 'are', 'caught', 'in', 'a', 'death', 'race', 'between', 'a', 'ruthless', 'team', 'of', 'elite', 'mercenaries', 'and', 'a', 'trinity', 'of', 'demons,', 'Marek', 'must', 'learn', 'to', 'believe', 'in', 'herself', 'before', 'her', 'friends', 'are', 'killed', 'and', 'the', 'Darkspore', 'is', 'lost,', 'to', 'stop', 'the', 'evil', 'necromancer', '(Szorlok)', 'from', 'uniting', 'the', 'Darkspore', 'and', 'flooding', 'the', 'living', 'world', 'with', 'his', 'legions', 'of', 'undead.', 'Action', 'Adventure', 'Fantasy']"
328716,Detective K: Secret of the Lost Island,KimSuk-Yoon,http://josun-combi2015.kr/,"['A', 'detective', 'investigates', 'a', 'forgery', 'ring', 'in', 'historical', 'Korea.', 'In', 'the', '19th', 'year', 'of', 'Jeonjo’s', 'reign,', 'Kim', 'Min,', 'Joseon’s', 'top', 'detective,', 'who', 'used', 'to', 'be', 'a', 'King’s', 'secret', 'messenger,', 'has', 'been', 'banished', 'to', 'a', 'remote', 'island', 'for', 'some', 'unclear', 'reasons.', 'The', 'only', 'visitors', 'are', 'his', 'old', 'partner,', 'Seo-pil', 'and', 'a', 'young', 'girl,', 'who', 'comes', 'every', 'day', 'to', 'ask', 'him', 'to', 'find', 'her', 'younger', 'sibling.', 'In', 'the', 'meantime,', 'Kim', 'Min', 'happens', 'to', 'hear', 'a', 'rumor', 'that', 'bogus', 'silver', 'bars', 'have', 'been', 'being', 'distributed,', 'which', 'awakens', 'his', 'dormant', 'traits', 'as', 'a', 'detective.', 'Hisako,', 'a', 'beautiful,', 'mysterious', 'woman', 'with', 'her', 'identity', 'unknown,', 'continuously', 'interferes', 'the', 'investigation', 'conducted', 'by', 'this', 'excellent', 'pair', 'of', 'detectives.', 'Action', 'Mystery', 'Comedy', 'Adventure']"
390734,Kingsglaive: Final Fantasy XV,TakeshiNozue,http://www.kingsglaivefinalfantasyxv-movie.com,"['The', 'magical', 'kingdom', 'of', 'Lucis', 'is', 'home', 'to', 'the', 'world’s', 'last', 'remaining', 'Crystal,', 'and', 'the', 'menacing', 'empire', 'of', 'Niflheim', 'is', 'determined', 'to', 'steal', 'it.', 'King', 'Regis', 'of', 'Lucis', 'commands', 'an', 'elite', 'force', 'of', 'soldiers', 'called', 'the', 'Kingsglaive.', 'Wielding', 'their', 'king’s', 'magic,', 'they', 'fight', 'to', 'protect', 'Lucis.', 'As', 'the', 'overwhelming', 'military', 'might', 'of', 'the', 'empire', 'bears', 'down,', 'King', 'Regis', 'is', 'faced', 'with', 'an', 'impossible', 'ultimatum', '–', 'to', 'marry', 'his', 'son,', 'Prince', 'Noctis', 'to', 'Princess', 'Lunafreya', 'of', 'Tenebrae,', 'captive', 'of', 'Niflheim,', 'and', 'surrender', 'his', 'lands', 'to', 'Niflheim', 'rule.', 'Although', 'the', 'king', 'concedes,', 'it', 'becomes', 'clear', 'that', 'the', 'empire', 'will', 'stop', 'at', 'nothing', 'to', 'achieve', 'their', 'devious', 'goals,', 'with', 'only', 'the', 'Kingsglaive', 'standing', 'between', 'them', 'and', 'world', 'domination.', 'Action', 'Animation', 'Adventure', 'Drama', 'Fantasy', 'ScienceFiction']"
390989,Sharknado 4: The 4th Awakens,AnthonyC.Ferrante,http://www.syfy.com/sharknado4,"['The', 'new', 'installment', 'of', 'the', 'Sharknado', 'franchise', 'takes', 'place', '5', 'years', 'after', 'Sharknado', '3:', 'Oh', 'Hell', 'No!', 'There', 'have', 'been', 'no', 'Sharknados', 'in', 'the', 'intervening', 'years,', 'but', 'now', 'they’re', 'appearing', 'again', 'in', 'unexpected', 'ways.', 'Comedy', 'Horror', 'ScienceFiction']"
231812,The Fjällbacka Murders: The Coast Rider,RickardPetrelius,http://www.trevanner.se/se/film/fjallbackamorden-2/,"['The', 'young', 'coast', 'guard', 'and', 'diver', 'Jessica', 'finds', 'two', 'dead', 'scuba', 'divers', 'after', 'a', 'storm.', 'She', 'disagrees', 'with', 'her', 'superiors', 'that', 'it', 'was', 'an', 'accident', 'and', 'seeks', 'the', 'help', 'of', 'her', 'childhood', 'friend', 'Patrik.', 'Patrik', 'and', 'Erica,', 'who', 'are', 'on', 'their', 'way', 'to', 'a', 'romantic', 'holiday,', 'make', 'a', 'detour', 'to', 'the', 'beautiful', 'village', 'of', 'Kungshamn.', 'They', 'soon', 'become', 'involved', 'in', 'the', 'case.', 'Erica', 'hides', 'her', 'real', 'identity', 'as', 'the', 'policemans', 'wife', 'and', 'is', 'invited', 'to', 'join', 'the', 'museum', 'association.', 'Already', 'during', 'the', 'first', 'meeting', 'she', 'attends', 'the', 'associations', 'chairman', 'is', 'found', 'murdered...', 'The', 'three', 'deaths', 'are', 'now', 'officially', 'opened', 'for', 'investigation,', 'and', 'the', 'common', 'denominator', 'between', 'the', 'victims', 'seems', 'to', 'have', 'been', 'an', 'interest', 'in', 'the', 'wreckage', 'of', 'a', '1820s', 'ship.', 'Did', 'somebody', 'finally', 'find', 'it?', 'And', 'what', 'cargo', 'did', 'it', 'carry?', 'What', 'caused', 'the', 'ship', 'to', 'sink?', 'Crime', 'Mystery']"
248781,ABCs of Death 2.5,MariaIvanova,http://drafthousefilms.com/,"['An', 'anthology', 'of', '26', 'fan', 'entries', 'submitted', 'for', 'inclusion', 'in', 'ABCs', 'of', 'Death', '2,', 'each', 'offering', 'various', 'takes', 'on', 'the', 'letter', '""M""', 'Horror']"
382399,High Strung,MichaelDamian,http://www.highstrungthemovie.com/,"['When', 'a', 'hip', 'hop', 'violinist', 'busking', 'in', 'the', 'New', 'York', 'subway', 'encounters', 'a', 'classical', 'dancer', 'on', 'scholarship', 'at', 'the', 'Manhattan', 'Conservatory', 'of', 'the', 'Arts,', 'sparks', 'fly.', 'With', 'the', 'help', 'of', 'a', 'hip', 'hop', 'dance', 'crew', 'they', 'must', 'find', 'a', 'common', 'ground', 'while', 'preparing', 'for', 'a', 'competition', 'that', 'could', 'change', 'their', 'lives', 'forever.', 'Drama', 'Music', 'Romance']"
347126,God's Not Dead 2,HaroldCronk,http://www.godsnotdead.com/,"['When', 'a', 'high', 'school', 'teacher', 'is', 'asked', 'a', 'question', 'in', 'class', 'about', 'Jesus,', 'her', 'reasoned', 'response', 'lands', 'her', 'in', 'deep', 'trouble', 'and', 'could', 'expel', 'God', 'from', 'the', 'public', 'square', 'once', 'and', 'for', 'all.', 'Drama']"
384641,Spirits' Homecoming,ChoJung-rae,http://joent.net/en/spirits-homecoming/,"['Two', 'Korean', 'girls,', 'Jung-Min', '(14)', 'and', 'Young-hee', '(15)', 'are', 'kidnapped', 'by', 'the', 'Japanese', 'Imperial', 'Army', 'and', 'taken', 'to', 'a', ""'Comfort"", ""Station'"", 'in', 'China.', 'There,', 'they', 'join', 'other', 'kidnapped', 'girls', 'in', 'serving', 'Japanese', 'soldiers', 'as', 'sexual', 'slaves', 'known', 'as', ""'Comfort"", ""Women'."", 'Decades', 'later,', 'an', 'elderly', 'lady', 'attempts', 'to', 'reunite', 'with', 'the', 'spirit', 'of', 'her', 'lost', 'friend.', 'Inspired', 'by', 'the', 'testimony', 'of', 'Kang', 'Il-chul.', 'Drama', 'History']"
357786,Kizumonogatari Part 1: Tekketsu,AkiyukiShinbo,http://kizumonogatari-usa.com/,"['One', 'day,', 'Koyomi', 'Araragi', 'encounters', 'the', 'horrifying', 'vampire,', 'Kiss-shot', 'Acerola-orion', 'Heart-under-blade', 'A.K.A.', 'the', '""King', 'of', 'Apparitions.""', 'He', 'saves', 'the', 'fatally', 'wounded', 'Kiss-shot', 'by', 'offering', 'his', 'blood', 'at', 'the', 'expense', 'of', 'his', 'own', 'life', 'as', 'a', 'human.', 'Now', 'Koyomi', 'has', 'to', 'face', 'the', 'vampire', 'hunters', 'to', 'retrieve', 'Kiss-shot’s', 'limbs', 'which', 'were', 'taken', 'by', 'these', 'hunters...', 'Action', 'Animation', 'Mystery']"
55426,Broken Blade: Book One - The Time of Awakening,TetsuroAmino,http://breakblade.jp/,"['In', 'the', 'continent', 'of', 'Cruzon,', 'an', 'impending', 'war', 'between', 'the', 'Kingdom', 'of', 'Krisna', 'and', 'the', 'nation', 'of', 'Athens', 'is', 'brimming.', 'The', 'people', 'of', 'this', 'land', 'are', 'able', 'to', 'use', 'quartz', 'for', 'whatever', 'purpose', 'they', 'desire.', 'Yet', 'one', 'person,', 'Rygart', 'Arrow,', 'is', 'not.', 'He', 'is', 'an', '""un-sorcerer,""', 'a', 'person', 'unable', 'to', 'use', 'quartz.', 'But', 'this', 'characteristic', 'will', 'enable', 'him', 'to', 'pilot', 'an', 'ancient', 'Golem,', 'one', 'strong', 'enough', 'to', 'put', 'up', 'a', 'fight', 'against', 'the', 'invading', 'army', 'of', 'Athens.', 'Action', 'Animation', 'Fantasy']"
55431,Broken Blade: Book Three - The Mark of the Assassin's Dagger,NobuyoshiHabara,http://breakblade.jp/,"['The', 'inhabitants', 'of', 'the', 'continent', 'of', 'Cruzon', 'are', 'born', 'with', 'the', 'ability', 'to', 'freely', 'control', 'quartz.', 'Technology', 'based', 'on', 'this', 'power', 'allows', 'them', 'to', 'perform', 'a', 'great', 'multitude', 'of', 'tasks', 'such', 'as', 'shoot', 'projectiles', 'and', 'pilot', 'mobile', 'suits', '(called', 'Golems', 'in', 'this', 'society).', 'Rygart', 'Arrow', 'is', 'an', 'un-sorcerer,', 'a', 'rare', 'individual', 'who', 'is', 'unable', 'to', 'levitate', 'even', 'the', 'smallest', 'crystal.', 'Living', 'with', 'his', 'brother', 'on', 'a', 'farm,', 'he', 'receives', 'a', 'letter', 'from', 'an', 'old', 'friend,', 'Hodr,', 'the', 'current', 'king.', 'Close', 'companion', 'of', 'the', 'king', 'and', 'queen', 'when', 'they', 'were', 'students', 'at', 'Assam', 'Military', 'School,', 'Arrow', 'is', 'informed', 'that', 'a', 'war', 'is', 'about', 'to', 'occur.', 'Hodr', 'called', 'him', 'because', 'an', 'ancient', 'type', 'of', 'Golem', 'has', 'been', 'found', 'in', 'a', 'mining', 'shaft.', 'No', 'one', 'has', 'been', 'able', 'to', 'move', 'it', 'and', 'Queen', 'Sigyn,', 'an', 'expert', 'engineer,', 'suspects', 'that', 'maybe', 'an', 'un-sorcerer', 'might', 'be', 'the', 'key', 'to', 'activate', 'it.', 'Action', 'Animation', 'Fantasy']"
55430,Broken Blade: Book Two - The Split Path,NobuyoshiHabara,http://breakblade.jp/,"['Second', 'Break', 'Blade', 'movie.', 'The', 'narration', 'begins', 'by', 'revealing', 'Athens', 'invaded', 'the', 'Krisna', 'Kingdom', 'for', 'allowing', 'the', 'Orlando', 'Empire', 'to', 'cross', 'into', 'their', 'land', 'to', 'attack', 'Athens', 'during', 'their', 'power', 'struggle', 'over', 'Assam', 'but', 'the', 'true', 'purpose', 'of', 'the', 'invasion', 'is', 'to', 'take', 'over', 'the', 'Krisna', 'Quartz', 'mines', 'as', 'Athens', 'is', 'suffering', 'a', 'shortage', 'of', 'Quartz.', 'In', 'the', 'Athens', 'capital', 'of', 'Ilios,', 'Secretary', 'of', 'War', 'Loquis', 'has', 'received', 'news', 'that', 'his', 'brother', 'Zess', 'has', 'successfully', 'reach', 'Binonten.', 'Meanwhile,', 'Rygart', 'manages', 'to', 'get', 'a', 'ceasefire', 'between', 'the', 'Athens', 'invaders', 'and', 'Krisna', 'defenders', 'and', 'speaks', 'with', 'Zess.', 'Action', 'Animation', 'Fantasy']"
55435,Broken Blade: Book Four - The Earth of Calamity,NobuyoshiHabara,http://breakblade.jp/,"['Fourth', 'Break', 'Blade', 'Movie.', 'Action', 'Animation', 'Fantasy']"
55437,Broken Blade: Book Five - The Horizon Between Life and Death,NobuyoshiHabara,http://breakblade.jp/,"['Fifth', 'Break', 'Blade', 'Movie.', 'Action', 'Animation', 'Fantasy']"
55438,Broken Blade: Book Six - Enclave of Lamentations,NobuyoshiHabara,http://breakblade.jp/,"['Baldr', 'and', 'his', 'men', 'carries', 'Delphine', 'back', 'to', 'the', 'kingdom', 'after', 'discovering', 'Rygart.', 'Borcuse', 'orders', 'the', 'attack', 'on', 'the', 'capital', 'without', 'waiting', 'for', 'the', 'others', 'to', 'rejoin.', 'Sigyn', 'makes', 'a', 'weapon', 'using', ""Athenian's"", 'golem', 'parts.', 'Narvi', 'finds', 'her', 'surviving', 'men', 'and', 'return', 'to', 'protect', 'the', 'capital.', 'Cleo', 'decides', 'to', 'go', 'back', 'and', 'hugs', 'Sigyn', 'good', 'bye.', ""Borcuse's"", 'army', 'manage', 'to', 'break', 'the', ""Krisnan's"", 'first', 'defense', 'line', 'and', 'the', 'battle', 'moves', 'into', 'the', 'streets.', ""Sigyn's"", 'men', 'manage', 'to', 'find', 'Delphine', 'and', 'repairs', 'it', 'while', 'its', 'automatic', 'cooling', 'system', 'is', 'still', 'operating.', 'When', 'the', 'Delphine', 'cools,', 'Rygart', 'leaps', 'to', 'defend', 'the', 'kingdom', 'and', 'fought', 'Borcuse.', 'Sigyn', 'delivers', 'the', 'make', 'shift', 'weapon', 'to', 'Rygart', 'and', 'he', 'initially', 'unable', 'to', 'fight', 'Borcuse', 'because', 'he', 'is', 'too', 'fast', 'but', 'when', ""Borcuse's"", ""Golen's"", 'leg', 'cracks,', 'Rygart', 'damages', 'it.', 'Borcuse', 'comes', 'out', 'of', 'the', 'cockpit', 'and', 'use', 'his', 'handgun', 'to', 'shoot', 'at', 'Rygart', 'replaying', ""Girghe's"", 'last', 'moment.', 'Rygart', 'kills', 'him', 'and', ""Borcuse's"", 'army', 'lost.', 'Zess', 'upon', 'hearing', ""Cleo's"", 'escape', 'decides', 'to', 'find', 'her.', 'ScienceFiction', 'Animation', 'Action']"
402331,Hard Target 2,RoelReiné,https://www.facebook.com/HardTargetMovie,"['Forced', 'into', 'a', 'deadly', 'cat-and-mouse', 'game,', 'a', 'disgraced', 'mixed', 'martial', 'arts', 'fighter', 'is', 'hunted', 'through', 'the', 'jungles', 'of', 'Southeast', 'Asia.', 'Action', 'Thriller']"
20413,Dhamaal,IndraKumar,http://www.dhamaalthefilm.com/,"['Dhamaal', 'is', 'about', 'four', 'friends;', 'Boman', 'Contractor', '(Aashish', 'Chaudhary),', 'who', 'lives', 'a', 'wealthy', 'lifestyle', 'with', 'his', 'eccentric', 'dad,', 'Nari', '(Asrani);', 'dim-witted', 'Manav', '(Jaaved', 'Jaffrey),', 'his', 'elder', 'brother', 'Adi', '(Arshad', 'Warsi);', 'and', 'Roy', '(Ritesh', 'Deshmukh).', 'All', 'four', 'are', 'afflicted', 'by', 'the', 'get-rich-quick', 'virus.', 'Their', 'fortunes', 'take', 'a', 'turn', 'after', 'they', 'accidentally', 'bump', 'into', 'an', 'underworld', 'don', 'Bose', '(Prem', 'Chopra)', 'whilst', 'he', 'is', 'about', 'to', 'die,', 'who', 'tells', 'them', 'about', 'a', 'hidden', 'treasure', 'in', 'St.', 'Sebastian', 'Garden,', 'Goa', 'including', '₹10crores.', 'The', 'group', 'race', 'towards', 'Goa', 'in', ""Nari's"", 'stolen', 'car,', 'little', 'knowing', 'that', 'their', 'plans', 'will', 'soon', 'be', 'foiled,', 'albeit', 'hilariously,', 'by', 'Police', 'Inspector', 'Kabir', 'Nayak', '(Sanjay', 'Dutt),', 'who', 'wants', 'the', 'money', 'at', 'any', 'cost.', 'Comedy']"
22623,Ripoux 3,ClaudeZidi,http://www.ripoux3-lefilm.com/,"['Voilà', 'dix', 'ans', 'que', 'les', 'chemins', 'de', 'René', 'et', 'de', 'François', 'se', 'sont', 'séparés.', 'De', ""l'époque"", 'glorieuse', 'où,', 'flics,', 'ils', 'écumaient', 'le', 'quartier', 'Montmartre,', 'il', 'ne', 'leur', 'reste', ""qu'une"", 'poignée', 'de', 'souvenirs,', ""l'argent"", 'de', 'leurs', 'ripouseries', ""s'étant"", 'évaporé', 'avec', 'le', 'temps.', 'Tout', 'à', 'une', 'fin.', ""Jusqu'à"", 'ce', 'que', 'ça', 'recommence.', 'René,', 'à', 'la', 'limite', 'de', 'la', 'clochardisation,', 'survit', 'avec', 'pour', 'domicile', 'un', 'bateau', 'déglingué...', 'Comedy']"
58051,Housefull,SajidKhan,http://housefull.erosentertainment.com/,"['Believing', 'himself', 'to', 'be', 'a', 'jinx', 'and', 'bringing', 'bad', 'luck', 'upon', 'himself', 'and', 'others,', 'a', 'man', 'attempts', 'to', 'find', 'true', 'love,', 'but', 'ends', 'up', 'in', 'very', 'complicated', 'relationships.', 'Comedy', 'Drama', 'Romance']"
188489,Birdemic 2: The Resurrection,JamesNguyen,https://chill.com/james_nguyen/birdemic2,"['A', 'platoon', 'of', 'eagles', 'and', 'vultures', 'attack', 'Hollywood,', 'California.', 'Why', 'did', 'the', 'eagles', 'and', 'vultures', 'attack?', 'Who', 'will', 'survive?', 'Action', 'Comedy', 'Horror', 'ScienceFiction']"
36046,The Work and the Glory,RussellHolt,http://www.workandtheglory.com/,"['When', 'Benjamin', 'Steed', 'and', 'Mary', 'Ann', 'Steed', 'relocate', 'their', 'family', 'to', 'upstate', 'New', 'York', 'in', 'the', 'early', ""1800's,"", 'they', 'unwittingly', 'settle', 'in', 'a', 'town', 'divided', 'along', 'religious', 'lines.', 'After', 'their', 'new', 'hired', 'help', 'turns', 'out', 'to', 'be', 'at', 'the', 'center', 'of', 'the', 'uproar,', 'each', 'member', 'of', 'the', 'Steed', 'family', 'must', 'come', 'to', 'terms', 'with', 'their', 'own', 'beliefs', 'in', 'the', 'face', 'of', 'heavy', 'persecution.', 'Together', 'they', 'struggle', 'to', 'weather', 'the', 'raging', 'controversy', 'surrounding', 'a', 'young', 'man', 'named', 'Joseph', 'Smith.', 'Drama', 'Romance']"
14631,The Work and the Glory II: American Zion,SterlingVanWagenen,http://www.workandtheglory.com/,"['""The', 'Work', 'and', 'The', 'Glory:', 'American', 'Zion""', 'sets', 'the', 'story', 'of', 'the', 'fictional', 'Steed', 'family', 'against', 'the', 'historically', 'factual', 'backdrop', 'of', 'the', 'Mormon', ""people's"", 'move', 'into', 'the', 'West.', 'Divided', 'by', 'their', 'diverse', 'reactions', 'to', 'a', 'nascent', 'ideology,', 'the', 'Steeds', 'struggle', 'to', 'hold', 'together', 'as', 'the', 'strength', 'of', 'their', 'convictions', 'and', 'their', 'filial', 'bonds', 'are', 'tested.', 'The', 'stirring', 'narrative', 'of', 'the', 'faith', 'that', 'led', 'a', 'persecuted', 'people', 'to', 'Missouri', 'and', 'beyond', 'is', 'one', 'of', 'the', 'most', 'poignant', 'untold', 'tales', 'of', 'American', 'history.', 'It', 'is', 'the', 'account', 'of', 'a', 'valiant', 'struggle', 'to', 'exercise', 'the', 'rights', 'promised', 'by', 'a', 'fledgling', 'nation.', '""The', 'Work', 'and', 'the', 'Glory:', 'American', 'Zion""', 'unearths', 'the', 'story', 'of', 'the', 'passion', 'behind', 'the', 'movement', 'which', 'eventually', 'launched', 'the', 'largest', 'American', 'migration', 'and', 'the', 'colonization', 'of', 'the', 'West:', 'the', 'vision', 'of', 'a', 'promised', 'land', 'in', 'America.', 'Drama']"
32523,The Work and the Glory III: A House Divided,SterlingVanWagenen,http://www.workandtheglory.com/,"['Joshua', 'Steed', 'returns', 'to', 'Missouri', 'a', 'wealthy', 'man', 'with', 'a', 'beautiful', 'wife;', 'however,', 'the', 'past', 'has', 'a', 'way', 'of', 'catching', 'up.', 'Soon', 'Joshua', 'is', 'tangled', 'in', 'a', 'web', 'of', 'rumors,', 'deception', 'and', 'betrayal', 'that', 'threatens', 'to', 'tear', 'his', 'family', 'apart.', 'Back', 'in', 'Kirtland,', 'financial', 'trouble', 'riddles', 'the', 'foundations', 'of', 'the', 'fledgling', 'Church', 'causing', 'a', 'division,', 'and', 'questioning', 'of', 'the', 'Prophet', 'Joseph', ""Smith's"", 'divine', 'calling.', 'Has', 'he', 'lost', 'his', 'prophetic', 'gift?', 'Hundreds', 'of', 'Saints', 'immigrate', 'to', 'Missouri,', 'where', 'Governor', 'Boggs', 'raises', 'an', 'army', '-', 'with', 'Joshua', 'at', 'its', 'head', '-', 'to', 'address', 'the', '""Mormon', 'Problem.""', 'When', 'the', 'militia', 'receives', 'orders', 'to', 'attack', 'the', 'Mormon', 'settlement,', 'only', 'Joshua', 'can', 'save', 'his', 'family', 'from', 'the', 'gathering', 'mob.', 'Drama']"
351211,Blair Witch,AdamWingard,http://www.blairwitch.movie/,"['Students', 'on', 'a', 'camping', 'trip', 'discover', 'something', 'sinister', 'is', 'lurking', 'beyond', 'the', 'trees.', 'Thriller', 'Horror']"
308529,Kickboxer: Vengeance,JohnStockwell,http://www.kickboxervengeance.com,"['Eric', 'and', 'Kurt', 'Sloane', 'are', 'the', 'descendants', 'of', 'a', 'well-known', 'Venice,', 'California-based', 'family', 'of', 'martial', 'artists.', 'Kurt,', 'the', 'younger', 'of', 'the', 'two,', 'has', 'always', 'been', 'in', 'his', 'brother', 'Eric’s', 'shadow,', 'and', 'despite', 'his', 'talent', 'has', 'been', 'told', 'he', 'lacks', 'the', 'instinct', 'needed', 'to', 'become', 'a', 'champion.', 'But', 'when', 'Kurt', 'witnesses', 'the', 'merciless', 'murder', 'of', 'his', 'brother', 'at', 'the', 'hands', 'of', 'Muay', 'Thai', 'champion', 'Tong', 'Po,', 'he', 'vows', 'revenge.', 'He', 'trains', 'with', 'his', 'brother’s', 'mentor', 'for', 'a', 'fight', 'to', 'the', 'death', 'with', 'Tong', 'Po.', 'At', 'first', 'it', 'seems', 'impossible', 'to', 'turn', 'Kurt', 'into', 'the', 'living', 'weapon', 'he', 'must', 'become', 'to', 'beat', 'Tong', 'Po,', 'but', 'through', 'a', 'series', 'of', 'tests', 'and', 'dangerous', 'encounters,', 'Kurt', 'proves', 'he', 'has', 'a', 'deeper', 'strength', 'that', 'will', 'carry', 'him', 'through', 'to', 'his', 'final', 'showdown', 'with', 'Tong', 'Po.', 'Action', 'Drama']"
39123,20th Century Boys - Chapter 3: Our Flag,YukihikoTsutsumi,http://www.20thboysfilms.com/,"['The', 'final', 'showdown,', 'and', 'the', 'final', 'reveal:', 'who', 'is', 'Friend?', 'How', 'can', 'he', 'be', 'stopped?', 'Adventure', 'Mystery', 'ScienceFiction']"
35701,Gumball 3000: The Movie,StevenGreen,http://www.gumball3000.com/,"['A', '3000', 'mile', 'race', 'from', 'San', 'Francisco', 'to', 'Miami', 'that', 'took', 'place', 'in', 'the', 'Spring', 'of', '2003.', '150', 'cars', 'and', 'stars', 'created', 'all', 'kinds', 'of', 'mayhem', 'and', 'chaos', 'over', '6', 'days', 'racing', 'from', 'coast', 'to', 'coast!', 'Documentary', 'Adventure']"
27370,Paranormal Entity,ShaneVanDyke,http://www.theasylum.cc/product.php?id=168,"['Twenty-three', 'year', 'old,', 'Thomas', 'Finley', 'was', 'arrested', 'for', 'the', 'murder', 'of', 'his', 'nineteen-year', 'old', 'sister,', 'Samantha,', 'as', 'well', 'as', 'the', 'murder', 'of', 'fifty-two', 'year', 'old,', 'Edgar', 'Lauren,', 'a', 'Professor', 'and', 'paranormal', 'investigator.In', 'the', 'early', 'morning', 'hours,', 'Police', 'were', 'called', 'to', 'the', 'scene', 'by', 'Thomas', 'Finley', 'himself.', 'He', 'was', 'found', 'inside', 'with', 'his', ""sister's"", 'body', 'cradled', 'in', 'his', 'arms.After', 'questioning,', 'Thomas', 'was', 'taken', 'into', 'custody.', 'In', 'his', 'police', 'statement,', 'Thomas', 'claimed', 'that', 'the', 'victims', 'were', 'attacked', 'by', 'a', 'demonic', 'entity', 'of', 'unknown', 'origin.', 'Days', 'later,', 'he', 'committed', 'suicide.It', 'is', 'the', 'opinion', 'of', 'those', 'closely', 'related', 'to', 'the', 'family,', 'that', 'this', 'video', 'found', 'at', 'the', 'scene', 'be', 'shown', 'to', 'the', 'public', 'as', 'a', 'final', 'testament', 'to', 'what', 'actually', 'happened', 'inside', 'the', 'Finley', 'home', 'in', 'those', 'final', 'days.', 'Horror', 'Mystery', 'Thriller']"
355730,"Signed, Sealed, Delivered: Truth Be Told",,http://www.hallmarkmoviesandmysteries.com/signed-sealed-delivered-truth-be-told,"['The', 'POstables', 'are', 'on', 'a', 'mission', 'to', 'deliver', 'a', ""soldier's"", 'letter', 'from', 'Afghanistan', 'to', 'a', 'teenager', ""who's"", 'being', 'relentlessly', 'bullied,', 'while', ""Oliver's"", 'estranged', 'father', 'surprises', 'him', 'with', 'news', 'that', 'shakes', 'him', 'to', 'his', 'core.', 'Stars', 'Eric', 'Mabius,', 'Kristin', 'Booth,', 'Crystal', 'Lowe', 'and', 'Geoff', 'Gustafson.', 'Drama']"
361261,"Signed, Sealed, Delivered: The Impossible Dream",KevinFair,http://www.hallmarkmoviesandmysteries.com/signed-sealed-delivered-the-impossible-dream,"['The', 'Postables', 'work', 'against', 'the', 'clock', 'decoding', 'a', 'letter', 'to', 'rescue', 'a', 'soldier', 'in', 'Afghanistan', 'and', 'reunite', 'her', 'with', 'her', 'family,', 'while', 'Rita', 'competes', 'for', 'the', 'national', 'Miss', 'Special', 'Delivery', 'title', 'in', 'Washington,', 'D.C.', 'Drama', 'Romance', 'TVMovie']"
392629,"Murder, She Baked: A Deadly Recipe",KristofferTabori,http://www.hallmarkmoviesandmysteries.com/murder-she-baked-a-deadly-recipe,"['Bakery', 'owner', 'Hannah', 'Swensen', 'just', ""can't"", 'keep', 'her', 'hands', 'out', 'of', 'the', 'batter', 'when', 'murder', 'stirs', 'things', 'up', 'in', 'Lake', 'Eden,', 'Minnesota,', 'leaving', 'the', 'sheriff', 'dead,', 'a', 'deputy', 'accused,', 'and', 'a', 'killer', 'on', 'the', 'loose.', 'TVMovie', 'Mystery']"
379992,"Signed, Sealed, Delivered: From the Heart",LynneStopkewich,http://www.hallmarkmoviesandmysteries.com/signed-sealed-delivered-from-the-heart,"['The', 'beloved', 'POstables', 'discover', 'a', '200-year-old', 'valentine', 'that', 'could', 'change', 'history,', 'while', 'their', 'investigation', 'of', 'a', 'damaged', 'letter', 'leads', 'them', 'to', 'a', 'public', 'figure', 'who', 'could', 'be', 'brought', 'down', 'by', 'its', 'contents.', 'And', 'in', 'the', 'aftermath', 'of', 'Valentine’s', 'Day,', 'Oliver,', 'Shane,', 'Norman', 'and', 'Rita', 'are', 'each', 'dealing', 'with', 'heartbreaking', 'circumstances', 'Drama', 'Romance', 'TVMovie']"
308686,"Signed, Sealed, Delivered for Christmas",KevinFair,http://www.hallmarkmoviesandmysteries.com/signed-sealed-delivered-for-christmas,"['With', 'a', 'duty', 'to', 'deliver', 'every', 'last', 'letter', 'before', 'Christmas,', 'the', 'beloved', 'quartet', 'of', 'post', 'office', 'detectives—Oliver,', 'Shane,', 'Rita', 'and', 'Norman—are', 'working', 'around', 'the', 'clock', 'to', 'redirect', 'Santa’s', 'mail', 'just', 'as', 'Oliver', 'runs', 'into', 'his', 'former', 'Sunday', 'school', 'teacher.', 'When', 'they', 'receive', 'an', 'emotional', 'last-minute', 'plea', 'not', 'meant', 'for', 'Saint', 'Nick,', 'but', 'instead', 'written', 'to', 'God,', 'they', 'must', 'delay', 'their', 'own', 'travel', 'plans', 'to', 'make', 'sure', 'one', 'little', 'girl', 'doesn’t', 'lose', 'her', 'Christmas', 'joy—something', 'Oliver', 'and', 'Shane', 'are', 'also', 'struggling', 'to', 'find', 'as', 'they', 'each', 'face', 'painful', 'holiday', 'memories.', 'With', 'a', 'little', 'guidance', 'from', 'a', 'mysterious', 'post', 'office', 'volunteer,', 'Jordan,', 'the', 'Postables', 'are', 'more', 'surprised', 'than', 'anyone', 'to', 'discover', ""they've"", 'been', 'a', 'part', 'of', 'more', 'than', 'one', 'miracle', 'on', 'this', 'Christmas', 'Eve.', 'Family', 'TVMovie']"
231617,"Signed, Sealed, Delivered",ScottSmith,http://www.hallmarkchannel.com/signedsealeddelivered,"['""Signed,', 'Sealed,', 'Delivered""', 'introduces', 'a', 'dedicated', 'quartet', 'of', 'civil', 'servants', 'in', 'the', 'Dead', 'Letter', 'Office', 'of', 'the', 'U.S.', 'Postal', 'System', 'who', 'transform', 'themselves', 'into', 'an', 'elite', 'team', 'of', 'lost-mail', 'detectives.', 'Their', 'determination', 'to', 'deliver', 'the', 'seemingly', 'undeliverable', 'takes', 'them', 'out', 'of', 'the', 'post', 'office', 'into', 'an', 'unpredictable', 'world', 'where', 'letters', 'and', 'packages', 'from', 'the', 'past', 'save', 'lives,', 'solve', 'crimes,', 'reunite', 'old', 'loves,', 'and', 'change', 'futures', 'by', 'arriving', 'late,', 'but', 'always', 'miraculously', 'on', 'time.', 'Comedy', 'Drama', 'Romance', 'TVMovie']"
371181,"Murder, She Baked: A Peach Cobbler Mystery",KristofferTabori,http://www.hallmarkmoviesandmysteries.com/murder-she-baked-peach-cobbler-mystery,"['With', 'The', 'Cookie', 'Jar,', 'Hannah', 'Swensen', 'has', 'a', 'mouthwatering', 'monopoly', 'on', 'the', 'bakery', 'business', 'of', 'Lake', 'Eden,', 'Minnesota.', 'But', 'when', 'a', 'rival', 'store', 'opens,', 'and', 'one', 'of', 'the', 'owners', 'is', 'found', 'shot', 'to', 'death', 'in', 'the', 'store,', 'Hannah', 'is', 'determined', 'to', 'prove', 'that', 'she', ""wasn't"", 'the', 'only', 'one', 'who', 'had', 'an', 'axe', 'to', 'grind', 'with', 'the', 'Quinn', 'sisters.', 'Somebody', ""wasn't"", 'fooled', 'by', 'the', 'Georgia', 'Peaches', 'and', 'their', 'sweet-as-pie', 'act--and', 'now', ""it's"", 'up', 'to', 'Hannah', 'to', 'track', 'down', 'whoever', 'had', 'the', 'right', 'ingredients', 'to', 'whip', 'up', 'a', 'murder.', 'TVMovie', 'Mystery']"
25778,Felicity: An American Girl Adventure,NadiaTass,http://www.americangirl.com/movie/felicity/index.php,"['Pre-American', 'Revolution', 'Virginian', 'girl', 'whose', 'love', 'for', 'the', 'outdoors', 'leads', 'to', 'the', 'friendship', 'of', 'a', 'lifetime.', 'Felicity', 'loves', 'horses,', 'and', 'though', 'her', 'parents', 'plead', 'with', 'her', 'to', 'remain', 'indoors,', 'she', 'years', 'to', 'ride', 'the', 'open', 'plains.', 'When', 'Felicity', 'comes', 'into', 'contact', 'with', 'a', 'beautiful', 'mare', 'which', 'has', 'suffered', 'at', 'the', 'hands', 'of', 'its', 'callous', 'owner,', 'she', 'takes', 'it', 'upon', 'herself', 'to', 'care', 'for', 'the', 'creature.', 'Action', 'Drama', 'Family', 'Thriller']"
37453,Molly: An American Girl on the Home Front,JoyceChopra,http://www.americangirl.com/movie/molly/about.php,"['Molly', 'is', 'a', 'girl', 'living', 'in', 'the', 'year', '1944', 'and', 'WWII', 'has', 'brought', 'many', 'changes', 'to', ""Molly's"", 'life.', 'An', 'English', 'girl', 'comes', 'to', 'live', 'with', ""Molly's"", 'family', 'to', 'escape', 'the', 'bombings.', 'They', 'slowly', 'become', 'good', 'friends.', 'Drama', 'Family', 'History']"
89825,You Are Umasou,MasayaFujimori,http://www.poplar.co.jp/special/umasou/,"['You', 'Are', 'Umasou', 'adapts', 'Tatsuya', ""Miyanishi's"", 'popular', 'picture', 'book', 'about', 'a', 'Tyrannosaurus', 'who', 'comes', 'across', 'an', 'Ankylosaurus', 'baby', 'all', 'by', 'himself', 'and', 'says,', '""Gaō!', 'Omae', 'Umasou', 'Dana""', '(""Rawr!', 'You', 'look', 'delicious."")', 'Despite', 'initially', 'wanting', 'to', 'eat', 'the', 'baby', 'Ankylosaurus,', 'the', 'Tyrannosaurus', 'ends', 'up', 'adopting', '""Umasou""', 'as', 'his', 'own.', 'Animation', 'Adventure', 'Family']"
262848,Phantasm: Ravager,DavidHartman,http://www.phantasm.com,"['Brothers', 'Mike', 'and', 'Jody', 'join', 'family', 'friend', 'Reggie', 'to', 'battle', 'the', 'Tall', 'Man', 'and', 'his', 'evil', 'minions', 'from', 'another', 'dimension,', 'for', 'the', 'final', 'time.', 'ScienceFiction', 'Fantasy', 'Horror']"
413441,Autumn in the Vineyard,ScottSmith,http://www.hallmarkchannel.com/autumn-in-the-vineyard,"['When', 'Frankie', 'Baldwin', 'and', 'Nate', 'Deluca', 'both', 'have', 'a', 'claim', 'to', 'ownership', 'of', 'Sorrento', 'Farm,', 'they', 'are', 'forced', 'to', 'divide', 'the', 'vineyard', 'right', 'down', 'the', 'middle', 'and', 'work', 'the', 'fields', 'alongside', 'each', 'other', 'to', 'bring', 'in', 'the', 'harvest', 'leading', 'up', 'to', 'the', 'Best', 'Wine', 'competition', 'at', 'the', 'annual', 'Autumn', 'Harvest', 'Festival', '--', 'only', 'this', 'rivalry', ""won't"", 'be', 'settled', 'in', 'the', 'fields,', 'because', 'in', 'spite', 'of', 'their', 'contentious', 'bickering,', 'the', 'simplest', 'way', 'to', 'settle', 'this', 'particular', 'legal', 'dispute', 'is', 'with', 'a', 'romance.', 'TVMovie', 'Romance']"
207932,Inferno,RonHoward,http://www.infernothemovie.com/,"['After', 'waking', 'up', 'in', 'a', 'hospital', 'with', 'amnesia,', 'professor', 'Robert', 'Langdon', 'and', 'a', 'doctor', 'must', 'race', 'against', 'time', 'to', 'foil', 'a', 'deadly', 'global', 'plot.', 'Thriller']"
335796,Ouija: Origin of Evil,MikeFlanagan,http://ouijamovie.com/,"['In', '1965', 'Los', 'Angeles,', 'a', 'widowed', 'mother', 'and', 'her', 'two', 'daughters', 'add', 'a', 'new', 'stunt', 'to', 'bolster', 'their', 'séance', 'scam', 'business', 'and', 'unwittingly', 'invite', 'authentic', 'evil', 'into', 'their', 'home.', 'When', 'the', 'youngest', 'daughter', 'is', 'overtaken', 'by', 'the', 'merciless', 'spirit,', 'this', 'small', 'family', 'confronts', 'unthinkable', 'fears', 'to', 'save', 'her', 'and', 'send', 'her', 'possessor', 'back', 'to', 'the', 'other', 'side.', 'Horror', 'Thriller']"
402543,Center Stage: On Pointe,DirectorX.,http://www.mylifetime.com/movies/center-stage-on-pointe,"['In', 'Center', 'Stage:', 'On', 'Pointe,', 'Jonathan', 'Reeves', '(Gallagher)', 'is', 'tasked', 'with', 'infusing', 'more', 'contemporary', 'styles', 'and', 'modernism', 'into', 'the', 'American', 'Ballet', 'Academy,', 'and', 'enlists', 'his', 'his', 'top', 'choreographers', 'Charlie', '(Radetsky),', 'Cooper', '(Stiefel)', 'and', 'Tommy', '(Wormald)', 'to', 'recruit', 'dancers', 'to', 'compete', 'at', 'a', 'camp', 'where', 'the', 'winners', 'will', 'be', 'selected', 'to', 'join', 'the', 'Academy.', 'Bella', 'Parker', '(Muñoz),', 'who', 'has', 'always', 'lived', 'in', 'the', 'shadow', 'of', 'her', 'hugely', 'successful', 'sister', 'Kate,', 'finally', 'gets', 'her', 'chance', 'to', 'step', 'into', 'the', 'limelight', 'as', 'one', 'of', 'the', 'dancers', 'recruited', 'for', 'the', 'camp.', 'Chloe', 'Lukasiak', 'plays', 'Gwen,', 'a', 'talented', 'dance', 'prodigy', 'who', 'competes', 'at', 'the', 'camp.', '-', 'Denise', 'Petski', 'Music', 'TVMovie', 'Drama']"
414767,Death Al Dente: A Gourmet Detective Mystery,TerryIngram,http://www.hallmarkmoviesandmysteries.com/death-al-dente-a-gourmet-detective-mystery,"['San', 'Francisco', 'homicide', 'detective', 'Maggie', 'Price', 'and', 'former,', 'world-class', 'chef', 'Henry', 'Ross', 'are', 'on', 'the', 'case', 'once', 'again.', 'The', 'crime-solving', 'odd', 'couple', 'investigates', 'the', 'murder', 'of', 'Henry’s', 'friend,', 'a', 'well-known', 'local', 'chef', 'found', 'dead', 'in', 'his', 'kitchen.', 'As', 'they', 'begin', 'to', 'unravel', 'an', 'old', 'family', 'secret,', 'Maggie', 'has', 'to', 'stay', 'one', 'step', 'ahead', 'of', 'a', 'mysterious', 'man', 'in', 'the', 'shadows', 'who', 'appears', 'to', 'be', 'stalking', 'her,', 'while', 'her', 'blossoming', 'relationship', 'with', 'Henry', 'is', 'threatened', 'by', 'the', 'arrival', 'of', 'an', 'ex-love', 'from', 'Maggie’s', 'past.', 'Drama', 'TVMovie', 'Mystery', 'Crime']"
330161,Gourmet Detective,ScottSmith,http://www.hallmarkmoviesandmysteries.com/gourmet-detective,"['Famed', 'culinary', 'consultant', 'Henry', 'Ross', 'is', 'a', 'charming', 'food', 'industry', 'insider', 'in', 'San', 'Francisco.', 'When', 'suspicious', 'sabotage', 'ends', 'in', 'a', 'shocking', 'murder', 'at', 'his', 'friend’s', 'five-star', 'restaurant,', 'Henry', 'is', 'put', 'on', 'the', 'case', 'with', 'strong-willed', 'police', 'detective', 'and', 'single', 'mom,', 'Maggie', 'Price.', 'Despite', 'Maggie’s', 'protests,', 'they', 'must', 'work', 'together', 'to', 'decipher', 'the', 'clues', 'and', 'investigate', 'all', 'of', 'San', 'Francisco’s', 'top', 'culinary', 'pros.', 'TVMovie', 'Mystery']"
348631,Gourmet Detective: A Healthy Place to Die,ScottSmith,http://www.hallmarkmoviesandmysteries.com/gourmet-detective-a-healthy-place-to-die,"['When', 'Henry', 'is', 'invited', 'as', 'a', 'guest', 'speaker', 'at', 'a', 'luxury', 'resort', 'spa,', 'he', 'quickly', 'finds', 'himself', 'at', 'the', 'center', 'of', 'another', 'murder.', 'With', 'Maggie', 'at', 'his', 'side,', 'our', 'favorite', 'duo', 'must', 'not', 'only', 'find', 'the', 'killer', 'but', 'be', 'careful', 'they', ""don't"", 'become', 'his', 'latest', 'victim.', 'Drama', 'TVMovie', 'Mystery', 'Crime']"
343611,Jack Reacher: Never Go Back,EdwardZwick,http://www.jackreachermovie.com/,"['Jack', 'Reacher', 'must', 'uncover', 'the', 'truth', 'behind', 'a', 'major', 'government', 'conspiracy', 'in', 'order', 'to', 'clear', 'his', 'name.', 'On', 'the', 'run', 'as', 'a', 'fugitive', 'from', 'the', 'law,', 'Reacher', 'uncovers', 'a', 'potential', 'secret', 'from', 'his', 'past', 'that', 'could', 'change', 'his', 'life', 'forever.', 'Action']"
50699,Trancers 6: Life After Deth,JayWoelfel,http://www.youngwolfproductions.com/trancers6/index.htm,"['In', 'a', 'return', 'to', 'the', 'groundbreaking', 'original', ""film's"", 'premise,', 'Jack', 'Deth', 'is', 'back', '-', 'traveling', 'back', 'in', 'time', 'and', 'into', 'the', 'body', 'of', 'his', 'own', 'daughter,', 'Josephine', '(Zette', 'Sullivan),', 'on', 'a', 'mission', 'to', 'save', 'her', 'life', 'and', 'save', 'the', 'world', 'from', 'the', 'most', 'lethal', 'Trancers', 'yet.', 'Jack/Jo', 'must', 'adapt', 'and', 'survive', 'being', 'a', 'girl', 'while', 'avoiding', 'many', 'assassination', 'attempts', 'by', 'more', 'powerful', 'and', 'dangerous', 'zombie-like', 'Trancers', 'than', ""he's"", 'ever', 'faced', 'before.', 'ScienceFiction', 'Thriller']"
338964,Bad Santa 2,MarkWaters,http://www.badsanta2.com/,"['Fueled', 'by', 'cheap', 'whiskey,', 'greed', 'and', 'hatred,', 'Willie', 'Soke', 'teams', 'up', 'with', 'his', 'angry', 'little', 'sidekick,', 'Marcus,', 'to', 'knock', 'off', 'a', 'Chicago', 'charity', 'on', 'Christmas', 'Eve.', 'Along', 'for', 'the', 'ride', 'is', 'chubby', 'and', 'cheery', 'Thurman', 'Merman,', 'a', '250-pound', 'ray', 'of', 'sunshine', 'who', 'brings', 'out', ""Willie's"", 'sliver', 'of', 'humanity.', 'Issues', 'arise', 'when', 'the', 'pair', 'are', 'joined', 'by', ""Willie's"", 'horror', 'story', 'of', 'a', 'mother,', 'who', 'raises', 'the', 'bar', 'for', 'the', ""gang's"", 'ambitions,', 'while', 'somehow', 'lowering', 'the', 'standards', 'of', 'criminal', 'behavior.', 'Comedy', 'Crime', 'Drama']"
337550,Flatland,DanoJohnson,http://www.flatlandthemovie.com,"['Set', 'in', 'a', 'world', 'of', 'only', 'two', 'dimensions', 'inhabited', 'by', 'sentient', 'geometric', 'shapes,', 'the', 'story', 'follows', 'Arthur', 'Square', 'and', 'his', 'ever-curious', 'granddaughter', 'Hex.', 'When', 'a', 'mysterious', 'visitor', 'arrives', 'from', 'Spaceland,', 'Arthur', 'and', 'Hex', 'must', 'come', 'to', 'terms', 'with', 'the', 'truth', 'of', 'the', 'third', 'dimension,', 'risking', 'dire', 'consequences', 'from', 'the', 'evil', 'Circles', 'that', 'have', 'ruled', 'Flatland', 'for', 'a', 'thousand', 'years.', 'Animation', 'ScienceFiction']"
361758,Outlaw: Gangster VIP,ToshioMasuda,http://intl.nikkatsu.com/sales/154.html,"['Goro', '(Tetsuya', 'Watari)', 'had', 'grown', 'up', 'in', 'the', 'yakuza', 'world.', 'As', 'an', 'active', 'member', 'of', 'the', 'Mizuhara', 'family', 'crime', 'syndicate,', 'he', 'expressed', 'his', 'loyalty', 'by', 'always', 'putting', 'himself', 'in', 'the', 'forefront', 'of', 'every', 'battle.', 'Violence', 'never', 'bothered', 'him.', 'However,', 'after', 'being', 'sentenced', 'to', 'three', 'years', 'in', 'prison', 'for', 'stabbing', 'a', 'rival', 'gang’s', 'hit', 'man,', 'he', 'becomes', 'disenchanted', 'with', 'the', 'Yakuza', 'life', 'style.', 'Goro', 'is', 'determined', 'to', 'start', 'anew,', 'but', 'karma', 'catches', 'up.', 'His', 'two', 'closest', 'friends', 'are', 'murdered', 'by', 'his', 'ex-boss.', 'He', 'is', 'left', 'with', 'two', 'options:', 'to', 'kill', 'or', 'be', 'killed.', 'Foreign', 'Crime', 'Action', 'Thriller']"
363611,Outlaw: Gangster VIP 2,KeiichiOzawa,http://intl.nikkatsu.com/sales/155.html,"['Goro', '(Tetsuya', 'Watari)', 'wants', 'to', 'put', 'his', 'dark', 'past', 'behind.', 'He', 'heads', 'to', 'Hirosaki', 'City', 'to', 'offer', 'his', 'condolences', 'to', 'Yumeko', 'and', 'to', 'reunite', 'with', 'Yukiko', '(Chieko', 'Matsubara),', 'but', 'finds', 'that', 'Yumeko', 'is', 'fatally', 'ill.', 'Although', 'Yukiko', 'was', 'taking', 'care', 'of', 'her,', 'she', 'is', 'pressed', 'for', 'money.', 'Goro', 'wants', 'to', 'help', 'and', 'knows', 'that', 'there', 'is', 'only', 'one', 'way', 'to', 'come', 'up', 'with', 'fast', 'money.', 'Foreign', 'Crime', 'Action', 'Thriller']"
376538,Outlaw: Heartless,MioEzaki,http://intl.nikkatsu.com/sales/156.html,"['Goro', 'Fujikawa', '(Tetsuya', 'Watari)', 'was', 'indebted', 'to', 'Mitsugimoto.', 'Sawada,', 'a', 'low', 'rank', 'yakuza', 'with', 'a', 'gambling', 'problem,', 'owed', 'Mitsugimoto', 'three', 'million', 'yen.', 'This', 'equation', 'can', 'only', 'lead', 'to', 'one', 'answer.', 'Mitsugimoto', 'needs', 'to', 'pay', 'and', ""Goro's"", 'coming', 'to', 'collect.', 'Foreign', 'Crime', 'Action', 'Thriller']"
376543,Outlaw: Goro the Assassin,KeiichiOzawa,http://intl.nikkatsu.com/sales/157.html,"['On', 'a', 'cold', 'winter', 'day,', 'Goro', 'Fujikawa', '(Tetsuya', 'Watari)', 'and', 'Masahiko', 'murder', 'the', 'mob', 'boss', 'of', 'Meishin-Kai.', 'The', 'deed', 'costs', 'them', 'time', 'in', 'prison,', 'but', 'Goro', 'had', 'no', 'shred', 'of', 'regret.', 'When', 'Goro', 'is', 'released', '2', 'years', 'later,', 'Masahiko', 'is', 'dying', 'in', 'prison', 'hospital', 'and', 'entrusts', 'his', 'last', 'wish;', '""find', 'my', 'sister', 'and', 'take', 'care', 'of', 'her.""', 'Goro', 'leaves', 'as', 'a', 'free', 'man', 'with', 'a', 'mission,', 'but', 'soon', 'finds', 'that', 'he', 'might', 'have', 'been', 'better', 'off', 'in', 'jail.', 'Foreign', 'Crime', 'Action', 'Thriller']"
376548,Outlaw: Black Dagger,KeiichiOzawa,http://intl.nikkatsu.com/sales/158.html,"['A', 'street', 'war', 'breaks', 'loose', 'between', 'two', 'rival', 'gangs', 'in', 'the', 'Kansai', 'region', 'of', 'Japan.', 'Goro', '(Tetsuya', 'Watari)', 'is', 'in', 'the', 'middle', 'of', 'action.', 'Through', 'a', 'knife', 'fight', 'against', 'Sueo,', 'a', 'high', 'profile', 'gangster', 'from', 'Busou-kai,', 'Goro', 'notices', 'a', 'familiar', 'face', 'approaching', 'him', 'from', 'amidst', 'the', 'chaos', '-', 'his', 'girlfriend,', 'Yuri', '(Chieko', 'Matsubara).', 'Goro', 'had', 'sent', 'her', 'to', 'safety,', 'but', 'she', 'had', 'returned,', 'aching', 'to', 'see', 'him.', 'Caught', 'between', 'Goro', 'and', 'his', 'enemy', 'knife,', 'she', 'reunites', 'with', 'her', 'love', '-', 'the', 'price', 'was', 'her', 'life.', 'Foreign', 'Crime', 'Action', 'Thriller']"
376553,Outlaw: Kill!,KeiichiOzawa,http://intl.nikkatsu.com/sales/160.html,"['Goro', '(Tetsuya', 'Watari)', 'has', 'always', 'been', 'a', 'lone', 'wolf.', 'When', 'he', 'arrives', 'at', 'an', 'industrial', 'city', 'in', 'Keihin,', 'there', 'is', 'certain', 'restlessness', 'in', 'the', 'air.', 'The', 'Iriezaki', 'family', 'and', 'the', 'Kanto', 'Touyu-kai', 'were', 'in', 'the', 'midst', 'of', 'a', 'territorial', 'dispute.', 'Goro', 'was', 'quick', 'to', 'notice,', 'but', 'had', 'no', 'intent', 'to', 'take', 'sides.', 'At', 'a', 'department', 'store', 'nearby,', 'he', 'sees', 'an', 'elevator', 'lady', 'being', 'harassed', 'by', 'a', 'couple', 'of', 'hoodlums.', 'Goro', 'decides', 'to', 'intervene.', 'Unbeknownst', 'to', 'him,', 'the', 'hoodlums', 'are', 'Touyu-kai', 'members', '–', 'and', 'the', 'girl', 'has', 'strong', 'ties', 'with', 'the', 'opposing', 'family.', 'Foreign', 'Crime', 'Action', 'Thriller']"
33065,Alesha Popovich and Tugarin the Dragon,KonstantinBronzit,http://www.aleshapopovich.ru/,"['Alesha', 'Popovich', 'has', 'to', 'catch', 'Tugarin', 'Zmey', 'and', 'bring', 'back', 'the', 'stolen', 'money', 'with', 'the', 'help', 'of', 'a', 'talking', 'Horse', '(which', 'talks', 'all', 'the', 'time', 'and', 'has', 'an', 'opinion', 'on', 'everything),', 'a', 'wise', 'granny,', 'a', 'donkey', 'and', 'a', 'beauty', 'Lyubava.', 'Animation', 'Comedy', 'Drama']"
33534,Nikitich and The Dragon,IlyaMaksimov,http://dobrinya.3bogatirya.ru/about/,"['Dobrinya', 'Nikitich', 'goes', 'on', 'a', 'quest', 'to', 'save', 'the', 'royal', 'niece', 'and', 'finds', 'out', 'whether', 'his', 'old', 'friend', 'Zmey', 'Gorinich', 'is', 'loyal', 'to', 'him.', 'During', 'the', 'adventures,', 'he', 'is', 'accompanied', 'by', 'the', 'royal', 'messenger', ""who's"", 'in', 'love', 'with', 'the', 'royal', 'niece.', 'Adventure', 'Animation', 'Comedy', 'Drama', 'Fantasy']"
86821,Ayn Rand & the Prophecy of Atlas Shrugged,ChrisMortensen,http://atlasshruggeddocumentary.com/,"['Ayn', 'Rand', '&amp;', 'the', 'Prophecy', 'of', 'Atlas', 'Shrugged', 'is', 'a', 'feature', 'length', 'documentary', 'film', 'that', 'examines', 'the', 'resurging', 'interest', 'in', 'Ayn', 'Rands', 'epic', 'and', 'controversial', '1957', 'novel', 'and', 'the', 'validity', 'of', 'its', 'dire', 'prediction', 'for', 'America.', 'Documentary']"
330459,Rogue One: A Star Wars Story,GarethEdwards,http://www.starwars.com/films/rogue-one,"['A', 'rogue', 'band', 'of', 'resistance', 'fighters', 'unite', 'for', 'a', 'mission', 'to', 'steal', 'the', 'Death', 'Star', 'plans', 'and', 'bring', 'a', 'new', 'hope', 'to', 'the', 'galaxy.', 'Action', 'Adventure', 'ScienceFiction']"
346672,Underworld: Blood Wars,AnnaFoerster,http://www.underworldbloodwars-movie.com/,"['Vampire', 'death', 'dealer', 'Selene', 'fends', 'off', 'brutal', 'attacks', 'from', 'both', 'the', 'Lycan', 'clan', 'and', 'the', 'Vampire', 'faction', 'that', 'betrayed', 'her.', 'With', 'her', 'only', 'allies,', 'David', 'and', 'his', 'father', 'Thomas,', 'she', 'must', 'stop', 'the', 'eternal', 'war', 'between', 'Lycans', 'and', 'Vampires,', 'even', 'if', 'it', 'means', 'she', 'has', 'to', 'make', 'the', 'ultimate', 'sacrifice.', 'Action', 'Fantasy', 'Horror']"
287281,The Gamers: Natural One,MattVancil,http://watchthegamers.com/,"['Natural', 'One', 'begins', 'with', 'a', 'summons', 'to', 'Gary', 'from', 'his', 'Canadian', 'half-sister,', 'Monica.', ""She's"", 'getting', 'married', 'and', 'family', 'tradition', 'calls', 'for', 'her', 'future', 'partner', 'to', 'be', 'vetted', 'in-game.', 'Is', 'he', 'gamer', 'enough', 'to', 'be', 'worthy', 'of', 'the', 'family', 'name?', 'Comedy', 'Fantasy']"
21752,If I Were You 2,DanielFilho,http://www.seeufossevoce.com.br/,"['Claudio', 'and', 'Helena', 'are', 'on', 'the', 'verge', 'of', 'breaking', 'up,', 'until', 'the', 'couple', 'experiences', 'another', 'strange', 'phenomenon', 'that', 'looks', 'to', 'help', 'them', 'understand', 'one', 'another', 'more.', 'Comedy']"
52939,Tri bogatyrya i Shamakhanskaya tsaritsa,SergeiGlezin,http://3bogatirya.ru/,"['This', 'is', 'the', 'fourth', 'and', 'final', 'of', 'a', 'series', 'of', 'animated', 'films', 'based', 'on', 'Russian', 'folk', 'legends.', 'A', 'bogatyr', 'is', 'an', 'epic', 'warrior', 'from', 'ancient', 'Kievan', 'Rus.', 'Most', 'are', 'directed', 'in', 'the', 'traditional', 'bylinas,', 'traditional', 'Russian', 'epic', 'poems,', 'as', 'being', 'endowed', 'with', 'enormous', 'strength', 'and', 'cunning,', 'although', 'often', 'not', 'completely', 'immune', 'to', 'human', 'weaknesses.', 'Here,', 'our', 'three', 'heroes', 'gather', 'together', 'once', 'more', 'to', 'rescue', 'the', 'ruler', 'of', 'the', 'land', 'from', 'the', 'attempts', 'of', 'an', 'evil', 'foreign', 'queen.', 'She', 'plans', 'to', 'make', 'him', 'fall', 'in', 'love', 'with', 'her', 'so', 'her', 'youth', 'and', 'beauty', 'can', 'be', 'renewed,', 'but', 'in', 'exchange', 'will', 'destroy', 'his', 'kingdom.', 'Animation', 'Family', 'Comedy', 'Adventure']"
20679,George Carlin: Complaints & Grievances,RoccoUrbisci,http://www.georgecarlin.com,"['George', 'Carlin', 'performs', 'a', 'hilarious', 'set', 'of', 'never-before', 'released', 'material', 'in', '""Complaints', 'and', 'Grievances.""', 'His', '12th', 'HBO', 'special', 'was', 'recorded', 'live', 'at', 'the', 'Beacon', 'Theater', 'in', 'New', 'York', 'City', 'on', 'November', '17,', '2001.', 'In', '""Complaints', 'and', 'Grievances,""', 'Carlin', 'shamelessly', 'exposes', 'the', 'people', 'and', 'subjects', 'that', 'irritate', 'him', 'the', 'most.', 'Comedy', 'Documentary', 'TVMovie']"
47971,xXx: Return of Xander Cage,D.J.Caruso,http://returnofxandercage.com,"['Extreme', 'athlete', 'turned', 'government', 'operative', 'Xander', 'Cage', 'comes', 'out', 'of', 'self-imposed', 'exile,', 'thought', 'to', 'be', 'long', 'dead,', 'and', 'is', 'set', 'on', 'a', 'collision', 'course', 'with', 'deadly', 'alpha', 'warrior', 'Xiang', 'and', 'his', 'team', 'in', 'a', 'race', 'to', 'recover', 'a', 'sinister', 'and', 'seemingly', 'unstoppable', 'weapon', 'known', 'as', ""Pandora's"", 'Box.', 'Recruiting', 'an', 'all-new', 'group', 'of', 'thrill-seeking', 'cohorts,', 'Xander', 'finds', 'himself', 'enmeshed', 'in', 'a', 'deadly', 'conspiracy', 'that', 'points', 'to', 'collusion', 'at', 'the', 'highest', 'levels', 'of', 'world', 'governments.', 'Action', 'Adventure', 'Crime']"
324849,The Lego Batman Movie,ChrisMcKay,http://www.legobatman.com,"['In', 'the', 'irreverent', 'spirit', 'of', 'fun', 'that', 'made', '“The', 'Lego', 'Movie”', 'a', 'worldwide', 'phenomenon,', 'the', 'self-described', 'leading', 'man', 'of', 'that', 'ensemble—Lego', 'Batman—stars', 'in', 'his', 'own', 'big-screen', 'adventure.', 'But', 'there', 'are', 'big', 'changes', 'brewing', 'in', 'Gotham,', 'and', 'if', 'he', 'wants', 'to', 'save', 'the', 'city', 'from', 'The', 'Joker’s', 'hostile', 'takeover,', 'Batman', 'may', 'have', 'to', 'drop', 'the', 'lone', 'vigilante', 'thing,', 'try', 'to', 'work', 'with', 'others', 'and', 'maybe,', 'just', 'maybe,', 'learn', 'to', 'lighten', 'up.', 'Action', 'Animation', 'Comedy', 'Family', 'Fantasy']"
374205,One Piece Film: GOLD,HiroakiMiyamoto,http://www.onepiece-film2016.com/,"['The', 'Straw', 'Hat', 'Pirates', 'are', 'taking', 'on', 'Gild', 'Tesoro,', 'one', 'of', 'the', 'richest', 'men', 'in', 'the', 'world.', 'Action', 'Animation', 'Adventure', 'Comedy']"
14564,Rings,F.JavierGutiérrez,http://www.ringsmovie.com/,"['Julia', 'becomes', 'worried', 'about', 'her', 'boyfriend,', 'Holt', 'when', 'he', 'explores', 'the', 'dark', 'urban', 'legend', 'of', 'a', 'mysterious', 'videotape', 'said', 'to', 'kill', 'the', 'watcher', 'seven', 'days', 'after', 'viewing.', 'She', 'sacrifices', 'herself', 'to', 'save', 'her', 'boyfriend', 'and', 'in', 'doing', 'so', 'makes', 'a', 'horrifying', 'discovery:', 'there', 'is', 'a', '""movie', 'within', 'the', 'movie""', 'that', 'no', 'one', 'has', 'ever', 'seen', 'before.', 'Horror']"
362584,Kizumonogatari Part 2: Nekketsu,AkiyukiShinbo,http://kizumonogatari-usa.com/,"['Koyomi', 'Araragi', 'was', 'turned', 'into', 'a', 'vampire', 'by', 'the', 'legendary', 'vampire,', 'Kiss-shot', 'Acerola-orion', 'Heart-under-blade,', 'and', 'he', 'needs', 'to', 'revive', 'the', 'weakened', 'vampire', 'back', 'to', 'her', 'complete', 'form', 'to', 'return', 'to', 'being', 'human', 'again.', 'The', 'only', 'way', 'for', 'Koyomi', 'to', 'achieve', 'his', 'goal', 'is', 'to', 'fight', 'the', 'three', 'vampire', 'hunters', '–', 'Dramaturgy,', 'Episode', 'and', 'Guillotinecutter.', 'Animation', 'Fantasy', 'Mystery']"
362585,Kizumonogatari Part 3: Reiketsu,TatsuyaOishi,http://kizumonogatari-usa.com/,"['With', 'help', 'from', 'Meme', 'Oshino,', 'the', 'apparition', 'specialist,', 'Koyomi', 'defeats', 'the', 'three', 'powerful', 'vampire', 'hunters:', 'Dramaturgy,', 'Episode', 'and', 'Guillotinecutter.', 'Koyomi', 'takes', 'back', 'all', 'the', 'limbs', 'of', 'Kiss-shot', 'Acerola-orion', 'Heart-under-blade', 'in', 'order', 'to', 'become', 'a', 'human', 'again.', 'Animation', 'Fantasy', 'Mystery']"
324552,John Wick: Chapter 2,ChadStahelski,http://www.johnwick.movie/,"['John', 'Wick', 'is', 'forced', 'out', 'of', 'retirement', 'by', 'a', 'former', 'associate', 'looking', 'to', 'seize', 'control', 'of', 'a', 'shadowy', 'international', 'assassins’', 'guild.', 'Bound', 'by', 'a', 'blood', 'oath', 'to', 'aid', 'him,', 'Wick', 'travels', 'to', 'Rome', 'and', 'does', 'battle', 'against', 'some', 'of', 'the', 'world’s', 'most', 'dangerous', 'killers.', 'Thriller', 'Action', 'Crime']"
263115,Logan,JamesMangold,http://www.foxmovies.com/movies/logan,"['In', 'the', 'near', 'future,', 'a', 'weary', 'Logan', 'cares', 'for', 'an', 'ailing', 'Professor', 'X', 'in', 'a', 'hideout', 'on', 'the', 'Mexican', 'border.', 'But', ""Logan's"", 'attempts', 'to', 'hide', 'from', 'the', 'world', 'and', 'his', 'legacy', 'are', 'upended', 'when', 'a', 'young', 'mutant', 'arrives,', 'pursued', 'by', 'dark', 'forces.', 'Action', 'Drama', 'ScienceFiction']"
34163,George Carlin: Playin' with Your Head,RoccoUrbisci,http://www.georgecarlin.com,"['George', 'Carlin', 'is', 'in', 'top', 'form', 'with', 'these', 'stand-up', 'recorded', 'at', 'the', 'Beverly', 'Theater', 'in', 'Los', 'Angeles', 'in', '1986.', 'Routines', 'included', 'are', '""Losing', 'Things,""', '""Charities,""', '""Sports,""', '""Hello', 'and', 'Goodbye,""', '""Battered', 'Plants,""', '""Earrings,""', 'and', '""A', 'Moment', 'of', 'Silence.""', 'Also', 'included', 'is', 'a', 'short', 'film', 'entitled', '""The', 'Envelope""', 'co-starring', 'Vic', 'Tayback.', 'Documentary', 'Comedy', 'TVMovie']"
374251,Stick Man,JeroenJaspaert,http://www.stickmanofficial.com/,"['Stick', 'Man', 'lives', 'in', 'the', 'family', 'tree', 'with', 'his', 'Stick', 'Lady', 'Love', 'and', 'their', 'stick', 'children', 'three,', 'and', ""he's"", 'heading', 'on', 'an', 'epic', 'adventure', 'across', 'the', 'seasons.', 'Will', 'he', 'get', 'back', 'to', 'his', 'family', 'in', 'time', 'for', 'Christmas?', 'Animation', 'Family']"
341174,Fifty Shades Darker,JamesFoley,http://www.fiftyshadesmovie.com/,"['When', 'a', 'wounded', 'Christian', 'Grey', 'tries', 'to', 'entice', 'a', 'cautious', 'Ana', 'Steele', 'back', 'into', 'his', 'life,', 'she', 'demands', 'a', 'new', 'arrangement', 'before', 'she', 'will', 'give', 'him', 'another', 'chance.', 'As', 'the', 'two', 'begin', 'to', 'build', 'trust', 'and', 'find', 'stability,', 'shadowy', 'figures', 'from', 'Christian’s', 'past', 'start', 'to', 'circle', 'the', 'couple,', 'determined', 'to', 'destroy', 'their', 'hopes', 'for', 'a', 'future', 'together.', 'Drama', 'Romance']"
426580,Bad Kids of Crestview Academy,BenBrowder,https://www.crestview-academy.com/,"[""It's"", 'four', 'years', 'later,', 'and', 'a', 'new', 'group', 'of', 'students', 'has', 'been', 'placed', 'in', 'Saturday', 'detention', 'at', 'the', 'infamous', 'and', 'prestigious', 'Crestview', 'Academy.', 'When', 'Siouxsie,', 'sophomore', ""'undercrust,'"", 'crashes', 'the', 'party', 'to', 'avenge', 'her', ""sister's"", 'death,', 'a', 'Saturday', 'detention', 'reserved', 'for', 'the', 'privileged', 'seniors', 'of', 'Crestview', 'Academy', 'turns', 'into', 'a', 'date', 'in', 'hell.', ""It's"", 'not', 'long', 'before', 'a', 'naïve', 'pussycat', 'lover,', 'gay', 'drug', 'dealer,', ""smokin'"", 'hot', ""preacher's"", 'daughter,', 'squeaky-clean', ""senator's"", 'son,', 'and', 'the', 'uninvited', 'younger', 'outsider', 'find', 'themselves', 'locked-up', 'in', 'school', 'with', 'no', 'way', 'out,', 'wondering', 'who', '(or', 'what)', 'has', 'set', 'them', 'up.', 'Hilarity', 'and', 'suspense', 'ensue', 'while', 'each', ""'bad"", ""kid'"", 'pits', 'one', 'against', 'the', 'other,', 'and', 'one', 'by', 'one', 'each', 'falls', 'victim', 'to', 'absurdly', 'gruesome', ""'accidents'"", 'while', 'trying', 'to', 'escape.', 'Mystery', 'Comedy', 'Thriller', 'ScienceFiction', 'Fantasy']"
417004,The Escape,NeillBlomkamp,http://bmwfilms.com/,"['After', 'the', 'controversial', 'disappearance', 'of', 'their', 'Chief', 'Medical', 'Officer,', 'a', 'shadowy', 'bio', 'genetics', 'company', 'is', 'under', 'siege', 'by', 'the', 'FBI', 'for', 'secretly', 'cloning', 'humans.', 'Amidst', 'the', 'chaos,', 'Molgen’s', 'head', 'mercenary', 'Holt', '(Jon', 'Bernthal)', 'is', 'sneaking', 'out', 'the', 'last', 'living', 'clone,', 'a', 'young', 'woman', 'named', 'Lily', '(Dakota', 'Fanning)', 'to', 'a', 'mysterious', 'buyer.', 'Holt', 'has', 'hired', 'The', 'Driver', '(Clive', 'Owen),', 'accompanied', 'by', 'a', 'heavily', 'armed', 'squadron', 'of', 'fellow', 'Molgen', 'mercenaries,', 'to', 'evade', 'the', 'authorities', 'and', 'deliver', 'Lily', 'and', 'himself', 'to', 'the', 'buyer.', 'The', 'journey', 'takes', 'an', 'unexpected', 'turn', 'and', 'Holt', 'is', 'forced', 'to', 'take', 'matters', 'into', 'his', 'own', 'hands,', 'as', 'the', 'driver', 'once', 'again', 'demonstrates', 'his', 'mettle', 'and', 'extraordinary', 'driving', 'skills.', 'Thriller', 'Action']"
40748,"Al Murray, The Pub Landlord - Glass of White Wine for the Lady",,http://thepublandlord.com/,"['Al', ""Murray's"", 'Pub', 'Landlord', 'puts', 'the', 'world', 'to', 'rights', 'with', 'his', 'lager', 'fuelled', 'philosophies.', 'Comedy']"
126889,Alien: Covenant,RidleyScott,https://alienuniverse.com/alien-covenant,"['Bound', 'for', 'a', 'remote', 'planet', 'on', 'the', 'far', 'side', 'of', 'the', 'galaxy,', 'the', 'crew', 'of', 'the', 'colony', 'ship', ""'Covenant'"", 'discovers', 'what', 'is', 'thought', 'to', 'be', 'an', 'uncharted', 'paradise,', 'but', 'is', 'actually', 'a', 'dark,', 'dangerous', 'world', '–', 'which', 'has', 'its', 'sole', 'inhabitant', 'the', ""'synthetic',"", 'David,', 'survivor', 'of', 'the', 'doomed', 'Prometheus', 'expedition.', 'Horror', 'ScienceFiction', 'Thriller']"
347413,Little Witch Academia: The Enchanted Parade,YohYoshinari,http://littlewitchacademia.jp/,"['In', 'Enchanted', 'Parade,', 'Akko,', 'Lotte', 'and', 'Sucy,', 'having', 'gotten', 'in', 'trouble', 'yet', 'again,', 'are', 'forced', 'to', 'team', 'up', 'with', 'three', 'other', 'troublemakers;', 'Amanda', ""O'Neill,"", 'Constance', 'Braunschweig', 'Albrechtsburger', 'and', 'Jasmineka', 'Antonenko,', 'and', 'must', 'make', 'an', 'annual', 'witch', 'parade', 'a', 'success', 'or', 'else', 'face', 'expulsion.', 'Action', 'Animation', 'Fantasy', 'Comedy']"
34311,Sleepaway Camp II: Unhappy Campers,MichaelA.Simpson,http://www.sleepawaycampmovies.com/,"['Angela', 'Baker,', 'a', 'psychotic', 'transsexual,', 'escapes', 'from', 'a', 'mental', 'hospital', 'and', 'surfaces', 'at', 'a', 'summer', 'camp', 'as', 'a', 'counselor', 'who', 'lectures', 'her', 'teenage', 'charges', 'on', 'proper', 'moral', 'behavior.', 'Those', 'teens', 'who', 'break', 'her', 'strict', 'rules', '--', 'from', 'the', 'camp', 'chatterbox', 'or', 'a', 'sex-obsessed', 'girl', 'to', 'the', 'boys', 'who', 'are', 'peeping', 'Toms', '--', 'are', 'murdered', 'by', 'the', 'impostor', 'in', 'various', 'gruesome', 'ways.', 'As', 'more', 'campers', 'go', 'missing,', 'intrepid', 'counselor', 'Molly', 'begins', 'to', 'piece', 'together', 'the', 'truth.', 'Horror', 'Comedy']"
211798,Wallace & Gromit's Cracking Contraptions,LoydPrice,http://www.wallaceandgromit.com/films/crackingcontraptions/,"['Wallace', 'and', 'Gromit', 'try', 'out', 'a', 'number', 'of', 'their', 'latest', 'inventions', 'which', 'rarely', 'work', 'as', 'planned.', 'Animation', 'Comedy']"
19766,Inspector Gadget 2,AlexZamm,http://en.wikipedia.org/wiki/Inspector_Gadget_2,"['After', 'capturing', 'Claw,', 'all', 'the', 'criminals', 'have', 'gone', 'into', 'hiding', 'until,', 'Claw', 'escapes!', 'Gadget', 'thinks', 'he', 'will', 'get', 'the', 'case,', 'but', 'everyone', 'else', 'has', 'other', 'planes.', 'A', 'new', 'version', 'of', 'the', 'Gadget', 'project', 'is', 'unveiled', 'in', 'the', 'form', 'of', 'G2.', 'Strict', 'orders', 'are', 'given', 'for', 'Gadget', 'to', 'stay', 'away', 'from', 'G2', 'and', 'every', 'crime', 'scene,', 'but', 'Gadget', 'feels', 'he', 'is', 'needed', 'more', 'than', 'anyone.', 'Action', 'Adventure', 'Comedy', 'Family']"
20760,Lilo & Stitch 2: Stitch has a Glitch,MichaelLaBash,http://disneydvd.disney.go.com/lilo-stitch-2-stitch-has-a-glitch.html,"['Now,', 'we', 'find', 'the', 'rowdy', 'extraterrestrial', 'getting', 'used', 'to', 'life', 'with', 'his', 'new', 'ohana.', 'However,', 'a', 'malfunction', 'in', 'the', 'ultimate', 'creation', 'of', 'Dr.', 'Jumba', 'soon', 'emerges,', 'which', 'reinstates', 'his', 'destructive', 'programming', 'and', 'threatens', 'to', 'both', 'ruin', 'his', 'friendship', 'with', 'Lilo', 'and', 'to', 'short', 'him', 'out', 'for', 'good!', 'Animation', 'Comedy', 'Family']"
337339,The Fate of the Furious,F.GaryGray,http://www.fastandfurious.com/,"['When', 'a', 'mysterious', 'woman', 'seduces', 'Dom', 'into', 'the', 'world', 'of', 'crime', 'and', 'a', 'betrayal', 'of', 'those', 'closest', 'to', 'him,', 'the', 'crew', 'face', 'trials', 'that', 'will', 'test', 'them', 'as', 'never', 'before.', 'Action', 'Crime', 'Thriller']"
141102,The Swan Princess Christmas,RichardRich,http://www.amazon.co.uk/Swan-Princess-Christmas-Richard-Rich/dp/B008JBZ660,"['Princess', 'Odette,', 'Prince', 'Derek', 'and', 'their', 'trusted', 'woodland', 'friends', 'reunite', 'in', 'this', 'all-new', 'adventure', 'for', 'their', 'first', 'Christmas', 'celebration', 'together!', 'As', 'the', 'kingdom', 'prepares', 'for', 'a', 'festive', 'holiday,', 'the', 'villainous', 'Rothbart', 'plots', 'to', 'destroy', 'Christmas.', 'Will', 'the', 'castle', 'friends', 'be', 'able', 'to', 'stop', 'Rothbart', 'and', 'save', 'the', 'day?', 'Told', 'in', 'beautiful', 'CG', 'animation', 'for', 'the', 'very', 'first', 'time', 'and', 'featuring', 'music', 'by', 'Anna', 'Graceman', 'from', 'TV’s', 'America’s', 'Got', 'Talent,', 'The', 'Swan', 'Princess', 'Christmas', 'is', 'an', 'enchanting', 'musical', 'holiday', 'treat', 'the', 'whole', 'family', 'will', 'enjoy!', 'Animation']"
260514,Cars 3,BrianFee,http://cars.disney.com,"['Blindsided', 'by', 'a', 'new', 'generation', 'of', 'blazing-fast', 'racers,', 'the', 'legendary', 'Lightning', 'McQueen', 'is', 'suddenly', 'pushed', 'out', 'of', 'the', 'sport', 'he', 'loves.', 'To', 'get', 'back', 'in', 'the', 'game,', 'he', 'will', 'need', 'the', 'help', 'of', 'an', 'eager', 'young', 'race', 'technician', 'with', 'her', 'own', 'plan', 'to', 'win,', 'inspiration', 'from', 'the', 'late', 'Fabulous', 'Hudson', 'Hornet,', 'and', 'a', 'few', 'unexpected', 'turns.', 'Proving', 'that', '#95', ""isn't"", 'through', 'yet', 'will', 'test', 'the', 'heart', 'of', 'a', 'champion', 'on', 'Piston', 'Cup', 'Racing’s', 'biggest', 'stage!', 'Family', 'Comedy', 'Animation', 'Adventure']"
400136,Resident Evil: Vendetta,TakanoriTsujimoto,http://www.residentevilvendetta.com/,"['BSAA', 'Chris', 'Redfield', 'enlists', 'the', 'help', 'of', 'government', 'agent', 'Leon', 'S.', 'Kennedy', 'and', 'Professor', 'Rebecca', 'Chambers', 'from', 'Alexander', 'Institute', 'of', 'Biotechnology', 'to', 'stop', 'a', 'death', 'merchant', 'with', 'a', 'vengeance', 'from', 'spreading', 'a', 'deadly', 'virus', 'in', 'New', 'York.', 'Action', 'Adventure', 'Animation', 'Horror', 'Mystery', 'ScienceFiction']"
57837,George Carlin: On Location at Phoenix,MartyCallner,http://georgecarlin.com/,"['Performing', 'at', 'the', 'Celebrity', 'Star', 'Theater', 'in', 'Phoenix', 'on', 'July', '23,', '1978,', 'Carlin', 'mesmerizes', 'his', 'audience', 'in', 'the', 'second', 'of', 'his', '12', 'HBO', 'specials.', 'The', 'show', 'was', 'originally', 'planned', 'as', 'part', 'of', 'a', 'concert/sketch', 'movie,', 'The', 'Illustrated', 'George', 'Carlin,', 'that', 'never', 'came', 'to', 'fruition.The', 'routines', 'include:', 'Death,', 'Kids', '&amp;', 'Parents,', 'Newscast', '#2,', 'Time', 'and', 'Al', 'Sleet,', 'the', 'Hippy-Dippy', 'Weatherman.', '--', 'From', 'Amazon.com', 'TVMovie', 'Comedy', 'Documentary']"
34506,George Carlin: Carlin at Carnegie,StevenJ.Santos,http://www.georgecarlin.com,"['Recorded', 'at', 'Carnegie', 'Hall,', 'New', 'York', 'City', 'in', '1982,', 'released', 'in', '1983.', 'Most', 'of', 'the', 'material', 'comes', 'from', 'his', 'A', 'Place', 'for', 'My', 'Stuff,', 'the', 'album', 'released', 'earlier', 'that', 'same', 'year.', 'The', 'final', 'performance', 'of', '""Seven', 'Dirty', 'Words,""', 'his', 'last', 'recorded', 'performance', 'of', 'the', 'routine,', 'features', ""Carlin's"", 'updated', 'list.', 'Comedy', 'Documentary', 'TVMovie']"
70086,George Carlin - On Location at USC,MartyCallner,http://www.georgecarlin.com,"['George', ""Carlin's"", 'first', 'ever', 'comedy', 'special,', 'filmed', 'live', 'at', 'the', 'University', 'of', 'Southern', 'California.', 'Here,', 'he', 'talks', 'about', 'monopoly,', 'flying', 'on', 'planes,', 'random', 'thoughts,', 'walking,', 'and', 'other', 'things.', 'TVMovie', 'Comedy', 'Documentary']"
25160,George Carlin: Doin' it Again,RoccoUrbisci,http://www.georgecarlin.com,"['George', 'Carlin', 'brings', 'his', 'comedy', 'back', 'to', 'New', 'Jersey', 'and', 'this', 'time', 'talks', 'about', 'Offensive', 'Language,', 'Euphemisms,', ""They're"", 'Only', 'Words,', 'Dogs,', 'Things', 'you', 'never', 'hear,', 'see', 'or', 'wanna', 'hear,', 'Some', 'people', 'are', 'stupid,', 'Cancer,', 'Feminists,', 'Good', 'Ideas,', 'Rape,', ""Life's"", 'moments,', 'and', 'organ', 'donors.', 'TVMovie', 'Comedy', 'Documentary']"
30649,Carlin on Campus,StevenJ.Santos,http://www.georgecarlin.com,"['George', 'Carlin', 'hits', 'the', 'boards', 'with', 'the', 'former', 'Hippie-Dippie', ""Weatherman's"", 'take', 'on', 'Brooklynese', 'pronunciations', 'of', 'the', 'names', 'of', 'sexually', 'transmitted', 'disease', '(""hoipes""),', 'plus', 'a', 'prayer', 'for', 'the', 'separation', 'of', 'church', 'and', 'state,', 'feuds', 'between', 'breakfast', 'foods,', 'and', 'the', 'absurdity', 'of', 'wearing', 'jungle', 'camouflage', 'in', 'a', 'desert.', 'Comedy', 'Documentary', 'TVMovie']"
34512,George Carlin: What Am I Doing in New Jersey?,BruceGowers,http://www.georgecarlin.com,"['George', 'Carlin', 'changes', 'his', 'act', 'by', 'bringing', 'politics', 'into', 'the', 'act,', 'but', 'also', 'talks', 'about', 'the', 'People', 'he', 'can', 'do', 'without,', 'Keeping', 'People', 'Alert,', 'and', 'Cars', 'and', 'Driving', 'part', '2.', 'Comedy', 'Documentary', 'TVMovie']"
401689,Mythica: The Godslayer,JohnLyde,http://www.mythicamovie.com/#!blank/iwc9x,"['As', 'the', 'Lich', ""King's"", 'zombie', 'legions', 'ravage', 'the', 'world,', 'a', 'cursed', 'young', 'sorceress', '(Marek)', 'embarks', 'on', 'a', 'quest', 'to', 'obtain', 'a', 'weapon', 'from', 'the', 'gods,', 'with', 'her', 'friend', 'Dagen,', 'a', 'self-serving', 'half-elf', 'rogue.', 'But', 'when', 'she', 'joins', 'her', 'sworn', 'enemy', 'in', 'a', 'desperate', 'attempt', 'to', 'save', 'the', 'world,', 'she', 'must', 'recover', 'the', 'good', 'in', 'herself', 'before', 'her', 'friends', 'are', 'all', 'dead,', 'and', 'defeat', 'the', 'Lich', 'King', 'before', 'the', 'gods', 'are', 'destroyed', 'and', 'the', 'world', 'forever', 'enslaved.', 'Adventure', 'Fantasy', 'Action']"
350312,Baahubali 2: The Conclusion,S.S.Rajamouli,http://baahubali.com/,"['When', 'Mahendra,', 'the', 'son', 'of', 'Bahubali,', 'learns', 'about', 'his', 'heritage,', 'he', 'begins', 'to', 'look', 'for', 'answers.', 'His', 'story', 'is', 'juxtaposed', 'with', 'past', 'events', 'that', 'unfolded', 'in', 'the', 'Mahishmati', 'Kingdom.', 'Action', 'Adventure', 'History', 'War']"
27046,The Irony of Fate. The Sequel,TimurBekmambetov,http://www.ironiasudbi.ru,"['Zhenya', 'and', 'Nadya', 'go', 'their', 'separate', 'ways.', 'Nadya', 'stuck', 'with', 'her', 'bureaucrat', 'boyfriend,', 'married', 'him', 'and', 'had', 'a', 'daughter,', 'also', 'called', 'Nadya.', 'Zhenya', 'married', 'and', 'had', 'a', 'son,', 'Konstantin.', 'Both', 'later', 'divorced.', 'More', 'than', '30', 'years', 'later,', 'Konstantin', 'ends', 'up', 'drunk', 'in', 'the', 'flat', 'where', 'the', 'younger', 'Nadya', 'finds', 'him.', 'He', 'is', 'there', 'as', 'part', 'of', 'a', 'convoluted', 'ruse', 'by', 'his', ""father's"", 'friends', 'to', 'get', 'Zhenya', 'back', 'into', 'the', 'arms', 'of', 'the', 'woman', 'with', 'whom', 'he', 'shared', 'a', 'magical', 'night.', 'The', 'waylaid', 'son', 'is', 'the', 'bait', 'to', 'get', 'Zhenya', 'back', 'to', 'Leningrad,', 'now', 'called', 'St.', 'Petersburg.', 'One', 'romance', 'is', 'rekindled', 'and', 'another', 'between', 'the', 'son', 'and', 'daughter', 'is', 'struck', 'up.', 'Comedy', 'Drama', 'Romance']"
360404,"Monster High: Boo York, Boo York",WilliamLau,http://www.monsterhigh.com/en-us/videos/index.html,"['The', 'ghouls', 'are', 'taking', 'a', 'bite', 'out', 'of', 'Boo', 'York!', 'The', 'De', 'Niles', 'are', 'hoping', 'to', 'meet', 'their', 'dynastic', 'destiny', 'and', 'carve', 'out', 'a', 'new', 'empire,', 'while', 'Catty', 'Noir', 'is', 'trying', 'to', 'find', 'her', 'music.', 'Together', 'the', 'ghouls', 'are', 'taking', 'Boo', 'York', 'by', 'storm.', 'Animation', 'Family']"
212470,Monster High: 13 Wishes,SteveSacks,http://www.monsterhigh13wishes.com,"['It’s', 'a', 'new', 'school', 'year', 'at', 'Monster', 'High™,', 'and', 'the', 'little', 'sister', 'of', 'Clawdeen', 'Wolf™,', 'Howleen,', 'is', 'determined', 'to', 'be', 'more', 'fangtastic', 'than', 'ever.', 'Her', 'dream', 'of', 'popularity', 'turns', 'out', 'to', 'be', 'easier', 'than', 'anyone', 'imagined', 'when', 'she', 'stumbles', 'upon', 'a', 'genie', 'named', 'Gigi', 'Grant™', 'who', 'grants', 'her', 'not', '3,', 'but', '13', 'Wishes!', 'But', 'the', 'ghouls', 'quickly', 'learn', 'to', 'be', 's-careful', 'what', 'you', 'wish', 'for', 'because', 'each', 'wish', 'comes', 'with', 'a', 'dark', 'side,', 'and', 'soon', 'the', 'student', 'disem-body', 'of', 'Monster', 'High™', 'is', 'turned', 'upside-down!', 'Join', 'Frankie', 'Stein™,', 'Clawdeen', 'Wolf™,', 'Draculaura™', 'and', 'the', 'rest', 'of', 'their', 'creeperiffic', 'ghoulfriends', 'as', 'they', 'journey', 'deep', 'inside', 'the', 'magic', 'lantern', 'to', 'save', 'the', 'very', 'soul', 'of', 'Monster', 'High™…', 'while', 'flashing', 'their', 'killer', 'style', 'every', 'step', 'of', 'the', 'way!', 'Family', 'Fantasy', 'Music', 'Animation']"
18575,Pigs,WładysławPasikowski,http://culture.pl/en/work/pigs-wladyslaw-pasikowski,"['In', 'good', 'old', 'days', 'Franz', 'Maurer', 'and', 'his', 'partners', 'from', 'secret', 'police', 'used', 'to', 'live', 'like', 'kings.', 'Now,', 'they', 'all', 'must', 'adapt', 'to', 'new', 'post-communist', 'environment', 'where', 'they', 'are', 'scorned', 'and', 'losing', 'all', 'the', 'privileges.', 'Some,', 'like', 'Franz,', 'are', 'like', 'ordinary', 'police', 'fighting', 'against', 'drug', 'dealers.', 'But', 'Franz', 'would', 'soon', 'find', 'that', 'some', 'of', 'his', 'friends', 'are', 'on', 'the', 'other', 'side.', 'Action']"
324852,Despicable Me 3,KyleBalda,http://www.despicable.me,"['Gru', 'and', 'his', 'wife', 'Lucy', 'must', 'stop', 'former', ""'80s"", 'child', 'star', 'Balthazar', 'Bratt', 'from', 'achieving', 'world', 'domination.', 'Action', 'Animation', 'Adventure', 'Family', 'Comedy']"
294682,Little Forest: Summer/Autumn,JunichiMori,https://web.archive.org/web/20160111092554/http://littleforest-movie.jp/,"['Abandoned', 'by', 'her', 'mother,', 'young', 'Ichiko', 'leaves', 'her', 'life', 'in', 'the', 'city', 'to', 'live', 'off', 'the', 'land', 'in', 'Komori,', 'a', 'small', 'town', 'nestled', 'among', 'the', 'mountains', 'in', 'rural', 'Japan.', 'Despite', 'the', 'void', 'left', 'by', 'her', 'mother’s', 'disappearance,', 'Ichiko', 'comes', 'to', 'enjoy', 'her', 'independence', 'and', 'revels', 'in', 'her', 'new-found', 'connection', 'with', 'food', 'and', 'the', 'elements.', 'Visually', 'luxuriant,', 'this', 'film', 'follows', 'Ichiko', 'through', 'one', 'summer', 'and', 'autumn,', 'as', 'she', 'learns', 'to', 'use', 'and', 'respect', 'the', 'time-honoured', 'wisdom', 'of', 'rural', 'folk', 'and', 'read', 'the', 'cycle', 'of', 'life', 'and', 'connectedness', 'in', 'the', 'environment', 'around', 'her.', 'Drama']"
17101,Bleach: The DiamondDust Rebellion,NoriyukiAbe,http://www.tv-tokyo.co.jp/bleach/2007/index.html,"['When', 'an', 'artifact', 'known', 'as', 'the', '""King\'s', 'Seal""', 'is', 'stolen', 'during', 'transport', 'from', 'Soul', 'Society,', 'Hitsugaya', 'Toushirou', 'is', 'assigned', 'to', 'retrieve', 'it.', 'Toushirou', 'goes', 'missing', 'after', 'a', 'battle', 'with', 'the', 'thieves,', 'leading', 'Seireitei', 'to', 'suspect', 'him', 'of', 'treachery.', 'They', 'order', 'his', 'immediate', 'capture', 'and', 'execution.', 'Unwilling', 'to', 'believe', 'him', 'capable', 'of', 'such', 'a', 'crime,', 'Ichigo,', 'Rangiku,', 'Rukia,', 'and', 'Renji', 'set', 'out', 'to', 'find', 'Toushirou.', 'Action', 'Animation', 'Adventure', 'Drama']"
53086,Paragraph 78: Film One,MikhailKhleborodov,http://www.p78.ru,"['The', 'peoples', 'of', 'the', 'world', 'has', 'finally', 'managed', 'to', 'agree', 'on', 'the', 'most', 'important', 'issues', 'on', 'the', 'planet', 'and', 'there', 'was', 'long', 'overdue', 'balance.', 'Signed', 'an', 'agreement', 'to', 'terminate', 'development', 'of', 'weapons', 'of', 'mass', 'destruction,', 'but', 'in', 'secret', 'all', 'the', 'superpowers', 'continue', 'to', 'build', 'up', 'military', 'power', 'on', 'classified', 'sites,', 'which', 'seemed', 'never', 'existed.', 'Goodwin,', 'a', 'former', 'commander', 'of', 'special', 'forces,', 'is', 'tasked', 'to', 'collect', 'his', 'former', 'people', 'responsible', 'for', 'the', 'mission.', 'Something', 'very', 'serious', 'has', 'happened', 'to', 'the', 'base', 'where', 'secretly', 'working', 'to', 'develop', 'a', 'new', 'combat', 'the', 'virus,', 'and', 'more', 'recent', 'cohorts,', 'who', 'have', 'almost', 'nothing', 'left', 'in', 'common,', 'have', 'come', 'together', 'again...', 'Thriller', 'Action', 'ScienceFiction']"
281338,War for the Planet of the Apes,MattReeves,http://www.foxmovies.com/movies/war-for-the-planet-of-the-apes,"['Caesar', 'and', 'his', 'apes', 'are', 'forced', 'into', 'a', 'deadly', 'conflict', 'with', 'an', 'army', 'of', 'humans', 'led', 'by', 'a', 'ruthless', 'Colonel.', 'After', 'the', 'apes', 'suffer', 'unimaginable', 'losses,', 'Caesar', 'wrestles', 'with', 'his', 'darker', 'instincts', 'and', 'begins', 'his', 'own', 'mythic', 'quest', 'to', 'avenge', 'his', 'kind.', 'As', 'the', 'journey', 'finally', 'brings', 'them', 'face', 'to', 'face,', 'Caesar', 'and', 'the', 'Colonel', 'are', 'pitted', 'against', 'each', 'other', 'in', 'an', 'epic', 'battle', 'that', 'will', 'determine', 'the', 'fate', 'of', 'both', 'their', 'species', 'and', 'the', 'future', 'of', 'the', 'planet.', 'Drama', 'ScienceFiction', 'War']"
70133,Sharpe's Rifles,TomClegg,http://www.sharpefilm.com/rifles/,"['During', 'the', 'Peninsular', 'War', 'in', 'Spain', 'against', 'the', 'French,', 'Sergeant', 'Richard', 'Sharpe', 'saves', 'the', 'life', 'of', 'Arthur', 'Wellesley,', 'the', 'future', 'Duke', 'of', 'Wellington', 'and', 'is', 'promoted', 'to', 'Lieutenant.', 'In', 'order', 'to', 'pay', 'the', 'troops', 'Wellesley', 'needs', 'a', 'money', 'draft', 'from', 'the', 'banker', 'Rothschild,', 'but', 'fears', 'he', 'has', 'been', 'captured', 'by', 'the', 'French', 'and', 'sends', 'Sharpe', 'behind', 'enemy', 'lines', 'to', 'find', 'him.', 'Sharpe', 'is', 'given', 'command', 'of', 'a', 'platoon', 'of', 'crack', 'riflemen,', 'led', 'by', 'the', 'surly', 'Irishman', 'Harper', 'and', 'including', 'Hagman', 'and', 'Harris,', 'who', 'resent', 'Sharpe', 'as', 'not', 'being', 'a', ""'proper"", ""officer'."", 'Action', 'Adventure', 'History', 'War']"
2791,The Chronicles of Riddick: Dark Fury,PeterChung,http://www.thechroniclesofriddick.com,"['After', 'their', 'narrow', 'escape', 'at', 'the', 'end', 'of', '""Pitch', 'Black,""', 'Riddick,', 'Jack', 'and', 'the', 'Imam', 'find', 'themselves', 'at', 'the', 'mercy', 'of', 'a', 'madwoman', 'who', 'intends', 'to', 'entomb', 'Riddick', 'forever', 'as', 'part', 'of', 'a', 'twisted', 'art', 'exhibit.', 'With', 'little', 'but', 'a', 'shiv', 'and', ""Riddick's"", 'innate', 'viciousness', 'to', 'aid', 'them,', 'Riddick', 'and', 'his', 'allies', 'must', 'find', 'a', 'way', 'to', 'escape', 'from', 'their', 'captor', 'and', 'her', 'band', 'of', 'mercenaries.', 'Action', 'Animation', 'ScienceFiction', 'Thriller']"
13981,Appleseed: Ex Machina,ShinjiAramaki,http://www.exmachina.jp/,"['As', 'members', 'of', 'ESWAT,', 'the', 'elite', 'forces', 'serving', 'Olympus,', 'Deunan', 'and', 'Briaereos', 'they', 'are', 'deployed', 'everywhere', 'trouble', 'strikes.', 'Olympus', 'finds', 'itself', 'under', 'a', 'stealth', 'attack', '-', 'cyborg', 'terrorism,', 'deadly', 'nanotech', 'zealots,', 'and', 'rioting', 'citizens', 'are', 'just', 'some', 'of', 'the', 'threats', 'that', 'Deunan', 'must', 'contend', 'with', 'as', 'she', 'fights', 'to', 'save', 'Olympus!', 'Animation', 'Action', 'Thriller', 'ScienceFiction']"
336890,Goon: Last of the Enforcers,JayBaruchel,https://www.facebook.com/GoonFilm/?fref=ts,"['During', 'a', 'pro', 'lockout,', 'Doug', '""The', 'Thug""', 'Glatt', 'is', 'injured', 'and', 'must', 'choose', 'whether', 'to', 'defend', 'his', 'team', 'against', 'a', 'dangerous', 'new', 'enemy,', 'or', 'be', 'there', 'for', 'his', 'wife', 'as', 'she', 'prepares', 'to', 'give', 'birth', 'to', 'his', 'daughter.', 'Comedy']"
335988,Transformers: The Last Knight,MichaelBay,http://www.transformersmovie.com/,"['Autobots', 'and', 'Decepticons', 'are', 'at', 'war,', 'with', 'humans', 'on', 'the', 'sidelines.', 'Optimus', 'Prime', 'is', 'gone.', 'The', 'key', 'to', 'saving', 'our', 'future', 'lies', 'buried', 'in', 'the', 'secrets', 'of', 'the', 'past,', 'in', 'the', 'hidden', 'history', 'of', 'Transformers', 'on', 'Earth.', 'Action', 'ScienceFiction', 'Thriller', 'Adventure']"
422842,"Hailey Dean Mystery: Murder, With Love",TerryIngram,http://www.hallmarkmoviesandmysteries.com/hailey-dean-mystery-murder-with-love,"['Former', 'prosecutor-turned-therapist', 'Hailey', 'Dean', 'is', 'a', 'powerhouse,', 'Mensa', 'bright,', 'and', 'acutely', 'observant.', 'During', 'a', 'tragic', 'week,', 'one', 'of', 'her', 'patients', 'loses', 'her', 'parents', 'to', 'separate', 'fatal', 'accidents', 'along', 'with', 'millions', 'of', 'dollars', 'that', 'has', 'seemingly', 'vanished', 'into', 'thin', 'air.', 'When', 'the', 'police', 'begin', 'to', 'question', ""Hailey's"", 'patient,', 'shes', 'knows', 'she', 'is', 'innocent.', 'But', 'who', 'is', 'the', 'culprit?', 'TVMovie', 'Mystery']"
417489,Bon Cop Bad Cop 2,AlainDesrochers,http://bcbc2.ca/en/,"['Ward', 'and', 'Bouchard', 'must', 'face', 'an', 'important', 'car', 'theft', 'ring', 'that', 'turns', 'out', 'to', 'be', 'a', 'lot', 'more', 'than', 'they', 'bargained', 'for:', 'one', 'where', 'the', 'stolen', 'cars', 'will', 'serve', 'as', 'bombs', 'in', 'a', 'well', 'planned', 'terrorist', 'attack.', 'Crime', 'Comedy', 'Action']"
